Brand and Model,Brand,Status,Brand Origin,Color,SIM Count,Internal Storage(GB),RAM(GB),Price(Toman)
سامسونگ Galaxy Note20 Ultra 5G,سامسونگ,در حد نو,اصل,سفید,2,256.0,12.0,24600000
سامسونگ Galaxy A7 (2017),سامسونگ,در حد نو,اصل,طلایی,2,32.0,3.0,2500000
اپل iPhone 11 Pro Max,اپل,در حد نو,اصل,خاکستری,1,256.0,4.0,32000000
سامسونگ Galaxy M31s,سامسونگ,کارکرده,اصل,آبی,2,128.0,8.0,8500000
نوکیا 2,نوکیا,در حد نو,اصل,مشکی,2,8.0,1.0,1700000
سامسونگ Galaxy Note20 Ultra 5G,سامسونگ,در حد نو,اصل,قهوه‌ای,2,256.0,12.0,22000000
سامسونگ Galaxy S10,سامسونگ,در حد نو,اصل,آبی,2,128.0,8.0,8900000
سامسونگ Galaxy S21+ 5G,سامسونگ,در حد نو,اصل,نقره‌ای,2,256.0,8.0,16800000
هواوی Mate 30 Pro 5G,هواوی,در حد نو,اصل,سبز,2,256.0,8.0,20000000
سامسونگ Galaxy Note10+,سامسونگ,در حد نو,اصل,مشکی,2,256.0,12.0,13000000
شیائومی Mi 9T,شیائومی,در حد نو,اصل,آبی,2,128.0,6.0,4900000
سایر,سایر,در حد نو,اصل,آبی,2,256.0,8.0,12200000
شیائومی Mi 10 5G,شیائومی,در حد نو,اصل,سبز,2,256.0,8.0,9900000
اپل iPhone 7,اپل,در حد نو,اصل,مشکی,1,128.0,2.0,3500000
اپل iPhone 13,اپل,در حد نو,اصل,مشکی,2,128.0,4.0,41000000
شیائومی Mi 10T 5G,شیائومی,در حد نو,اصل,مشکی,2,128.0,8.0,9800000
اپل iPhone XS,اپل,نو,اصل,خاکستری,1,256.0,4.0,12000000
اپل iPhone X,اپل,نو,اصل,نقره‌ای,1,256.0,3.0,8000000
اپل iPhone 6,اپل,نیاز به تعمیر,اصل,نقره‌ای,1,16.0,1.0,1000000
اپل iPhone 13,اپل,در حد نو,اصل,آبی,2,128.0,4.0,42200000
اپل iPhone XS,اپل,در حد نو,اصل,نقره‌ای,1,256.0,4.0,19500000
اپل iPhone 13 Pro Max,اپل,در حد نو,اصل,طلایی,1,256.0,6.0,78000000
اپل iPhone X,اپل,کارکرده,اصل,خاکستری,1,64.0,3.0,10500000
اپل iPhone 6,اپل,نیاز به تعمیر,اصل,خاکستری,1,32.0,1.0,800000
اپل iPhone 13,اپل,در حد نو,اصل,مشکی,2,128.0,4.0,46000000
گوگل Pixel,گوگل,نو,اصل,مشکی,1,128.0,4.0,31000000
اپل iPhone 13 Pro Max,اپل,نو,اصل,آبی,2,256.0,6.0,81000000
سامسونگ Galaxy S6 edge,سامسونگ,کارکرده,اصل,طلایی,1,32.0,3.0,500000
سامسونگ Galaxy A51,سامسونگ,در حد نو,اصل,مشکی,2,128.0,6.0,5500000
سامسونگ Galaxy J7,سامسونگ,نیاز به تعمیر,اصل,طلایی,2,16.0,1.5,600000
اپل iPhone SE (2020),اپل,در حد نو,اصل,سفید,1,64.0,3.0,10000000
اپل iPhone 13,اپل,در حد نو,اصل,سفید,2,128.0,4.0,45000000
اپل iPhone 13 Pro,اپل,در حد نو,اصل,طلایی,2,256.0,6.0,92000000
اپل iPhone 6s,اپل,کارکرده,اصل,طلایی,1,64.0,2.0,4300000
اپل iPhone 11,اپل,در حد نو,اصل,سفید,1,64.0,4.0,21500000
اپل iPhone XS,اپل,در حد نو,اصل,طلایی,1,64.0,4.0,11000000
شیائومی Redmi Note 10 Pro,شیائومی,نیاز به تعمیر,اصل,خاکستری,2,128.0,6.0,3000000
اپل iPhone 12 Pro,اپل,در حد نو,اصل,طلایی,1,256.0,6.0,40000000
بلک‌بری DTEK50,بلک‌بری,کارکرده,اصل,مشکی,2,16.0,3.0,5000000
سامسونگ Galaxy A12,سامسونگ,کارکرده,اصل,سفید,2,128.0,4.0,4550000
سامسونگ Galaxy S20 FE,سامسونگ,در حد نو,اصل,بنفش,2,128.0,6.0,15500000
اپل iPhone 13,اپل,نو,اصل,آبی,2,128.0,4.0,41000000
سایر,سایر,نو,اصل,مشکی,2,64.0,8.0,7500000
اپل iPhone 13 Pro Max,اپل,در حد نو,اصل,آبی,2,256.0,6.0,78000000
اپل iPhone 13,اپل,نو,اصل,سفید,2,128.0,4.0,9000000
سامسونگ Galaxy Note10+,سامسونگ,در حد نو,اصل,مشکی,2,256.0,12.0,17500000
اپل iPhone 12 Pro Max,اپل,در حد نو,اصل,آبی,2,256.0,6.0,47500000
سامسونگ Galaxy A52,سامسونگ,در حد نو,اصل,مشکی,2,256.0,8.0,5500000
اپل iPhone 13,اپل,نو,اصل,سفید,2,128.0,4.0,48000000
اپل iPhone 13 Pro Max,اپل,در حد نو,غیر اصل,طلایی,2,128.0,6.0,3500000
هواوی nova 2 plus,هواوی,در حد نو,اصل,طلایی,2,64.0,4.0,3500000
بلک‌بری Priv,بلک‌بری,کارکرده,اصل,مشکی,1,32.0,3.0,2000000
سایر,سایر,کارکرده,اصل,مشکی,2,8.0,8.0,15000000
اپل iPhone 13,اپل,در حد نو,اصل,سفید,2,128.0,4.0,39500000
اپل iPhone 6s,اپل,در حد نو,اصل,نقره‌ای,1,16.0,2.0,4800000
اپل iPhone 6s,اپل,در حد نو,اصل,طلایی,1,64.0,2.0,4000000
اپل iPhone 13,اپل,نو,اصل,مشکی,2,128.0,4.0,44000000
اپل iPhone 6s,اپل,کارکرده,اصل,طلایی,1,64.0,2.0,4000000
سونی Xperia XZ3,سونی,در حد نو,اصل,مشکی,2,64.0,4.0,4000000
شیائومی Poco X3 NFC,شیائومی,کارکرده,اصل,آبی,2,128.0,6.0,4000000
سامسونگ Galaxy A20s,سامسونگ,در حد نو,اصل,مشکی,2,32.0,4.0,3800000
اپل iPhone 12,اپل,در حد نو,اصل,سفید,2,128.0,4.0,24800000
اپل iPhone 13,اپل,در حد نو,اصل,آبی,1,256.0,4.0,39000000
اپل iPhone 13,اپل,نو,اصل,سفید,2,128.0,4.0,43000000
اپل iPhone 13,اپل,نو,اصل,سفید,2,128.0,4.0,25000000
سامسونگ Galaxy S21+ 5G,سامسونگ,در حد نو,اصل,مشکی,2,256.0,8.0,14000000
سامسونگ Galaxy A71,سامسونگ,در حد نو,اصل,مشکی,2,128.0,8.0,7500000
اپل iPhone 6s,اپل,در حد نو,اصل,طلایی,1,64.0,2.0,1310000
شیائومی Redmi Note 8,شیائومی,در حد نو,اصل,آبی,2,64.0,4.0,3950000
اپل iPhone 13,اپل,نو,اصل,مشکی,2,512.0,4.0,6900000
سامسونگ,سامسونگ,نو,اصل,آبی,2,256.0,8.0,1000000
اپل iPhone 13,اپل,نو,اصل,مشکی,2,128.0,4.0,12000000
سامسونگ Galaxy A01 Core,سامسونگ,در حد نو,اصل,آبی,2,16.0,1.0,2500000
اپل iPhone 13,اپل,نو,اصل,صورتی,2,128.0,4.0,1000000
اپل iPhone 13,اپل,نو,اصل,مشکی,2,128.0,4.0,50000000
اپل iPhone 7 Plus,اپل,در حد نو,اصل,مشکی,1,128.0,3.0,6200000
هواوی nova 3i,هواوی,کارکرده,اصل,مشکی,2,128.0,4.0,3000000
شیائومی 11T Pro,شیائومی,در حد نو,اصل,خاکستری,2,256.0,8.0,12000000
سامسونگ Galaxy Note 4,سامسونگ,کارکرده,اصل,طلایی,1,32.0,3.0,2500000
سامسونگ Galaxy J6,سامسونگ,کارکرده,اصل,طلایی,2,32.0,3.0,2400000
اپل iPhone 7 Plus,اپل,در حد نو,اصل,مشکی,1,256.0,3.0,6700000
اپل iPhone 13 Pro,اپل,کارکرده,اصل,آبی,2,256.0,6.0,71000000
سامسونگ Galaxy A71,سامسونگ,در حد نو,اصل,نقره‌ای,2,128.0,6.0,5800000
شیائومی,شیائومی,نو,اصل,صورتی,2,256.0,12.0,1000000
اپل iPhone 13,اپل,کارکرده,اصل,سفید,2,128.0,4.0,40000000
اپل iPhone 13 Pro,اپل,در حد نو,اصل,آبی,2,256.0,6.0,68000000
سامسونگ Galaxy A10s,سامسونگ,در حد نو,اصل,مشکی,2,32.0,2.0,2000000
اپل iPhone 13,اپل,نو,اصل,سفید,2,256.0,4.0,1000000
اپل iPhone 12 Pro Max,اپل,در حد نو,اصل,آبی,2,128.0,6.0,19000000
اپل iPhone 13 Pro Max,اپل,در حد نو,اصل,آبی,2,256.0,6.0,35000000
اپل iPhone 12 Pro,اپل,در حد نو,اصل,آبی,2,256.0,6.0,16000000
سامسونگ Galaxy A70,سامسونگ,کارکرده,اصل,مشکی,2,128.0,6.0,4800000
اپل iPhone 13,اپل,در حد نو,اصل,آبی,2,128.0,4.0,44000000
اپل iPhone 12 Pro Max,اپل,کارکرده,اصل,آبی,2,128.0,6.0,21000000
اپل iPhone XS Max,اپل,در حد نو,اصل,خاکستری,1,256.0,4.0,24500000
شیائومی,شیائومی,نو,اصل,مشکی,2,256.0,12.0,1000000
اپل iPhone 13 Pro Max,اپل,در حد نو,اصل,طلایی,2,128.0,6.0,45000000
اپل iPhone 13 Pro Max,اپل,در حد نو,اصل,نقره‌ای,2,256.0,6.0,82000000
اپل iPhone 13 Pro,اپل,نو,اصل,آبی,2,256.0,6.0,1000000
اپل iPhone 12 Pro Max,اپل,نو,اصل,آبی,2,256.0,6.0,26000000
اپل iPhone 13,اپل,نو,اصل,آبی,2,128.0,4.0,19000000
سامسونگ Galaxy S10+,سامسونگ,نیاز به تعمیر,اصل,مشکی,2,128.0,8.0,7000000
اپل iPhone 13 Pro Max,اپل,در حد نو,اصل,نقره‌ای,2,256.0,6.0,31000000
اپل iPhone 13 Pro Max,اپل,در حد نو,اصل,آبی,2,256.0,6.0,34000000
اپل iPhone 11 Pro Max,اپل,در حد نو,اصل,خاکستری,2,256.0,4.0,15000000
اپل iPhone 12 Pro,اپل,در حد نو,اصل,طلایی,2,256.0,6.0,16000000
اپل iPhone 13,اپل,نو,اصل,سفید,2,128.0,4.0,30000000
اپل iPhone 11,اپل,در حد نو,اصل,سفید,2,128.0,4.0,10000000
شیائومی Poco X3 Pro,شیائومی,در حد نو,اصل,آبی,2,256.0,8.0,6200000
اپل iPhone 11,اپل,در حد نو,اصل,مشکی,2,128.0,4.0,10000000
اپل iPhone 13 Pro Max,اپل,نو,اصل,آبی,1,512.0,6.0,80000000
اپل iPhone 11,اپل,در حد نو,اصل,سبز,2,128.0,4.0,5400000
اپل,اپل,نو,اصل,آبی,2,256.0,6.0,15000000
اپل iPhone 13,اپل,نو,اصل,سفید,2,128.0,4.0,10000000
اپل iPhone 7 Plus,اپل,کارکرده,اصل,طلایی,1,32.0,3.0,4900000
اپل iPhone 12 Pro,اپل,در حد نو,اصل,نقره‌ای,2,256.0,6.0,10000000
سامسونگ Galaxy J5,سامسونگ,کارکرده,اصل,سفید,2,8.0,1.5,1600000
اپل iPhone 12 Pro Max,اپل,در حد نو,اصل,طلایی,2,256.0,6.0,15000000
اپل iPhone XR,اپل,در حد نو,اصل,آبی,1,128.0,3.0,11500000
اپل iPhone XS,اپل,در حد نو,اصل,نقره‌ای,1,256.0,4.0,17300000
اپل iPhone 13 Pro Max,اپل,در حد نو,اصل,آبی,2,256.0,6.0,33000000
اپل iPhone 11,اپل,در حد نو,اصل,سبز,2,128.0,4.0,12000000
اپل iPhone 6,اپل,کارکرده,اصل,خاکستری,1,64.0,1.0,2700000
شیائومی 11T Pro,شیائومی,در حد نو,اصل,خاکستری,2,256.0,12.0,17500000
سامسونگ Galaxy S10+,سامسونگ,کارکرده,اصل,مشکی,2,128.0,8.0,8700000
اپل iPhone 13,اپل,نو,اصل,مشکی,2,128.0,4.0,25000000
اپل iPhone 13,اپل,نو,اصل,آبی,2,256.0,4.0,50500000
اپل iPhone 13,اپل,در حد نو,اصل,مشکی,1,128.0,4.0,43500000
شیائومی Redmi 9,شیائومی,در حد نو,اصل,خاکستری,2,64.0,4.0,4600000
اپل iPhone 11,اپل,در حد نو,اصل,مشکی,1,128.0,4.0,8000000
اپل iPhone 13,اپل,در حد نو,اصل,صورتی,2,128.0,4.0,8000000
اپل,اپل,نو,اصل,سفید,2,256.0,6.0,1000000
اپل iPhone 13,اپل,کارکرده,اصل,سفید,2,128.0,4.0,16000000
اپل iPhone 7,اپل,در حد نو,اصل,مشکی,1,128.0,2.0,5000000
اپل iPhone 13,اپل,نو,اصل,سفید,2,128.0,4.0,49000000
اپل iPhone 11 Pro Max,اپل,در حد نو,اصل,خاکستری,2,256.0,4.0,16000000
اپل iPhone 13,اپل,در حد نو,اصل,آبی,2,128.0,4.0,42000000
سامسونگ Galaxy A32,سامسونگ,کارکرده,اصل,مشکی,2,128.0,8.0,5900000
اپل iPhone 13 Pro Max,اپل,کارکرده,اصل,طلایی,2,256.0,6.0,29500000
اپل iPhone 13 Pro,اپل,در حد نو,اصل,آبی,1,512.0,6.0,61000000
اپل iPhone 13,اپل,در حد نو,اصل,مشکی,2,128.0,4.0,43900000
سامسونگ I9506 Galaxy S4,سامسونگ,کارکرده,اصل,مشکی,1,16.0,2.0,2000000
اپل iPhone 7 Plus,اپل,در حد نو,اصل,مشکی,1,128.0,3.0,6300000
سامسونگ Galaxy A12,سامسونگ,نیاز به تعمیر,اصل,آبی,2,64.0,4.0,1600000
اپل iPhone 12 Pro Max,اپل,در حد نو,اصل,آبی,2,256.0,6.0,25000000
سامسونگ Galaxy S9,سامسونگ,کارکرده,اصل,مشکی,2,64.0,4.0,6900000
اپل iPhone 12 Pro Max,اپل,کارکرده,اصل,آبی,2,256.0,6.0,36000000
اپل iPhone 7,اپل,کارکرده,اصل,طلایی,1,128.0,2.0,5000000
سامسونگ Galaxy A7 (2016),سامسونگ,در حد نو,اصل,سفید,2,16.0,3.0,3000000
اپل iPhone 11 Pro Max,اپل,در حد نو,اصل,طلایی,2,256.0,4.0,29700000
سامسونگ Galaxy A02,سامسونگ,کارکرده,اصل,مشکی,2,32.0,2.0,2400000
اپل iPhone 13,اپل,نو,اصل,مشکی,2,128.0,4.0,18000000
اپل iPhone 12 Pro,اپل,در حد نو,اصل,آبی,2,256.0,6.0,26000000
آنر 7S,آنر,در حد نو,اصل,آبی,2,16.0,2.0,1150000
اپل iPhone 12,اپل,در حد نو,اصل,مشکی,2,128.0,4.0,14000000
اپل iPhone 13,اپل,در حد نو,اصل,آبی,2,128.0,4.0,41000000
اپل iPhone 13,اپل,در حد نو,اصل,مشکی,2,128.0,4.0,18000000
اپل iPhone 13,اپل,نو,اصل,مشکی,2,128.0,4.0,48500000
اپل,اپل,نو,اصل,مشکی,2,128.0,6.0,41000000
اپل iPhone 11,اپل,در حد نو,اصل,سفید,2,128.0,4.0,11000000
اپل iPhone 11 Pro,اپل,در حد نو,اصل,طلایی,1,256.0,4.0,25000000
اپل iPhone X,اپل,در حد نو,اصل,نقره‌ای,1,64.0,3.0,12000000
اپل iPhone 11,اپل,کارکرده,اصل,سفید,2,128.0,4.0,9000000
اپل iPhone 13,اپل,نو,اصل,مشکی,2,128.0,4.0,3000000
سامسونگ Galaxy A01,سامسونگ,در حد نو,اصل,مشکی,2,16.0,2.0,2500000
اپل iPhone 13 Pro,اپل,کارکرده,اصل,آبی,2,128.0,6.0,26000000
اپل iPhone 13,اپل,در حد نو,اصل,سفید,1,128.0,4.0,44000000
اپل iPhone 12,اپل,کارکرده,اصل,آبی,1,128.0,4.0,12000000
اپل iPhone 13,اپل,نو,اصل,سفید,2,256.0,4.0,64000000
اپل iPhone 11 Pro,اپل,کارکرده,اصل,طلایی,2,256.0,4.0,15000000
اپل iPhone 13,اپل,در حد نو,اصل,سفید,2,128.0,4.0,39000000
اپل iPhone 13,اپل,نو,اصل,مشکی,2,128.0,4.0,47500000
اپل iPhone 13,اپل,نو,اصل,مشکی,1,128.0,4.0,47000000
اپل iPhone 6s,اپل,در حد نو,اصل,طلایی,1,64.0,2.0,4700000
اپل iPhone XS Max,اپل,در حد نو,اصل,طلایی,2,64.0,4.0,13750000
اپل iPhone 4,اپل,کارکرده,اصل,سفید,1,16.0,0.512,800000
اپل iPhone 13 Pro,اپل,نو,اصل,آبی,2,1000.0,6.0,105000000
اپل iPhone 13,اپل,در حد نو,اصل,مشکی,2,128.0,4.0,42000000
اپل iPhone 11 Pro,اپل,در حد نو,اصل,طلایی,2,64.0,4.0,10000000
اپل iPhone 11,اپل,در حد نو,اصل,سفید,2,128.0,4.0,8000000
سامسونگ Galaxy A51,سامسونگ,در حد نو,اصل,مشکی,2,128.0,6.0,3500000
اپل iPhone 11 Pro Max,اپل,در حد نو,اصل,سبز,2,256.0,4.0,16000000
اپل iPhone 13 Pro,اپل,نو,اصل,آبی,2,1000.0,6.0,95000000
اپل iPhone 13,اپل,در حد نو,اصل,سفید,2,128.0,4.0,8000000
اپل iPhone 13 Pro Max,اپل,در حد نو,اصل,آبی,2,256.0,6.0,80000000
اپل iPhone 7 Plus,اپل,کارکرده,اصل,طلایی,1,128.0,3.0,7500000
هواوی P30 lite,هواوی,در حد نو,اصل,مشکی,2,128.0,6.0,3200000
سامسونگ Galaxy A52 5G,سامسونگ,نو,اصل,مشکی,2,128.0,8.0,10300000
اپل iPhone 11,اپل,در حد نو,اصل,مشکی,2,128.0,4.0,5000000
اپل iPhone 13,اپل,نو,اصل,آبی,2,128.0,4.0,10000000
اپل iPhone 13,اپل,در حد نو,اصل,مشکی,2,256.0,4.0,50000000
سامسونگ Galaxy A7 Duos,سامسونگ,در حد نو,اصل,سفید,2,16.0,2.0,1000000
اپل iPhone 11,اپل,در حد نو,اصل,سفید,2,128.0,4.0,19800000
سامسونگ Galaxy S21 5G,سامسونگ,در حد نو,اصل,خاکستری,2,128.0,8.0,15000000
اپل iPhone X,اپل,کارکرده,اصل,خاکستری,1,64.0,3.0,11850000
اپل iPhone 13,اپل,نو,اصل,سفید,2,128.0,4.0,49500000
اپل iPhone 13,اپل,در حد نو,اصل,آبی,2,128.0,4.0,25000000
اپل iPhone 11,اپل,کارکرده,اصل,بنفش,1,128.0,4.0,21500000
اپل iPhone 12,اپل,کارکرده,اصل,آبی,2,128.0,4.0,20000000
اپل iPhone 13 Pro Max,اپل,نو,اصل,آبی,1,256.0,6.0,85000000
سامسونگ Galaxy S10,سامسونگ,نیاز به تعمیر,اصل,مشکی,2,128.0,8.0,3500000
شیائومی Redmi Note 10,شیائومی,در حد نو,اصل,مشکی,2,128.0,6.0,6100000
اپل iPhone 12 Pro,اپل,در حد نو,اصل,طلایی,2,256.0,6.0,10000000
اپل iPhone 11 Pro,اپل,کارکرده,اصل,سبز,1,256.0,4.0,27500000
اپل iPhone 13,اپل,نو,اصل,سفید,2,128.0,4.0,15000000
اپل iPhone XS,اپل,کارکرده,اصل,طلایی,1,64.0,4.0,16000000
اپل iPhone 13 Pro Max,اپل,در حد نو,اصل,نقره‌ای,2,256.0,6.0,78000000
اپل iPhone 13,اپل,نو,اصل,مشکی,2,128.0,4.0,15000000
اپل iPhone 12 Pro,اپل,در حد نو,اصل,آبی,2,256.0,6.0,18000000
اپل iPhone 11 Pro Max,اپل,در حد نو,اصل,خاکستری,1,256.0,4.0,23000000
اپل iPhone 13,اپل,نو,اصل,مشکی,2,128.0,4.0,40500000
سامسونگ Galaxy A72,سامسونگ,در حد نو,اصل,مشکی,2,128.0,8.0,8500000
اپل iPhone 11,اپل,در حد نو,اصل,زرد,1,128.0,4.0,20000000
اپل iPhone 13,اپل,نو,اصل,سفید,2,128.0,4.0,22000000
اپل iPhone 12 Pro Max,اپل,در حد نو,اصل,آبی,2,256.0,6.0,14000000
اپل iPhone 12,اپل,در حد نو,اصل,سفید,2,128.0,4.0,11000000
اپل iPhone 13,اپل,در حد نو,اصل,صورتی,2,128.0,4.0,34000000
اپل iPhone 12 Pro Max,اپل,در حد نو,اصل,نقره‌ای,2,256.0,6.0,49800000
اپل iPhone 12 Pro,اپل,در حد نو,اصل,طلایی,2,256.0,6.0,39800000
اپل iPhone 12 Pro Max,اپل,در حد نو,اصل,آبی,2,256.0,6.0,51000000
اپل iPhone 13 Pro,اپل,کارکرده,اصل,طلایی,1,128.0,6.0,62000000
اپل iPhone 11,اپل,در حد نو,اصل,سبز,2,128.0,4.0,26000000
سامسونگ Galaxy J3 (2016),سامسونگ,کارکرده,اصل,طلایی,1,16.0,2.0,1000000
سامسونگ Galaxy S20+ 5G,سامسونگ,در حد نو,اصل,مشکی,2,128.0,12.0,17500000
اپل iPhone 12 Pro,اپل,در حد نو,اصل,آبی,2,256.0,6.0,14000000
سامسونگ Galaxy A51,سامسونگ,در حد نو,اصل,مشکی,2,128.0,6.0,5700000
ایسوس Zenfone 3 ZE552KL,ایسوس,نیاز به تعمیر,اصل,سفید,2,64.0,4.0,1000000
اپل iPhone 11,اپل,در حد نو,اصل,سبز,1,256.0,4.0,15000000
اپل iPhone 13,اپل,نو,اصل,مشکی,2,128.0,4.0,14000000
اپل iPhone 12,اپل,در حد نو,اصل,مشکی,2,128.0,4.0,16500000
شیائومی 11T Pro,شیائومی,در حد نو,اصل,خاکستری,2,256.0,12.0,20450000
اپل iPhone 13,اپل,در حد نو,اصل,سفید,2,256.0,4.0,23000000
اپل iPhone 11,اپل,کارکرده,اصل,سفید,2,128.0,4.0,11000000
اپل iPhone 13,اپل,نو,اصل,مشکی,2,128.0,4.0,47800000
سامسونگ Galaxy S8+,سامسونگ,در حد نو,اصل,طلایی,2,64.0,4.0,5700000
اپل,اپل,نو,اصل,مشکی,2,256.0,8.0,1000000
اپل iPhone 13,اپل,در حد نو,اصل,آبی,2,128.0,4.0,42500000
شیائومی Redmi 9,شیائومی,در حد نو,اصل,خاکستری,2,64.0,4.0,4500000
شیائومی Mi 10T 5G,شیائومی,در حد نو,اصل,نقره‌ای,2,128.0,8.0,10000000
سایر,سایر,نو,اصل,قرمز,2,512.0,12.0,1000000
اپل iPhone 12 Pro,اپل,نو,اصل,آبی,2,256.0,6.0,11000000
اپل iPhone 11 Pro Max,اپل,نو,اصل,نقره‌ای,2,256.0,4.0,10000000
اپل iPhone 13,اپل,نو,اصل,مشکی,2,128.0,4.0,19000000
اپل iPhone 13,اپل,کارکرده,اصل,آبی,2,128.0,4.0,39000000
اپل iPhone 13,اپل,در حد نو,اصل,مشکی,2,128.0,4.0,37800000
اپل iPhone 12 Pro Max,اپل,در حد نو,اصل,طلایی,2,256.0,6.0,11200000
اپل iPhone 13 Pro Max,اپل,در حد نو,اصل,آبی,1,512.0,6.0,41000000
سامسونگ Galaxy S21 5G,سامسونگ,نو,اصل,خاکستری,2,256.0,8.0,21000000
اپل iPhone 13 Pro Max,اپل,کارکرده,اصل,نقره‌ای,2,256.0,6.0,74800000
اپل iPhone 12,اپل,در حد نو,اصل,سفید,1,128.0,4.0,28000000
اپل iPhone 13,اپل,در حد نو,اصل,سفید,2,128.0,4.0,39400000
هواوی Y5 (2019),هواوی,در حد نو,اصل,مشکی,2,32.0,2.0,2100000
اپل iPhone 13,اپل,نو,اصل,صورتی,2,128.0,4.0,42000000
اپل iPhone 13,اپل,در حد نو,اصل,آبی,2,128.0,4.0,20000000
اپل iPhone 11 Pro Max,اپل,در حد نو,اصل,سبز,2,256.0,4.0,18000000
شیائومی 11T,شیائومی,در حد نو,اصل,خاکستری,2,128.0,8.0,12000000
سامسونگ Galaxy A12,سامسونگ,در حد نو,اصل,مشکی,2,128.0,4.0,4850000
اپل iPhone 12 Pro,اپل,در حد نو,اصل,آبی,2,256.0,6.0,44500000
سامسونگ Galaxy A52,سامسونگ,نو,اصل,مشکی,2,256.0,8.0,2000000
اپل iPhone 13 Pro Max,اپل,در حد نو,اصل,طلایی,2,256.0,6.0,19000000
اپل iPhone X,اپل,در حد نو,اصل,خاکستری,1,256.0,3.0,13500000
اپل iPhone 13 Pro Max,اپل,کارکرده,اصل,طلایی,2,256.0,6.0,28000000
اپل iPhone 6s Plus,اپل,کارکرده,اصل,نقره‌ای,1,64.0,2.0,2500000
اپل iPhone 7 Plus,اپل,در حد نو,اصل,مشکی,1,256.0,3.0,8350000
اپل iPhone 11 Pro Max,اپل,نو,اصل,خاکستری,1,512.0,4.0,73700000
اپل iPhone 12 Pro,اپل,کارکرده,اصل,طلایی,2,256.0,6.0,19000000
اپل iPhone 11 Pro,اپل,در حد نو,اصل,نقره‌ای,1,256.0,4.0,16000000
اپل iPhone 12 Pro Max,اپل,در حد نو,اصل,آبی,2,256.0,6.0,27000000
اپل iPhone 11,اپل,در حد نو,اصل,مشکی,2,128.0,4.0,13000000
اپل iPhone 13,اپل,در حد نو,اصل,سفید,2,128.0,4.0,7600000
اپل iPhone 13 Pro,اپل,در حد نو,اصل,آبی,2,256.0,6.0,16000000
اپل,اپل,نو,غیر اصل,مشکی,2,128.0,6.0,4190000
سامسونگ Galaxy A3 (2017),سامسونگ,نو,اصل,مشکی,2,16.0,2.0,3700000
اپل iPhone 7,اپل,در حد نو,اصل,نقره‌ای,1,128.0,2.0,5400000
سامسونگ Galaxy Note10+,سامسونگ,کارکرده,اصل,سفید,2,256.0,12.0,15800000
اپل iPhone 11,اپل,در حد نو,اصل,سفید,2,128.0,4.0,5000000
اپل iPhone 13,اپل,در حد نو,اصل,مشکی,2,128.0,4.0,44000000
سامسونگ Galaxy Note10+,سامسونگ,در حد نو,اصل,مشکی,2,256.0,12.0,15000000
شیائومی Poco X3 Pro,شیائومی,در حد نو,اصل,آبی,2,128.0,8.0,6000000
اپل iPhone 6s,اپل,در حد نو,اصل,خاکستری,1,64.0,2.0,4000000
اپل iPhone 13,اپل,نو,اصل,مشکی,2,128.0,4.0,10000000
اپل iPhone 13 Pro,اپل,در حد نو,اصل,نقره‌ای,2,256.0,6.0,15000000
اپل iPhone 13,اپل,نو,اصل,صورتی,2,128.0,4.0,14000000
شیائومی Mi 11i,شیائومی,در حد نو,اصل,مشکی,2,256.0,8.0,25800000
شیائومی Redmi Note 10 Pro Max,شیائومی,در حد نو,اصل,آبی,2,128.0,6.0,5900000
اپل iPhone 13,اپل,نو,اصل,آبی,2,128.0,4.0,1111111
اپل iPhone 12 Pro Max,اپل,کارکرده,اصل,آبی,2,256.0,6.0,47500000
سامسونگ Galaxy A32,سامسونگ,در حد نو,اصل,مشکی,2,128.0,6.0,5800000
اپل iPhone 11 Pro Max,اپل,در حد نو,اصل,خاکستری,2,256.0,4.0,10000000
اپل iPhone 11 Pro,اپل,در حد نو,اصل,خاکستری,2,256.0,4.0,8000000
اپل iPhone 11,اپل,در حد نو,اصل,سبز,2,128.0,4.0,7000000
اپل iPhone 13 Pro Max,اپل,در حد نو,اصل,آبی,2,256.0,6.0,40000000
سایر,سایر,نو,اصل,مشکی,2,64.0,8.0,111222333
اپل iPhone XS Max,اپل,در حد نو,اصل,خاکستری,2,256.0,4.0,10000000
اپل iPhone XS Max,اپل,کارکرده,اصل,طلایی,1,256.0,4.0,19000000
اپل iPhone XS Max,اپل,کارکرده,اصل,خاکستری,2,256.0,4.0,10000000
اپل iPhone 12 Pro Max,اپل,در حد نو,اصل,طلایی,2,256.0,6.0,25000000
اپل iPhone 13,اپل,در حد نو,اصل,صورتی,2,128.0,4.0,17000000
اپل iPhone 11 Pro,اپل,کارکرده,اصل,نقره‌ای,1,256.0,4.0,25000000
اپل iPhone X,اپل,در حد نو,اصل,خاکستری,1,64.0,3.0,13500000
شیائومی Redmi Note 8,شیائومی,در حد نو,اصل,آبی,2,64.0,4.0,4200000
سامسونگ Galaxy Note10+ 5G,سامسونگ,در حد نو,اصل,مشکی,1,256.0,12.0,16000000
اپل iPhone 6,اپل,در حد نو,اصل,طلایی,1,64.0,1.0,3500000
اپل iPhone 11 Pro,اپل,در حد نو,اصل,سبز,1,64.0,4.0,22500000
اپل iPhone 12 Pro,اپل,در حد نو,اصل,آبی,2,256.0,6.0,10000000
اپل iPhone 11,اپل,در حد نو,اصل,مشکی,2,256.0,4.0,8000000
اپل iPhone XS Max,اپل,در حد نو,اصل,طلایی,2,256.0,4.0,9000000
اپل iPhone 11 Pro Max,اپل,در حد نو,اصل,سبز,2,256.0,4.0,11500000
اپل iPhone XR,اپل,در حد نو,اصل,سفید,2,128.0,3.0,15500000
موتورولا RAZR HD XT925,موتورولا,کارکرده,اصل,مشکی,1,16.0,1.0,3000000
اپل iPhone 12 Pro Max,اپل,در حد نو,اصل,طلایی,2,256.0,6.0,20000000
اپل iPhone 11,اپل,کارکرده,اصل,مشکی,2,128.0,4.0,9500000
اپل iPhone 11 Pro Max,اپل,در حد نو,اصل,خاکستری,2,256.0,4.0,31000000
اپل iPhone 13,اپل,کارکرده,اصل,آبی,2,128.0,4.0,35000000
سامسونگ Galaxy S20+ 5G,سامسونگ,نو,اصل,آبی,2,128.0,12.0,17000000
شیائومی Redmi Note 8 Pro,شیائومی,در حد نو,اصل,سفید,2,64.0,8.0,5500000
سامسونگ Galaxy J7,سامسونگ,کارکرده,اصل,طلایی,2,16.0,1.5,2000000
اپل iPhone 11 Pro Max,اپل,نیاز به تعمیر,اصل,خاکستری,1,64.0,4.0,10000000
موتورولا Moto Z,موتورولا,در حد نو,اصل,مشکی خاکستری,1,32.0,4.0,4900000
اپل iPhone 8,اپل,کارکرده,اصل,خاکستری,1,64.0,2.0,5000000
نوکیا C1,نوکیا,نو,اصل,مشکی,2,16.0,1.0,650000
سایر,سایر,نو,اصل,مشکی,2,32.0,3.0,4299000
اپل iPhone 11,اپل,در حد نو,اصل,سفید,2,128.0,4.0,25200000
اپل iPhone 13,اپل,در حد نو,اصل,سفید,2,128.0,4.0,43500000
اپل iPhone 13,اپل,در حد نو,اصل,سفید,2,128.0,4.0,43000000
اپل iPhone 13,اپل,در حد نو,اصل,مشکی,2,128.0,4.0,9200000
نوکیا 6300 4G,نوکیا,نو,اصل,مشکی,2,4.0,0.512,1200000
هواوی P9 lite,هواوی,در حد نو,اصل,مشکی,2,16.0,3.0,1650000
شیائومی Redmi Note 10 Pro Max,شیائومی,نیاز به تعمیر,اصل,آبی,2,128.0,6.0,1800000
سامسونگ Galaxy J3 (2017),سامسونگ,در حد نو,اصل,مشکی,2,16.0,2.0,1000000
سامسونگ Galaxy A10,سامسونگ,در حد نو,اصل,آبی,2,32.0,4.0,2300000
اپل iPhone 7 Plus,اپل,در حد نو,اصل,قرمز,1,256.0,3.0,7200000
اچ‌تی‌سی U11,اچ‌تی‌سی,کارکرده,اصل,آبی,2,128.0,6.0,3600000
سامسونگ Galaxy M52 5G,سامسونگ,در حد نو,اصل,آبی,2,128.0,8.0,8700000
اپل iPhone 13 Pro Max,اپل,در حد نو,اصل,آبی,2,128.0,6.0,120000000
شیائومی Redmi Note 8,شیائومی,کارکرده,اصل,مشکی,2,128.0,4.0,4000000
شیائومی Redmi Note 9S,شیائومی,در حد نو,اصل,آبی,2,128.0,6.0,4600000
شیائومی Redmi Note 9S,شیائومی,در حد نو,اصل,آبی,2,64.0,6.0,4400000
اپل iPhone 7,اپل,در حد نو,اصل,قرمز,1,128.0,2.0,3800000
اپل iPhone X,اپل,در حد نو,اصل,خاکستری,1,256.0,3.0,13800000
شیائومی Poco M3,شیائومی,کارکرده,اصل,زرد,2,128.0,4.0,4000000
اپل iPhone 13 Pro Max,اپل,در حد نو,اصل,آبی,1,1000.0,6.0,85000000
شیائومی Mi Note 10,شیائومی,در حد نو,اصل,مشکی,2,128.0,6.0,10000000
شیائومی Redmi 9T,شیائومی,کارکرده,اصل,خاکستری,2,128.0,4.0,4600000
اپل iPhone 7,اپل,کارکرده,اصل,مشکی,1,128.0,2.0,5400000
سامسونگ Galaxy A70,سامسونگ,کارکرده,اصل,مشکی,2,128.0,6.0,5700000
سامسونگ Galaxy A32,سامسونگ,در حد نو,اصل,مشکی,2,128.0,6.0,8000000
شیائومی Redmi Note 10S,شیائومی,کارکرده,اصل,آبی,2,128.0,8.0,6000000
اپل iPhone 11 Pro Max,اپل,کارکرده,اصل,سبز,2,256.0,4.0,32300000
اپل iPhone SE,اپل,در حد نو,اصل,نقره‌ای,1,64.0,2.0,2500000
سامسونگ Galaxy A02,سامسونگ,نو,اصل,مشکی,2,64.0,3.0,3200000
اپل iPhone SE (2020),اپل,کارکرده,اصل,مشکی,1,128.0,3.0,9000000
اپل iPhone 13,اپل,نو,اصل,صورتی,2,128.0,4.0,45000000
اپل iPhone 7,اپل,در حد نو,اصل,مشکی,1,128.0,2.0,4500000
اپل iPhone 6,اپل,در حد نو,اصل,نقره‌ای,1,64.0,1.0,2800000
اپل iPhone 12 Pro Max,اپل,نو,اصل,طلایی,1,256.0,6.0,42000000
شیائومی Redmi Note 9S,شیائومی,در حد نو,اصل,آبی,2,64.0,4.0,4400000
اپل iPhone X,اپل,در حد نو,اصل,خاکستری,1,256.0,3.0,14000000
اپل iPhone 13,اپل,در حد نو,اصل,مشکی,2,128.0,4.0,42500000
اپل iPhone 13 Pro Max,اپل,در حد نو,اصل,آبی,1,256.0,6.0,83000000
شیائومی Redmi Note 8 Pro,شیائومی,در حد نو,اصل,آبی,2,128.0,6.0,3200000
اپل iPhone 6,اپل,در حد نو,اصل,طلایی,1,64.0,1.0,3900000
اپل iPhone 7 Plus,اپل,در حد نو,اصل,مشکی,1,128.0,3.0,6700000
اپل iPhone 13 Pro,اپل,نو,اصل,نقره‌ای,2,128.0,6.0,30000000
سامسونگ Galaxy J7 Prime,سامسونگ,نو,اصل,طلایی,2,16.0,3.0,2200000
اپل iPhone XS,اپل,کارکرده,اصل,خاکستری,1,256.0,4.0,15800000
اپل iPhone 8 Plus,اپل,کارکرده,اصل,خاکستری,1,64.0,3.0,8800000
اپل iPhone X,اپل,کارکرده,اصل,خاکستری,1,256.0,3.0,11000000
سامسونگ Galaxy A02s,سامسونگ,کارکرده,اصل,مشکی,2,64.0,4.0,4000000
سامسونگ Galaxy S20,سامسونگ,در حد نو,اصل,خاکستری,2,128.0,8.0,12500000
اپل iPhone 13,اپل,در حد نو,اصل,آبی,2,128.0,4.0,39000000
اپل iPhone 13 Pro Max,اپل,در حد نو,اصل,آبی,2,512.0,6.0,81000000
اپل iPhone 13 Pro,اپل,در حد نو,اصل,آبی,2,1000.0,6.0,55000000
اپل iPhone 13,اپل,در حد نو,اصل,آبی,2,128.0,4.0,40000000
اپل iPhone 13,اپل,نو,اصل,آبی,2,128.0,4.0,48000000
اپل iPhone X,اپل,در حد نو,اصل,خاکستری,1,64.0,3.0,12000000
اپل iPhone 13,اپل,در حد نو,اصل,مشکی,2,128.0,4.0,38800000
اپل iPhone 13,اپل,نو,اصل,مشکی,2,128.0,4.0,48000000
سامسونگ Galaxy A02s,سامسونگ,در حد نو,اصل,مشکی,2,64.0,4.0,3500000
اپل iPhone 13 Pro Max,اپل,نو,اصل,آبی,2,256.0,6.0,135000000
هواوی Y8p,هواوی,در حد نو,اصل,آبی,2,128.0,6.0,5000000
شیائومی Poco X3 NFC,شیائومی,در حد نو,اصل,خاکستری,2,128.0,8.0,5900000
اپل iPhone 11 Pro,اپل,در حد نو,اصل,طلایی,2,256.0,4.0,8000000
اپل iPhone 13,اپل,نو,اصل,سفید,2,256.0,4.0,10000000
سامسونگ Galaxy A12,سامسونگ,در حد نو,اصل,آبی,2,64.0,4.0,3900000
اپل iPhone 13,اپل,در حد نو,اصل,مشکی,2,256.0,4.0,18000000
اپل iPhone 13 Pro Max,اپل,در حد نو,اصل,آبی,2,256.0,6.0,83000000
اپل iPhone 7 Plus,اپل,در حد نو,اصل,قرمز,1,128.0,3.0,8100000
اپل iPhone 11 Pro,اپل,در حد نو,اصل,طلایی,2,256.0,4.0,23000000
اپل iPhone 12 Pro,اپل,در حد نو,اصل,آبی,2,256.0,6.0,15000000
اپل iPhone 13,اپل,نو,اصل,آبی,2,128.0,4.0,20000000
اپل iPhone 11 Pro Max,اپل,در حد نو,اصل,نقره‌ای,2,256.0,4.0,6200000
اپل iPhone 13 Pro Max,اپل,نو,اصل,آبی,2,256.0,6.0,40000000
اپل iPhone 12 Pro,اپل,در حد نو,اصل,آبی,2,256.0,6.0,11200000
اپل iPhone 12,اپل,در حد نو,اصل,مشکی,2,128.0,4.0,15000000
هواوی Y9 Prime (2019),هواوی,در حد نو,اصل,آبی,2,128.0,4.0,4000000
اپل iPhone 13 Pro Max,اپل,نو,اصل,طلایی,2,128.0,6.0,5500000
اپل iPhone 11,اپل,کارکرده,اصل,بنفش,2,128.0,4.0,12000000
اپل iPhone 11 Pro Max,اپل,کارکرده,اصل,سبز,2,256.0,4.0,16000000
اپل iPhone 13,اپل,نو,اصل,آبی,2,128.0,4.0,25000000
اپل iPhone 13 Pro Max,اپل,در حد نو,اصل,طلایی,2,256.0,6.0,94000000
سامسونگ Galaxy A11,سامسونگ,کارکرده,اصل,آبی,2,32.0,3.0,4400000
اپل iPhone 11 Pro Max,اپل,در حد نو,اصل,خاکستری,2,256.0,4.0,18000000
سامسونگ I9502 Galaxy S4,سامسونگ,نیاز به تعمیر,اصل,مشکی,2,64.0,2.0,1800000
سامسونگ Galaxy A32 5G,سامسونگ,در حد نو,اصل,آبی,2,128.0,8.0,60000000
سامسونگ Galaxy J7,سامسونگ,کارکرده,اصل,طلایی,2,16.0,1.5,2500000
اپل iPhone 11 Pro Max,اپل,کارکرده,اصل,سبز,2,256.0,4.0,33000000
اپل iPhone 13 Pro,اپل,نو,اصل,آبی,2,256.0,6.0,40000000
شیائومی Mi 11 Lite 5G,شیائومی,در حد نو,اصل,مشکی,2,256.0,8.0,10000000
سامسونگ Galaxy S20 Ultra,سامسونگ,در حد نو,اصل,مشکی,2,128.0,12.0,16000000
سامسونگ Galaxy A31,سامسونگ,نو,اصل,مشکی,2,128.0,4.0,5450000
اپل iPhone XS Max,اپل,در حد نو,اصل,خاکستری,2,256.0,4.0,11000000
سامسونگ Galaxy A50,سامسونگ,نیاز به تعمیر,اصل,آبی,2,128.0,4.0,3500000
اپل iPhone 7 Plus,اپل,کارکرده,اصل,مشکی,1,128.0,3.0,9000000
اپل iPhone 13,اپل,کارکرده,اصل,سفید,2,128.0,4.0,45200000
آنر 8X,آنر,در حد نو,اصل,آبی,2,128.0,4.0,4800000
سامسونگ Galaxy J7 Pro,سامسونگ,در حد نو,اصل,مشکی,2,64.0,3.0,3900000
اپل iPhone 13,اپل,در حد نو,اصل,سفید,2,128.0,4.0,16000000
سامسونگ Galaxy J7,سامسونگ,در حد نو,اصل,طلایی,2,16.0,1.5,2200000
اپل iPhone 11 Pro Max,اپل,در حد نو,اصل,طلایی,2,256.0,4.0,8000000
اپل iPhone 7,اپل,در حد نو,اصل,نقره‌ای,1,32.0,2.0,4600000
اپل iPhone 12 Pro,اپل,در حد نو,اصل,نقره‌ای,2,256.0,6.0,15000000
اپل iPhone 13,اپل,نو,اصل,آبی,2,128.0,4.0,15000000
اپل iPhone 11 Pro,اپل,در حد نو,اصل,نقره‌ای,1,256.0,4.0,25500000
اپل iPhone 13,اپل,در حد نو,اصل,مشکی,2,128.0,4.0,43000000
اپل iPhone 12,اپل,در حد نو,اصل,سفید,2,256.0,4.0,12000000
اپل iPhone 13,اپل,در حد نو,اصل,سفید,2,128.0,4.0,36000000
اپل iPhone 13 Pro Max,اپل,نو,اصل,آبی,2,256.0,6.0,55000000
اپل iPhone 7,اپل,کارکرده,اصل,مشکی,1,32.0,2.0,6300000
اپل iPhone 13,اپل,در حد نو,اصل,مشکی,2,128.0,4.0,40000000
سامسونگ Galaxy A7 (2018),سامسونگ,کارکرده,اصل,طلایی,2,128.0,4.0,3500000
سامسونگ Galaxy Note20 Ultra 5G,سامسونگ,در حد نو,اصل,قهوه‌ای,2,256.0,12.0,24900000
اپل iPhone 6s Plus,اپل,در حد نو,اصل,خاکستری,1,16.0,2.0,3800000
اپل iPhone 13,اپل,نو,اصل,سفید,2,128.0,4.0,18000000
اپل iPhone X,اپل,در حد نو,اصل,خاکستری,1,256.0,3.0,14900000
اپل iPhone 13 Pro,اپل,کارکرده,اصل,آبی,2,256.0,6.0,43500000
اپل iPhone 11,اپل,در حد نو,اصل,زرد,1,128.0,4.0,21000000
سامسونگ Galaxy Note10 Lite,سامسونگ,در حد نو,اصل,مشکی,2,128.0,8.0,9500000
سامسونگ Galaxy A22,سامسونگ,کارکرده,اصل,مشکی,2,128.0,4.0,5000000
شیائومی Redmi Note 10S,شیائومی,در حد نو,اصل,آبی,2,128.0,6.0,5700000
اپل iPhone 11,اپل,در حد نو,اصل,سفید,2,128.0,4.0,12000000
اپل iPhone 12 Pro Max,اپل,در حد نو,اصل,طلایی,2,256.0,6.0,21000000
اپل iPhone 13,اپل,نو,اصل,سفید,2,128.0,4.0,47500000
اپل iPhone 13 Pro,اپل,در حد نو,غیر اصل,نقره‌ای,2,256.0,6.0,2500000
هواوی nova 9,هواوی,در حد نو,اصل,آبی,2,128.0,8.0,12000000
سامسونگ Galaxy A30,سامسونگ,در حد نو,اصل,سفید,2,64.0,4.0,3850000
ال‌جی G4,ال‌جی,نیاز به تعمیر,اصل,خاکستری,1,32.0,3.0,750000
سامسونگ Galaxy A7 (2016),سامسونگ,در حد نو,اصل,سفید,2,16.0,3.0,11111111
اپل iPhone 13 Pro Max,اپل,در حد نو,اصل,نقره‌ای,2,256.0,6.0,100000000
اپل iPhone 6s Plus,اپل,کارکرده,اصل,خاکستری,1,128.0,2.0,4500000
اپل iPhone XS Max,اپل,در حد نو,اصل,طلایی,1,256.0,4.0,23000000
سامسونگ,سامسونگ,نو,اصل,مشکی,2,128.0,6.0,1000000
اپل iPhone 11,اپل,در حد نو,اصل,مشکی,2,128.0,4.0,20000000
اپل iPhone 13,اپل,نو,اصل,سفید,2,128.0,4.0,19000000
اپل iPhone 12 Pro Max,اپل,در حد نو,اصل,آبی,1,256.0,6.0,50000000
اپل iPhone 8,اپل,در حد نو,اصل,خاکستری,1,64.0,2.0,7500000
اپل iPhone XS,اپل,در حد نو,اصل,طلایی,1,256.0,4.0,16200000
اپل iPhone 13,اپل,نو,اصل,صورتی,2,128.0,4.0,17000000
اپل iPhone 11 Pro Max,اپل,در حد نو,اصل,خاکستری,1,256.0,4.0,5000000
سامسونگ Galaxy S21,سامسونگ,در حد نو,اصل,خاکستری,2,128.0,8.0,16000000
اپل iPhone 13,اپل,در حد نو,اصل,مشکی,1,128.0,4.0,38000000
اپل iPhone 12 Pro,اپل,در حد نو,اصل,آبی,1,256.0,6.0,35800000
اپل iPhone 12 Pro,اپل,در حد نو,اصل,آبی,2,256.0,6.0,40500000
شیائومی Poco X3 Pro,شیائومی,کارکرده,اصل,آبی,2,128.0,6.0,6500000
اپل iPhone 11,اپل,در حد نو,اصل,سبز,1,128.0,4.0,10000000
اپل iPhone 12 Pro Max,اپل,در حد نو,اصل,طلایی,2,256.0,6.0,51800000
اپل iPhone 13 Pro Max,اپل,در حد نو,اصل,طلایی,2,256.0,6.0,45000000
اپل iPhone 6s,اپل,کارکرده,اصل,نقره‌ای,1,64.0,2.0,4000000
اپل iPhone 11,اپل,کارکرده,اصل,زرد,2,128.0,4.0,12000000
اپل iPhone 13 Pro,اپل,در حد نو,اصل,آبی,2,256.0,6.0,35000000
اپل iPhone 11 Pro Max,اپل,کارکرده,اصل,خاکستری,2,256.0,4.0,15000000
اپل iPhone 13,اپل,در حد نو,اصل,مشکی,2,128.0,4.0,16000000
اپل iPhone 13 Pro,اپل,در حد نو,اصل,آبی,2,256.0,6.0,29000000
سامسونگ Galaxy A51 5G UW,سامسونگ,نیاز به تعمیر,اصل,آبی,1,128.0,6.0,3000000
سامسونگ Galaxy Note 3,سامسونگ,کارکرده,اصل,طلایی مشکی,1,32.0,3.0,800000
شیائومی Redmi Note 8 Pro,شیائومی,در حد نو,اصل,مشکی,2,128.0,6.0,5500000
اپل iPhone SE (2020),اپل,نو,اصل,سفید,1,256.0,3.0,15000000
سامسونگ Galaxy A31,سامسونگ,در حد نو,اصل,مشکی,2,128.0,6.0,4400000
شیائومی Poco X3 Pro,شیائومی,در حد نو,اصل,مشکی,2,128.0,6.0,6500000
اپل iPhone 11,اپل,در حد نو,اصل,سفید,2,128.0,4.0,22800000
اپل iPhone 12 Pro Max,اپل,در حد نو,اصل,نقره‌ای,2,256.0,6.0,17000000
اپل iPhone 13,اپل,نو,اصل,صورتی,2,128.0,4.0,15000000
اپل iPhone XS,اپل,در حد نو,اصل,خاکستری,1,256.0,4.0,5700000
سامسونگ Galaxy S6 Plus,سامسونگ,در حد نو,اصل,سفید,1,32.0,4.0,3500000
اپل iPhone 8,اپل,کارکرده,اصل,خاکستری,1,64.0,2.0,5800000
سامسونگ Galaxy J2 (2016),سامسونگ,در حد نو,اصل,مشکی,2,8.0,1.5,2500000
اپل iPhone 11 Pro,اپل,نو,اصل,سبز,1,256.0,4.0,10000000
شیائومی Mi Note 10 Pro,شیائومی,در حد نو,اصل,سفید,2,256.0,8.0,15000000
اپل iPhone 13,اپل,کارکرده,اصل,مشکی,2,128.0,4.0,44000000
سامسونگ Galaxy M51,سامسونگ,در حد نو,اصل,آبی,2,128.0,8.0,7800000
سامسونگ Galaxy S7,سامسونگ,در حد نو,اصل,مشکی,1,32.0,4.0,3200000
اپل iPhone 13,اپل,در حد نو,اصل,مشکی,2,128.0,4.0,39800000
اپل iPhone 13 Pro Max,اپل,در حد نو,اصل,طلایی,2,256.0,6.0,100000000
اپل iPhone 13,اپل,در حد نو,اصل,سفید,1,128.0,4.0,44793000
سامسونگ Galaxy A5,سامسونگ,کارکرده,اصل,نقره‌ای,1,16.0,2.0,1000000
اپل iPhone 12,اپل,در حد نو,اصل,سفید,2,128.0,4.0,14000000
اپل iPhone 13 Pro,اپل,در حد نو,اصل,آبی,2,256.0,6.0,67500000
اپل iPhone 13,اپل,نو,اصل,سفید,2,128.0,4.0,23000000
اپل iPhone 11 Pro Max,اپل,در حد نو,اصل,طلایی,2,256.0,4.0,15000000
اپل iPhone XS,اپل,در حد نو,اصل,نقره‌ای,1,64.0,4.0,16500000
اپل iPhone 13 Pro,اپل,در حد نو,اصل,طلایی,2,256.0,6.0,55000000
اپل iPhone 11,اپل,نو,اصل,مشکی,2,128.0,4.0,14000000
هواوی Ascend Y511,هواوی,در حد نو,اصل,سفید,2,4.0,0.512,1800000
سامسونگ Galaxy A52s 5G,سامسونگ,کارکرده,اصل,مشکی,2,128.0,8.0,8000000
هواوی Y7p,هواوی,در حد نو,اصل,مشکی,2,64.0,4.0,4500000
اپل iPhone 12 mini,اپل,در حد نو,اصل,مشکی,1,128.0,4.0,23000000
اپل iPhone 11,اپل,در حد نو,اصل,مشکی,2,256.0,4.0,26500000
شیائومی Poco M3,شیائومی,در حد نو,اصل,مشکی,2,128.0,4.0,4190000
اپل iPhone 13,اپل,در حد نو,اصل,سفید,2,128.0,4.0,42800000
اپل iPhone 12 Pro,اپل,در حد نو,اصل,نقره‌ای,2,256.0,6.0,17000000
اپل iPhone 13,اپل,در حد نو,اصل,آبی,2,128.0,4.0,7600000
اپل iPhone 13 Pro Max,اپل,در حد نو,اصل,آبی,2,256.0,6.0,57000000
اپل iPhone 11,اپل,کارکرده,اصل,مشکی,2,128.0,4.0,23000000
سامسونگ Galaxy A12,سامسونگ,در حد نو,اصل,مشکی,2,64.0,4.0,4500000
اپل iPhone 13,اپل,نو,اصل,آبی,2,128.0,4.0,48900000
اپل iPhone 7 Plus,اپل,در حد نو,اصل,نقره‌ای,1,128.0,3.0,7650000
اپل iPhone 13,اپل,نو,اصل,مشکی,2,256.0,4.0,61980000
اپل iPhone 12,اپل,در حد نو,اصل,مشکی,2,128.0,4.0,11000000
اپل iPhone 13,اپل,نو,اصل,سفید,2,128.0,4.0,47900000
سامسونگ Galaxy A21s,سامسونگ,در حد نو,اصل,مشکی,2,64.0,6.0,3800000
اپل iPhone 13 Pro Max,اپل,در حد نو,اصل,آبی,2,256.0,6.0,94500000
سامسونگ Galaxy J5 (2016),سامسونگ,کارکرده,اصل,سفید,1,16.0,2.0,1700000
اپل iPhone 11 Pro Max,اپل,در حد نو,اصل,سبز,2,256.0,4.0,27000000
سایر,سایر,در حد نو,اصل,مشکی,2,8.0,1.0,45990000
اپل iPhone X,اپل,کارکرده,اصل,خاکستری,1,64.0,3.0,6500000
شیائومی Poco X3 GT,شیائومی,در حد نو,اصل,مشکی,2,256.0,8.0,7800000
سایر,سایر,نو,اصل,مشکی,2,8.0,1.0,62990000
اپل iPhone 13,اپل,نو,اصل,سفید,2,128.0,4.0,20000000
اپل iPhone 6s Plus,اپل,در حد نو,اصل,طلایی,1,128.0,2.0,6450000
اپل iPhone 13 Pro Max,اپل,در حد نو,اصل,نقره‌ای,2,512.0,6.0,76000000
اپل iPhone 13,اپل,در حد نو,اصل,سفید,2,128.0,4.0,40000000
سامسونگ Galaxy J7 Pro,سامسونگ,کارکرده,اصل,مشکی,2,32.0,3.0,1900000
اپل iPhone 13,اپل,در حد نو,اصل,مشکی,2,128.0,4.0,19000000
آنر 9X,آنر,در حد نو,اصل,مشکی,2,128.0,6.0,7000000
اپل iPhone 11 Pro,اپل,در حد نو,اصل,طلایی,1,256.0,4.0,12000000
اپل iPhone 12,اپل,در حد نو,اصل,آبی,2,128.0,4.0,14000000
اپل iPhone X,اپل,در حد نو,اصل,خاکستری,1,64.0,3.0,10900000
اپل iPhone 13,اپل,نو,اصل,مشکی,2,128.0,4.0,11000000
اپل iPhone 11 Pro Max,اپل,در حد نو,اصل,سبز,2,256.0,4.0,11000000
نوکیا 1 Plus,نوکیا,کارکرده,اصل,مشکی,2,8.0,1.0,1450000
هواوی Mate 40 Pro,هواوی,در حد نو,اصل,نقره‌ای,2,256.0,8.0,28000000
اپل iPhone 11,اپل,در حد نو,اصل,سبز,2,128.0,4.0,10000000
اپل iPhone 13,اپل,نو,اصل,سفید,2,256.0,4.0,59000000
موتورولا Moto G,موتورولا,در حد نو,اصل,مشکی,1,16.0,1.0,2950000
اپل iPhone 7,اپل,کارکرده,اصل,مشکی,1,256.0,2.0,5000000
اپل iPhone 13,اپل,در حد نو,اصل,مشکی,1,128.0,4.0,39500000
اپل iPhone 13,اپل,در حد نو,اصل,مشکی,1,128.0,4.0,43000000
اپل iPhone 11,اپل,در حد نو,اصل,قرمز,1,128.0,4.0,18000000
سامسونگ Galaxy A71,سامسونگ,در حد نو,اصل,مشکی,2,128.0,8.0,7300000
اپل iPhone 12 Pro Max,اپل,کارکرده,اصل,آبی,2,256.0,6.0,21000000
اپل iPhone 13,اپل,نو,اصل,مشکی,2,128.0,4.0,49000000
اپل iPhone SE (2020),اپل,در حد نو,اصل,قرمز,1,128.0,3.0,11900000
اپل iPhone 7,اپل,در حد نو,اصل,مشکی,1,32.0,2.0,5000000
اپل iPhone 13,اپل,در حد نو,اصل,سفید,2,128.0,4.0,42500000
ریلمی X7 Pro Ultra,ریلمی,در حد نو,اصل,مشکی,2,256.0,12.0,22000000
اپل iPhone 11,اپل,در حد نو,اصل,سفید,2,128.0,4.0,23800000
شیائومی Poco X3 NFC,شیائومی,در حد نو,اصل,خاکستری,2,128.0,6.0,5100000
اپل iPhone 11 Pro Max,اپل,نو,اصل,خاکستری,2,256.0,4.0,10000000
اپل iPhone 11 Pro,اپل,کارکرده,اصل,سبز,2,256.0,4.0,10000000
سامسونگ Galaxy J7,سامسونگ,کارکرده,اصل,سفید,2,16.0,1.5,750000
اپل iPhone 11,اپل,کارکرده,اصل,مشکی,2,128.0,4.0,12000000
اپل iPhone 13,اپل,نو,اصل,مشکی,2,128.0,4.0,48100000
اپل iPhone 7 Plus,اپل,در حد نو,اصل,نقره‌ای,1,128.0,3.0,8890000
اپل iPhone 11 Pro Max,اپل,کارکرده,اصل,خاکستری,1,256.0,4.0,28500000
سامسونگ Galaxy A32,سامسونگ,در حد نو,اصل,مشکی,2,128.0,6.0,6400000
اپل iPhone 13,اپل,نو,اصل,سفید,2,256.0,4.0,63000000
اپل iPhone 13,اپل,در حد نو,اصل,سفید,2,128.0,4.0,40500000
اپل iPhone 13,اپل,در حد نو,اصل,مشکی,2,128.0,4.0,41500000
سامسونگ Galaxy S21 5G,سامسونگ,نو,اصل,خاکستری,2,256.0,8.0,20000000
اپل iPhone 7 Plus,اپل,در حد نو,اصل,مشکی,1,256.0,3.0,9000000
سامسونگ Galaxy A8 (2018),سامسونگ,کارکرده,اصل,مشکی,2,64.0,4.0,3600000
اپل iPhone XS Max,اپل,در حد نو,اصل,طلایی,1,64.0,4.0,18000000
اپل iPhone 13 Pro Max,اپل,کارکرده,اصل,آبی,2,256.0,6.0,75000000
اپل iPhone 13 Pro Max,اپل,نو,اصل,طلایی,2,256.0,6.0,122500000
سامسونگ Galaxy Note5 Duos,سامسونگ,کارکرده,اصل,سفید,2,64.0,4.0,2500000
اپل iPhone 13,اپل,در حد نو,اصل,آبی,2,128.0,4.0,36000000
سامسونگ Galaxy A12,سامسونگ,نو,اصل,مشکی,2,64.0,4.0,4200000
نوکیا 8000 4G,نوکیا,در حد نو,اصل,مشکی,2,4.0,0.512,5500000
اپل iPhone 13 Pro Max,اپل,در حد نو,اصل,آبی,2,1000.0,6.0,190000000
اپل iPhone XR,اپل,در حد نو,اصل,زرد,2,128.0,3.0,16800000
سامسونگ Galaxy J5,سامسونگ,کارکرده,اصل,مشکی,2,8.0,1.5,850000
اپل iPhone 4s,اپل,نو,اصل,مشکی,1,64.0,0.512,2200000
سامسونگ Galaxy A70,سامسونگ,در حد نو,اصل,مشکی,2,128.0,8.0,6000000
اپل iPhone 11,اپل,نو,غیر اصل,زرد,2,128.0,4.0,1500000
سامسونگ Galaxy S8,سامسونگ,در حد نو,اصل,طلایی,2,64.0,4.0,3500000
اپل iPhone XS,اپل,در حد نو,اصل,نقره‌ای,1,64.0,4.0,13800000
سامسونگ Galaxy A12,سامسونگ,کارکرده,اصل,مشکی,2,64.0,4.0,2000000
سامسونگ Galaxy A51,سامسونگ,نو,اصل,مشکی,2,128.0,6.0,3800000
اپل iPhone 13,اپل,در حد نو,اصل,مشکی,2,128.0,4.0,44700000
اپل iPhone 13 Pro Max,اپل,در حد نو,اصل,آبی,2,128.0,6.0,76500000
اپل iPhone 13 Pro Max,اپل,در حد نو,اصل,آبی,2,128.0,6.0,77000000
اپل iPhone 11,اپل,در حد نو,اصل,بنفش,2,128.0,4.0,18500000
اپل iPhone 7,اپل,در حد نو,اصل,مشکی,1,128.0,2.0,5200000
شیائومی Poco F3,شیائومی,در حد نو,اصل,مشکی,2,128.0,6.0,8000000
شیائومی Mi 11 Lite 5G,شیائومی,در حد نو,اصل,مشکی,2,256.0,8.0,10500000
هواوی Y7 Prime (2018),هواوی,در حد نو,اصل,آبی,2,32.0,3.0,2800000
سامسونگ Galaxy Note 3,سامسونگ,کارکرده,اصل,مشکی,1,32.0,3.0,2900000
سامسونگ Galaxy A31,سامسونگ,در حد نو,اصل,سفید,2,128.0,4.0,4200000
شیائومی Redmi Note 9 Pro (India),شیائومی,در حد نو,اصل,آبی,2,128.0,6.0,4300000
اپل iPhone XS,اپل,کارکرده,اصل,طلایی,1,256.0,4.0,12345678
شیائومی Redmi Pro 2,شیائومی,در حد نو,اصل,آبی,2,64.0,6.0,4200000
سامسونگ Galaxy J7 (2018),سامسونگ,کارکرده,اصل,مشکی,2,32.0,2.0,2000000
سامسونگ Galaxy Note20,سامسونگ,در حد نو,اصل,خاکستری,2,256.0,8.0,16000000
سامسونگ Galaxy A31,سامسونگ,در حد نو,اصل,مشکی,2,128.0,6.0,5300000
اپل iPhone 13,اپل,در حد نو,اصل,آبی,1,128.0,4.0,35000000
شیائومی 11T Pro,شیائومی,در حد نو,اصل,خاکستری,2,256.0,8.0,1000000
شیائومی Poco X3 Pro,شیائومی,کارکرده,اصل,مشکی,2,128.0,6.0,5000000
اپل iPhone 11 Pro,اپل,کارکرده,اصل,خاکستری,2,256.0,4.0,31000000
شیائومی Poco X3 Pro,شیائومی,کارکرده,اصل,مشکی,2,256.0,8.0,6500000
ال‌جی Stylus 2 Plus,ال‌جی,نو,اصل,طلایی,2,16.0,2.0,1500000
اپل iPhone 13 Pro Max,اپل,در حد نو,اصل,آبی,2,256.0,6.0,85000000
سامسونگ Galaxy A20e,سامسونگ,نیاز به تعمیر,اصل,آبی,2,32.0,3.0,2200000
اپل iPhone X,اپل,در حد نو,اصل,نقره‌ای,1,256.0,3.0,6000000
شیائومی Redmi Note 10 Pro Max,شیائومی,در حد نو,اصل,آبی,2,128.0,6.0,6700000
اپل iPhone 7 Plus,اپل,کارکرده,اصل,مشکی,1,128.0,3.0,6500000
اپل iPhone 7 Plus,اپل,در حد نو,اصل,طلایی,1,128.0,3.0,6300000
اپل iPhone 7 Plus,اپل,کارکرده,اصل,طلایی,1,256.0,3.0,9800000
شیائومی Mi 11 Ultra,شیائومی,در حد نو,اصل,سفید,2,256.0,12.0,27000000
شیائومی Redmi Note 8,شیائومی,کارکرده,اصل,آبی,2,64.0,4.0,4200000
اپل iPhone X,اپل,در حد نو,اصل,خاکستری,1,64.0,3.0,7700000
اپل iPhone SE (2020),اپل,کارکرده,اصل,مشکی,1,128.0,3.0,9800000
شیائومی Poco X3 Pro,شیائومی,کارکرده,اصل,آبی,2,256.0,8.0,6250000
سامسونگ Galaxy A32,سامسونگ,در حد نو,اصل,مشکی,2,128.0,6.0,7000000
سامسونگ Galaxy J7 Prime,سامسونگ,در حد نو,اصل,مشکی,2,16.0,3.0,1800000
اپل iPhone 12 Pro Max,اپل,در حد نو,اصل,طلایی,2,128.0,6.0,43000000
سامسونگ Galaxy C10,سامسونگ,کارکرده,اصل,مشکی,2,64.0,6.0,3500000
شیائومی Redmi Note 9S,شیائومی,در حد نو,اصل,خاکستری,2,64.0,4.0,4900000
سامسونگ Galaxy S21,سامسونگ,در حد نو,اصل,صورتی,2,128.0,8.0,11500000
اپل iPhone 13,اپل,نو,اصل,مشکی,2,128.0,4.0,42200000
اپل iPhone 13 Pro,اپل,در حد نو,اصل,آبی,2,256.0,6.0,58800000
اپل iPhone 13 Pro Max,اپل,نو,اصل,آبی,2,256.0,6.0,35000000
سامسونگ Galaxy A03s,سامسونگ,در حد نو,اصل,مشکی,2,64.0,4.0,4200000
اپل iPhone 12 Pro,اپل,نو,اصل,آبی,2,256.0,6.0,17000000
اپل iPhone 6 Plus,اپل,نو,اصل,طلایی,1,64.0,1.0,3000000
شیائومی Redmi Note 8,شیائومی,در حد نو,اصل,مشکی,2,64.0,4.0,4500000
نوکیا 5,نوکیا,در حد نو,اصل,مشکی,2,16.0,2.0,1600000
اپل iPhone 13 Pro Max,اپل,در حد نو,اصل,نقره‌ای,2,256.0,6.0,75000000
اپل iPhone 11 Pro,اپل,در حد نو,اصل,سبز,2,256.0,4.0,28000000
شیائومی Redmi Note 8 Pro,شیائومی,در حد نو,اصل,مشکی,2,128.0,6.0,4200000
اپل iPhone 6s,اپل,کارکرده,اصل,نقره‌ای,1,64.0,2.0,3000000
اپل iPhone 13,اپل,در حد نو,اصل,مشکی,1,128.0,4.0,44000000
اپل iPhone 11,اپل,در حد نو,اصل,مشکی,1,128.0,4.0,23500000
سامسونگ Galaxy A10,سامسونگ,در حد نو,اصل,مشکی,2,32.0,2.0,2850000
آنر 8S,آنر,در حد نو,اصل,مشکی,2,32.0,2.0,3000000
سامسونگ Galaxy K zoom,سامسونگ,در حد نو,اصل,سفید,1,8.0,2.0,5500000
اپل iPhone 13,اپل,کارکرده,اصل,آبی,1,128.0,4.0,39000000
اپل iPhone 11,اپل,کارکرده,اصل,قرمز,2,128.0,4.0,12000000
اپل iPhone XS,اپل,در حد نو,اصل,طلایی,1,256.0,4.0,17000000
اپل iPhone 13,اپل,نو,اصل,آبی,2,128.0,4.0,21000000
اپل iPhone SE,اپل,کارکرده,اصل,نقره‌ای,1,128.0,2.0,8500000
اپل iPhone X,اپل,کارکرده,اصل,نقره‌ای,1,256.0,3.0,13900000
اپل iPhone 12 Pro,اپل,نو,اصل,آبی,2,256.0,6.0,37800000
اپل iPhone 13,اپل,کارکرده,اصل,سفید,2,128.0,4.0,41500000
سامسونگ Galaxy S5,سامسونگ,کارکرده,اصل,طلایی,1,16.0,2.0,1500000
اپل iPhone 13,اپل,در حد نو,اصل,مشکی,2,128.0,4.0,39500000
اپل iPhone 12 Pro Max,اپل,در حد نو,اصل,آبی,2,256.0,6.0,22000000
سامسونگ Galaxy A52 5G,سامسونگ,کارکرده,اصل,مشکی,2,128.0,8.0,8000000
سامسونگ Galaxy S7 edge,سامسونگ,نیاز به تعمیر,اصل,طلایی,2,32.0,4.0,700000
اپل iPhone 6,اپل,کارکرده,اصل,خاکستری,1,128.0,1.0,3500000
سامسونگ Galaxy A20s,سامسونگ,کارکرده,اصل,مشکی,2,32.0,3.0,1900000
اپل iPhone 5,اپل,نیاز به تعمیر,اصل,سفید نقره‌ای,1,16.0,1.0,500000
اپل iPhone X,اپل,در حد نو,اصل,خاکستری,1,256.0,3.0,12000000
اپل iPhone 12 Pro Max,اپل,در حد نو,اصل,آبی,1,256.0,6.0,45000000
سامسونگ Galaxy A30,سامسونگ,در حد نو,اصل,آبی,2,64.0,4.0,3200000
سامسونگ Galaxy A11,سامسونگ,کارکرده,اصل,سفید,2,32.0,2.0,3000000
اپل iPhone 11,اپل,در حد نو,اصل,سفید,1,128.0,4.0,1111111
اپل iPhone 7,اپل,در حد نو,اصل,قرمز,1,128.0,2.0,5500000
اپل iPhone XR,اپل,نو,اصل,زرد,2,128.0,3.0,3900000
اپل iPhone 11,اپل,کارکرده,اصل,سبز,2,64.0,4.0,18000000
اپل iPhone 11 Pro Max,اپل,در حد نو,اصل,طلایی,1,256.0,4.0,32000000
اپل iPhone 13 Pro Max,اپل,در حد نو,اصل,آبی,2,256.0,6.0,82500000
اپل iPhone 11 Pro,اپل,در حد نو,اصل,طلایی,2,256.0,4.0,18000000
اپل iPhone 13,اپل,در حد نو,اصل,مشکی,2,128.0,4.0,41800000
اپل iPhone 11,اپل,در حد نو,اصل,مشکی,2,128.0,4.0,24000000
سامسونگ Galaxy A03s,سامسونگ,نو,اصل,مشکی,2,64.0,4.0,4500000
سامسونگ Galaxy J4,سامسونگ,کارکرده,اصل,مشکی,2,32.0,3.0,1500000
اپل iPhone X,اپل,در حد نو,اصل,خاکستری,1,256.0,3.0,16000000
سامسونگ Galaxy A52,سامسونگ,در حد نو,اصل,مشکی,2,128.0,8.0,8000000
سامسونگ Galaxy J7 Prime,سامسونگ,در حد نو,اصل,مشکی,2,16.0,3.0,2200000
هواوی P8,هواوی,کارکرده,اصل,خاکستری,2,16.0,3.0,1200000
سامسونگ Galaxy Note5,سامسونگ,در حد نو,اصل,مشکی,1,32.0,4.0,4500000
سامسونگ Galaxy A52,سامسونگ,در حد نو,اصل,مشکی,2,128.0,8.0,7700000
اپل iPhone 11,اپل,نو,اصل,مشکی,2,64.0,4.0,1600000
اپل iPhone 11,اپل,در حد نو,اصل,مشکی,2,128.0,4.0,11000000
اپل iPhone 13 Pro,اپل,در حد نو,اصل,نقره‌ای,2,256.0,6.0,34000000
شیائومی Redmi 10,شیائومی,نو,اصل,خاکستری,2,128.0,4.0,5000000
شیائومی Redmi Note 8,شیائومی,در حد نو,اصل,آبی,2,64.0,4.0,3600000
سامسونگ Galaxy Note20 Ultra 5G,سامسونگ,در حد نو,اصل,مشکی,2,256.0,12.0,25500000
اپل iPhone 13 Pro Max,اپل,در حد نو,اصل,آبی,1,256.0,6.0,85000000
اپل iPhone 13 Pro Max,اپل,در حد نو,اصل,آبی,1,512.0,6.0,65000000
اپل iPhone 12 Pro Max,اپل,در حد نو,اصل,آبی,2,256.0,6.0,50000000
سامسونگ Galaxy A01 Core,سامسونگ,در حد نو,اصل,مشکی,2,16.0,2.0,2000000
شیائومی Redmi 8,شیائومی,نو,اصل,مشکی,2,64.0,4.0,4700000
اپل iPhone 13 Pro Max,اپل,نو,اصل,طلایی,2,512.0,6.0,98500000
آنر 30 Pro,آنر,نو,اصل,مشکی,2,256.0,8.0,10000000
سامسونگ Galaxy S21 Ultra 5G,سامسونگ,در حد نو,اصل,مشکی,2,256.0,12.0,26850000
اپل iPhone 11,اپل,در حد نو,اصل,سبز,1,256.0,4.0,10000000
اپل iPhone 7 Plus,اپل,نو,اصل,قرمز,1,256.0,3.0,8500000
سامسونگ Galaxy J7 (2018),سامسونگ,کارکرده,اصل,طلایی,2,16.0,2.0,2000000
اچ‌تی‌سی One E9s dual sim,اچ‌تی‌سی,در حد نو,اصل,خاکستری,2,16.0,2.0,1300000
اپل iPhone 6,اپل,کارکرده,اصل,نقره‌ای,1,64.0,1.0,3500000
آنر 10 Lite,آنر,در حد نو,اصل,آبی,2,64.0,3.0,3500000
اپل iPhone 13,اپل,در حد نو,اصل,سفید,2,128.0,4.0,42900000
اپل iPhone 12,اپل,در حد نو,اصل,مشکی,2,128.0,4.0,13000000
اپل iPhone SE (2020),اپل,در حد نو,اصل,مشکی,1,128.0,3.0,12800000
اپل iPhone 12,اپل,در حد نو,اصل,آبی,1,256.0,4.0,6000000
اپل iPhone 12 Pro,اپل,کارکرده,اصل,آبی,2,256.0,6.0,18000000
اپل iPhone 12 Pro Max,اپل,در حد نو,اصل,آبی,1,256.0,6.0,23000000
اپل iPhone 12,اپل,نو,اصل,مشکی,2,128.0,4.0,13000000
سامسونگ Galaxy J5,سامسونگ,در حد نو,اصل,طلایی,2,16.0,1.5,2200000
اپل iPhone 13 Pro,اپل,در حد نو,اصل,طلایی,2,256.0,6.0,32000000
اپل iPhone SE (2020),اپل,در حد نو,اصل,مشکی,1,128.0,3.0,10800000
اپل iPhone 7 Plus,اپل,کارکرده,اصل,نقره‌ای,1,32.0,3.0,4300000
سامسونگ Galaxy S9+,سامسونگ,در حد نو,اصل,مشکی,2,128.0,6.0,9550000
اپل iPhone 12,اپل,در حد نو,اصل,مشکی,1,128.0,4.0,32000000
اپل iPhone SE (2020),اپل,در حد نو,اصل,سفید,1,128.0,3.0,11800000
شیائومی Mi A3,شیائومی,در حد نو,اصل,آبی,2,64.0,6.0,3500000
سامسونگ Galaxy Grand Prime Plus,سامسونگ,کارکرده,اصل,طلایی,2,8.0,1.5,1600000
اپل iPhone 11 Pro Max,اپل,کارکرده,اصل,نقره‌ای,2,256.0,4.0,14000000
اپل iPhone 11 Pro,اپل,در حد نو,اصل,خاکستری,2,256.0,4.0,7000000
گوگل Pixel 4a 5G,گوگل,کارکرده,اصل,مشکی,1,128.0,6.0,17000000
اپل iPhone XR,اپل,در حد نو,اصل,مشکی,1,128.0,3.0,12500000
سامسونگ Galaxy S21 Ultra 5G,سامسونگ,در حد نو,اصل,مشکی,2,256.0,12.0,25350000
اپل iPhone 13 Pro Max,اپل,در حد نو,اصل,آبی,1,128.0,6.0,55000000
سامسونگ Galaxy S10 Lite,سامسونگ,در حد نو,اصل,مشکی,2,128.0,8.0,10500000
اپل iPhone 12 mini,اپل,در حد نو,اصل,مشکی,1,128.0,4.0,21000000
شیائومی Redmi 9,شیائومی,در حد نو,اصل,خاکستری,2,64.0,4.0,5700000
اپل iPhone 13,اپل,نو,اصل,آبی,2,128.0,4.0,42000000
سامسونگ Galaxy S21 5G,سامسونگ,در حد نو,اصل,خاکستری,2,256.0,8.0,14500000
اپل iPhone 7 Plus,اپل,در حد نو,اصل,طلایی,1,256.0,3.0,6700000
اپل iPhone 13 Pro Max,اپل,در حد نو,اصل,آبی,2,256.0,6.0,65000000
شیائومی Redmi Note 8,شیائومی,در حد نو,اصل,آبی,2,32.0,4.0,4000000
سامسونگ Galaxy A3 (2017),سامسونگ,در حد نو,اصل,طلایی,2,16.0,2.0,4000000
اپل iPhone 11,اپل,نو,اصل,سفید,2,256.0,4.0,28500000
اپل iPhone 13 Pro Max,اپل,در حد نو,اصل,نقره‌ای,2,256.0,6.0,87000000
سامسونگ Galaxy Z Flip,سامسونگ,در حد نو,اصل,مشکی,1,256.0,8.0,19000000
سامسونگ Galaxy S20 FE 5G,سامسونگ,در حد نو,اصل,بنفش,1,128.0,8.0,11200000
شیائومی Redmi Note 10,شیائومی,در حد نو,اصل,مشکی,2,128.0,4.0,5800000
سامسونگ Galaxy S21 5G,سامسونگ,در حد نو,اصل,خاکستری,2,256.0,8.0,15000000
اپل iPhone 7,اپل,نو,اصل,طلایی,1,128.0,2.0,5800000
اپل iPhone 12,اپل,در حد نو,اصل,مشکی,2,256.0,4.0,31500000
ال‌جی Velvet,ال‌جی,در حد نو,اصل,نقره‌ای,2,128.0,6.0,12500000
اپل iPhone 13,اپل,نو,اصل,آبی,2,128.0,4.0,50500000
سامسونگ I9502 Galaxy S4,سامسونگ,نیاز به تعمیر,اصل,سفید,2,16.0,2.0,600000
اپل iPhone 7 Plus,اپل,کارکرده,اصل,مشکی,1,256.0,3.0,6500000
سامسونگ Galaxy A31,سامسونگ,در حد نو,اصل,مشکی,2,128.0,4.0,5000000
اپل iPhone 12 Pro Max,اپل,در حد نو,اصل,آبی,2,256.0,6.0,47000000
شیائومی Redmi Note 8 Pro,شیائومی,در حد نو,اصل,مشکی,2,128.0,6.0,6000000
اپل iPhone 13,اپل,در حد نو,اصل,آبی,2,128.0,4.0,37000000
اپل iPhone 11 Pro,اپل,نو,اصل,طلایی,2,256.0,4.0,23000000
اپل iPhone XR,اپل,در حد نو,اصل,زرد,1,256.0,3.0,16000000
اپل iPhone 13,اپل,در حد نو,اصل,مشکی,2,128.0,4.0,43500000
اپل iPhone 13 Pro Max,اپل,در حد نو,اصل,آبی,2,256.0,6.0,87000000
اپل iPhone XS Max,اپل,کارکرده,اصل,طلایی,2,256.0,4.0,15500000
اپل iPhone 11,اپل,در حد نو,اصل,سفید,2,64.0,4.0,16500000
سامسونگ Galaxy A9 (2018),سامسونگ,در حد نو,اصل,آبی,2,128.0,6.0,5150000
هواوی Y6 (2019),هواوی,در حد نو,اصل,مشکی,2,32.0,2.0,2500000
اپل iPhone 13 Pro Max,اپل,در حد نو,اصل,آبی,2,256.0,6.0,88000000
سامسونگ Galaxy A7 (2018),سامسونگ,کارکرده,اصل,مشکی,2,128.0,4.0,4000000
اپل iPhone 13,اپل,در حد نو,اصل,مشکی,2,128.0,4.0,45000000
اپل iPhone XS,اپل,در حد نو,اصل,خاکستری,1,64.0,4.0,14000000
اپل iPhone 7 Plus,اپل,در حد نو,اصل,مشکی,1,128.0,3.0,7500000
اپل iPhone 12,اپل,نو,اصل,مشکی,2,128.0,4.0,48000000
شیائومی Redmi 9A,شیائومی,نیاز به تعمیر,اصل,آبی,2,32.0,2.0,1700000
اپل iPhone 13,اپل,در حد نو,اصل,سفید,2,128.0,4.0,44000000
اپل iPhone 13 Pro Max,اپل,در حد نو,اصل,آبی,1,256.0,6.0,70000000
اپل iPhone 13,اپل,در حد نو,اصل,آبی,2,256.0,4.0,47800000
ایسوس ROG Phone II ZS660KL,ایسوس,نو,اصل,مشکی,2,1000.0,12.0,10000000
اپل iPhone 12 Pro Max,اپل,در حد نو,اصل,آبی,1,256.0,6.0,52000000
شیائومی Redmi Note 10 Pro Max,شیائومی,در حد نو,اصل,آبی,2,128.0,6.0,6100000
اپل iPhone 11 Pro,اپل,در حد نو,اصل,طلایی,1,512.0,4.0,35500000
اپل iPhone 13,اپل,در حد نو,اصل,صورتی,2,128.0,4.0,42900000
شیائومی Redmi Note 8,شیائومی,کارکرده,اصل,مشکی,2,64.0,4.0,3400000
سامسونگ Galaxy J1,سامسونگ,کارکرده,اصل,مشکی,2,4.0,0.512,1759000
اپل iPhone 13,اپل,نو,اصل,مشکی,2,128.0,4.0,49900000
اپل iPhone 11,اپل,در حد نو,اصل,مشکی,2,128.0,4.0,1000000
اپل iPhone 12 Pro,اپل,در حد نو,اصل,آبی,2,256.0,6.0,22400000
اپل iPhone 13 Pro,اپل,در حد نو,اصل,نقره‌ای,2,256.0,6.0,32000000
سامسونگ Galaxy J4 Core,سامسونگ,کارکرده,اصل,مشکی,2,16.0,1.0,2100000
اپل iPhone 13 Pro,اپل,در حد نو,اصل,طلایی,2,256.0,6.0,36000000
اپل iPhone 11 Pro,اپل,در حد نو,اصل,طلایی,1,256.0,4.0,20000000
سامسونگ Galaxy A51,سامسونگ,در حد نو,اصل,آبی,2,128.0,6.0,5800000
شیائومی Poco X3,شیائومی,در حد نو,اصل,آبی,2,128.0,8.0,7000000
سامسونگ Galaxy M32,سامسونگ,کارکرده,اصل,مشکی,2,128.0,6.0,5600000
سامسونگ Galaxy A31,سامسونگ,در حد نو,اصل,آبی,2,128.0,4.0,4900000
سامسونگ Galaxy Note10+,سامسونگ,در حد نو,اصل,مشکی,2,256.0,12.0,18000000
اپل iPhone 11,اپل,نو,اصل,سفید,2,128.0,4.0,24900000
اپل iPhone 8 Plus,اپل,در حد نو,اصل,طلایی,1,256.0,3.0,8500000
اپل iPhone 7,اپل,نو,اصل,طلایی,1,128.0,2.0,2500000
سامسونگ Galaxy S10+,سامسونگ,کارکرده,اصل,سفید,2,512.0,8.0,13500000
شیائومی Poco M3,شیائومی,در حد نو,اصل,مشکی,2,128.0,4.0,4300000
اپل iPhone X,اپل,نو,اصل,نقره‌ای,1,64.0,3.0,11900000
نوکیا 5,نوکیا,کارکرده,اصل,آبی,2,16.0,2.0,1500000
سامسونگ Galaxy A21s,سامسونگ,نیاز به تعمیر,اصل,مشکی,2,64.0,4.0,2000000
اپل iPhone 8,اپل,در حد نو,اصل,طلایی,1,64.0,2.0,7200000
اپل iPhone 8 Plus,اپل,در حد نو,اصل,نقره‌ای,1,256.0,3.0,10500000
سامسونگ Galaxy S21+ 5G,سامسونگ,نو,اصل,قهوه‌ای,2,256.0,8.0,20800000
اپل iPhone 13,اپل,نو,اصل,سفید,1,256.0,4.0,60000000
اپل iPhone 11 Pro,اپل,در حد نو,اصل,سبز,2,256.0,4.0,32000000
سامسونگ Galaxy A70,سامسونگ,در حد نو,اصل,مشکی,2,128.0,6.0,4900000
اپل,اپل,نو,اصل,سفید,2,128.0,4.0,20000000
سامسونگ Galaxy A32,سامسونگ,نیاز به تعمیر,اصل,سفید,2,128.0,6.0,3200000
اپل iPhone 11 Pro Max,اپل,در حد نو,اصل,سبز,2,256.0,4.0,26000000
سامسونگ Galaxy M32,سامسونگ,در حد نو,اصل,مشکی,2,128.0,6.0,9800000
اپل iPhone 11 Pro Max,اپل,در حد نو,اصل,نقره‌ای,2,256.0,4.0,15000000
اپل iPhone 13 Pro,اپل,در حد نو,اصل,طلایی,1,512.0,6.0,32000000
اپل iPhone 13,اپل,نو,اصل,سفید,2,128.0,4.0,50000000
اپل iPhone 11,اپل,نو,اصل,بنفش,2,128.0,4.0,26500000
اپل iPhone XS,اپل,در حد نو,اصل,خاکستری,1,64.0,4.0,14480000
سامسونگ Galaxy S9+,سامسونگ,کارکرده,اصل,مشکی,2,64.0,6.0,8000000
سامسونگ Galaxy A12,سامسونگ,در حد نو,اصل,سفید,2,64.0,4.0,4300000
اپل iPhone XR,اپل,در حد نو,اصل,مشکی,1,128.0,3.0,11500000
اپل iPhone 13,اپل,در حد نو,اصل,صورتی,2,128.0,4.0,39800000
سامسونگ Galaxy A70,سامسونگ,کارکرده,اصل,سفید,2,128.0,6.0,4700000
اپل iPhone 13,اپل,نو,اصل,مشکی,2,128.0,4.0,47000000
اپل iPhone 13,اپل,نو,اصل,سفید,2,128.0,4.0,8000000
اپل iPhone 12 Pro,اپل,در حد نو,اصل,آبی,2,256.0,6.0,9250000
اپل iPhone SE,اپل,در حد نو,اصل,خاکستری,1,128.0,2.0,11800000
شیائومی Poco X3 GT,شیائومی,کارکرده,اصل,آبی,2,128.0,8.0,6000000
وان پلاس 7 Pro,وان,در حد نو,اصل,آبی,2,256.0,8.0,11500000
اپل iPhone 8 Plus,اپل,در حد نو,اصل,نقره‌ای,1,64.0,3.0,9500000
اپل iPhone X,اپل,کارکرده,اصل,خاکستری,1,256.0,3.0,12500000
شیائومی Poco X3 Pro,شیائومی,کارکرده,اصل,آبی,2,256.0,8.0,7200000
اپل iPhone 13 Pro Max,اپل,در حد نو,اصل,نقره‌ای,1,512.0,6.0,80000000
اچ‌تی‌سی One S9,اچ‌تی‌سی,نیاز به تعمیر,اصل,طلایی,1,16.0,2.0,750000
اپل iPhone 13,اپل,در حد نو,اصل,قرمز,2,128.0,4.0,42500000
سامسونگ Galaxy A21s,سامسونگ,کارکرده,اصل,آبی,2,64.0,6.0,4500000
اپل iPhone 11 Pro Max,اپل,در حد نو,اصل,خاکستری,2,256.0,4.0,13700000
اپل iPhone XS Max,اپل,در حد نو,اصل,خاکستری,1,256.0,4.0,9000000
اپل iPhone 12,اپل,در حد نو,اصل,آبی,2,128.0,4.0,10000000
اپل iPhone 7,اپل,در حد نو,اصل,طلایی,1,128.0,2.0,5400000
سامسونگ Galaxy A51 5G,سامسونگ,در حد نو,اصل,صورتی,2,128.0,6.0,5600000
سایر,سایر,در حد نو,اصل,مشکی,2,64.0,8.0,7200000
سامسونگ Galaxy A32 5G,سامسونگ,نو,اصل,آبی,2,128.0,8.0,7300000
اپل iPhone 11 Pro,اپل,در حد نو,اصل,سبز,2,256.0,4.0,15000000
اپل iPhone 13 Pro Max,اپل,نو,اصل,آبی,2,256.0,6.0,30000000
سامسونگ Galaxy S21,سامسونگ,در حد نو,اصل,خاکستری,2,128.0,8.0,15500000
اپل iPhone 4,اپل,نیاز به تعمیر,اصل,مشکی,1,32.0,0.512,2000000
شیائومی Poco X3 GT,شیائومی,در حد نو,اصل,مشکی,2,256.0,8.0,6900000
اپل iPhone 11 Pro Max,اپل,کارکرده,اصل,سبز,2,64.0,4.0,6500000
اپل iPhone 12 Pro,اپل,در حد نو,اصل,آبی,2,256.0,6.0,9000000
اپل iPhone 11 Pro,اپل,کارکرده,اصل,خاکستری,1,64.0,4.0,22000000
اپل iPhone 13,اپل,در حد نو,اصل,مشکی,2,128.0,4.0,40800000
اپل iPhone 13 Pro Max,اپل,کارکرده,اصل,آبی,2,256.0,6.0,85000000
اپل iPhone 13 Pro Max,اپل,در حد نو,اصل,طلایی,2,128.0,6.0,30000000
اپل iPhone 7,اپل,در حد نو,اصل,نقره‌ای,1,128.0,2.0,4500000
اپل iPhone 6s,اپل,نو,اصل,طلایی,1,64.0,2.0,4000000
اپل iPhone 13,اپل,در حد نو,اصل,آبی,2,128.0,4.0,40800000
سامسونگ Galaxy J5 Prime (2017),سامسونگ,در حد نو,اصل,مشکی,2,32.0,3.0,3000000
اپل iPhone 11,اپل,در حد نو,اصل,قرمز,1,128.0,4.0,20000000
سامسونگ Galaxy J7 Pro,سامسونگ,در حد نو,اصل,مشکی,2,64.0,3.0,2200000
شیائومی 11T Pro,شیائومی,در حد نو,اصل,خاکستری,2,256.0,12.0,15000000
اپل iPhone 13 Pro Max,اپل,در حد نو,اصل,نقره‌ای,2,256.0,6.0,40000000
اپل iPhone 11 Pro,اپل,در حد نو,اصل,سبز,2,256.0,4.0,31000000
اپل iPhone 13 Pro,اپل,در حد نو,اصل,آبی,2,512.0,6.0,38500000
ایسوس Zenfone Max Pro (M1) ZB601KL/ZB602K,ایسوس,در حد نو,اصل,مشکی,2,64.0,6.0,3000000
اپل iPhone 11,اپل,کارکرده,اصل,سفید,1,128.0,4.0,19500000
اپل iPhone 12 Pro,اپل,در حد نو,اصل,طلایی,1,256.0,6.0,15000000
اپل iPhone XR,اپل,کارکرده,اصل,قرمز,2,256.0,3.0,16500000
اپل iPhone 13 Pro,اپل,در حد نو,اصل,آبی,2,256.0,6.0,25000000
سامسونگ Galaxy A22,سامسونگ,در حد نو,اصل,سفید,2,64.0,4.0,4800000
اپل iPhone 11 Pro Max,اپل,در حد نو,اصل,طلایی,1,512.0,4.0,42000000
اپل iPhone 13,اپل,نو,اصل,مشکی,2,128.0,4.0,20000000
اپل iPhone 8,اپل,در حد نو,اصل,طلایی,1,64.0,2.0,8500000
سامسونگ Galaxy A30s,سامسونگ,در حد نو,اصل,مشکی,2,128.0,4.0,3900000
اپل iPhone 12 Pro Max,اپل,در حد نو,اصل,طلایی,2,256.0,6.0,27000000
اپل iPhone 13 Pro Max,اپل,نو,اصل,نقره‌ای,2,256.0,6.0,135000000
اپل iPhone 13 Pro Max,اپل,در حد نو,اصل,آبی,1,1000.0,6.0,114000000
اپل iPhone 13 Pro,اپل,در حد نو,اصل,طلایی,2,256.0,6.0,29000000
اپل iPhone 5s,اپل,نیاز به تعمیر,اصل,خاکستری,1,16.0,1.0,700000
اپل iPhone 12 Pro,اپل,در حد نو,اصل,نقره‌ای,2,256.0,6.0,39900000
اپل iPhone 13,اپل,نو,اصل,مشکی,2,128.0,4.0,49500000
اپل iPhone 13,اپل,در حد نو,اصل,مشکی,1,128.0,4.0,33800000
سامسونگ Galaxy Note20 Ultra,سامسونگ,کارکرده,اصل,مشکی,2,256.0,8.0,19900000
اپل iPhone 13,اپل,نو,اصل,صورتی,2,128.0,4.0,20000000
اپل iPhone 11,اپل,در حد نو,اصل,مشکی,1,128.0,4.0,21500000
اپل iPhone 13,اپل,در حد نو,اصل,سفید,2,128.0,4.0,15000000
اپل iPhone 12,اپل,در حد نو,اصل,مشکی,2,128.0,4.0,10000000
اپل iPhone 12,اپل,نیاز به تعمیر,اصل,مشکی,2,128.0,4.0,22000000
اپل iPhone 13 Pro,اپل,در حد نو,اصل,آبی,2,256.0,6.0,66000000
سامسونگ Galaxy A20s,سامسونگ,کارکرده,اصل,قرمز,2,32.0,3.0,3300000
هواوی Y7 Prime (2019),هواوی,کارکرده,اصل,آبی,2,64.0,3.0,3200000
اپل iPhone 12 Pro Max,اپل,کارکرده,اصل,طلایی,2,256.0,6.0,11800000
اپل iPhone 13 Pro Max,اپل,در حد نو,اصل,آبی,1,256.0,6.0,75500000
سامسونگ I9301I Galaxy S3 Neo,سامسونگ,کارکرده,اصل,سفید,1,16.0,1.5,700000
اپل iPhone 12,اپل,در حد نو,اصل,قرمز,1,64.0,4.0,20900000
اپل iPhone 6,اپل,نیاز به تعمیر,اصل,طلایی,1,16.0,1.0,1500000
اپل iPhone 7,اپل,کارکرده,اصل,طلایی,1,32.0,2.0,4200000
اپل iPhone 11 Pro,اپل,در حد نو,اصل,طلایی,2,256.0,4.0,12000000
اپل iPhone 7 Plus,اپل,کارکرده,اصل,طلایی,1,32.0,3.0,1111111
اپل iPhone 13,اپل,در حد نو,اصل,سفید,2,128.0,4.0,34800000
اپل iPhone 13 Pro Max,اپل,در حد نو,اصل,آبی,2,256.0,6.0,75000000
ایسوس Zenfone 3s Max ZC521TL,ایسوس,در حد نو,اصل,مشکی,2,32.0,3.0,1650000
اپل iPhone 12 Pro Max,اپل,در حد نو,اصل,نقره‌ای,2,256.0,6.0,20000000
سامسونگ Galaxy M22,سامسونگ,در حد نو,اصل,مشکی,2,128.0,4.0,5000000
سامسونگ Galaxy A32,سامسونگ,در حد نو,اصل,آبی,2,128.0,6.0,7150000
اپل iPhone 11,اپل,کارکرده,اصل,مشکی,2,128.0,4.0,10000000
اپل iPhone 6s Plus,اپل,کارکرده,اصل,طلایی,1,16.0,2.0,4700000
اپل iPhone 11 Pro,اپل,در حد نو,اصل,خاکستری,2,256.0,4.0,17000000
سایر,سایر,نو,اصل,سفید,1,32.0,1.0,1650000
سامسونگ Galaxy A30s,سامسونگ,در حد نو,اصل,مشکی,2,128.0,4.0,4000000
اپل iPhone 13,اپل,در حد نو,اصل,مشکی,2,128.0,4.0,38900000
اپل iPhone 13 Pro Max,اپل,نو,اصل,طلایی,1,256.0,6.0,53000000
سامسونگ Galaxy A32,سامسونگ,در حد نو,اصل,آبی,2,128.0,6.0,7050000
اپل iPhone 11 Pro Max,اپل,کارکرده,اصل,طلایی,2,256.0,4.0,13000000
اپل iPhone 13,اپل,در حد نو,اصل,مشکی,2,128.0,4.0,8000000
سامسونگ Galaxy M32 5G,سامسونگ,کارکرده,اصل,آبی,2,128.0,8.0,5500000
اپل iPhone 13 mini,اپل,نو,اصل,صورتی,1,128.0,4.0,62000000
اپل iPhone 8,اپل,در حد نو,اصل,طلایی,1,64.0,2.0,7500000
اپل iPhone X,اپل,در حد نو,اصل,خاکستری,1,64.0,3.0,12500000
اپل iPhone X,اپل,کارکرده,اصل,خاکستری,1,256.0,3.0,13000000
شیائومی Mi 10 Lite 5G,شیائومی,در حد نو,اصل,آبی,2,64.0,6.0,5900000
اپل iPhone 13,اپل,در حد نو,اصل,سفید,2,128.0,4.0,14000000
نوکیا 7 plus,نوکیا,کارکرده,اصل,مشکی,2,64.0,4.0,3500000
سامسونگ Galaxy A7 (2016),سامسونگ,در حد نو,اصل,طلایی,2,16.0,3.0,2000000
سامسونگ Galaxy A50,سامسونگ,در حد نو,اصل,مشکی,2,128.0,4.0,5000000
شیائومی Redmi Note 10,شیائومی,در حد نو,اصل,سفید,2,128.0,4.0,4650000
اپل iPhone 12 Pro Max,اپل,در حد نو,اصل,آبی,2,256.0,6.0,49000000
سامسونگ Galaxy J5,سامسونگ,در حد نو,اصل,مشکی,2,8.0,1.5,2050000
سامسونگ Galaxy S21 Ultra 5G,سامسونگ,در حد نو,اصل,مشکی,2,256.0,12.0,22200000
اپل iPhone 11,اپل,در حد نو,اصل,سفید,2,128.0,4.0,24800000
شیائومی Redmi Note 9,شیائومی,در حد نو,اصل,سبز,2,64.0,4.0,3700000
سامسونگ Galaxy Z Fold3 5G,سامسونگ,در حد نو,اصل,مشکی,1,256.0,12.0,30000000
شیائومی Poco X3,شیائومی,در حد نو,اصل,خاکستری,2,128.0,8.0,6500000
اپل iPhone 11 Pro,اپل,در حد نو,اصل,سبز,1,256.0,4.0,26900000
شیائومی Redmi Note 8 Pro,شیائومی,در حد نو,اصل,آبی,2,64.0,8.0,4500000
اپل iPhone XS,اپل,نیاز به تعمیر,اصل,خاکستری,1,256.0,4.0,1234567
اپل iPhone 8,اپل,در حد نو,اصل,خاکستری,1,64.0,2.0,7800000
شیائومی Mi 11X Pro,شیائومی,در حد نو,اصل,مشکی,2,128.0,8.0,3000000
سامسونگ Galaxy S10+,سامسونگ,نو,اصل,سفید,2,512.0,12.0,12000000
اپل iPhone 11,اپل,در حد نو,اصل,مشکی,1,128.0,4.0,21000000
نوکیا C20,نوکیا,در حد نو,اصل,آبی,2,32.0,2.0,2500000
اپل iPhone 6,اپل,در حد نو,اصل,نقره‌ای,1,16.0,1.0,3000000
سامسونگ Galaxy S21,سامسونگ,نو,اصل,خاکستری,2,128.0,8.0,22000000
هواوی Y6 Pro,هواوی,نیاز به تعمیر,اصل,طلایی,2,16.0,2.0,700000
سامسونگ Galaxy J7,سامسونگ,در حد نو,اصل,سفید,2,16.0,1.5,2200000
اپل iPhone 13 Pro Max,اپل,نو,اصل,آبی,2,256.0,6.0,49000000
اپل iPhone 13,اپل,نو,اصل,آبی,2,128.0,4.0,43000000
اپل iPhone X,اپل,کارکرده,اصل,خاکستری,1,64.0,3.0,12500000
اپل iPhone 13,اپل,در حد نو,اصل,صورتی,2,128.0,4.0,44000000
اپل iPhone 8 Plus,اپل,کارکرده,اصل,طلایی,1,64.0,3.0,9000000
اپل iPhone X,اپل,در حد نو,اصل,خاکستری,1,64.0,3.0,12900000
سامسونگ Galaxy A21s,سامسونگ,کارکرده,اصل,آبی,2,64.0,3.0,4400000
اپل iPhone 7,اپل,کارکرده,اصل,مشکی,1,128.0,2.0,5850000
موتورولا Moto Z2 Force,موتورولا,نو,اصل,مشکی,1,64.0,4.0,4900000
اپل iPhone 13,اپل,در حد نو,اصل,آبی,2,256.0,4.0,41800000
اپل iPhone 13,اپل,در حد نو,اصل,مشکی,2,128.0,4.0,42300000
سامسونگ Galaxy A50,سامسونگ,کارکرده,اصل,آبی,2,128.0,4.0,5000000
سامسونگ Galaxy J7 Prime,سامسونگ,کارکرده,اصل,مشکی,2,32.0,3.0,2800000
اپل iPhone 11,اپل,در حد نو,اصل,سفید,1,128.0,4.0,22500000
اپل iPhone 6,اپل,کارکرده,اصل,خاکستری,1,64.0,1.0,2300000
سامسونگ Galaxy A20s,سامسونگ,کارکرده,اصل,مشکی,2,32.0,4.0,4000000
اپل iPhone 13,اپل,نو,اصل,صورتی,2,128.0,4.0,43000000
اپل iPhone 11,اپل,کارکرده,اصل,مشکی,2,256.0,4.0,13000000
سامسونگ Galaxy A31,سامسونگ,در حد نو,اصل,سفید,2,128.0,4.0,3500000
اپل iPhone 13 Pro Max,اپل,در حد نو,اصل,آبی,2,256.0,6.0,100000000
نوکیا 2.3,نوکیا,در حد نو,اصل,سبز,2,32.0,2.0,2500000
اپل iPhone 7 Plus,اپل,کارکرده,اصل,مشکی,1,256.0,3.0,8300000
اپل iPhone 13,اپل,نو,اصل,مشکی,2,128.0,4.0,42000000
اپل iPhone 12 Pro Max,اپل,در حد نو,اصل,نقره‌ای,2,256.0,6.0,25000000
اپل iPhone SE,اپل,در حد نو,اصل,خاکستری,1,128.0,2.0,13000000
اپل iPhone XS,اپل,نو,اصل,طلایی,1,256.0,4.0,13200000
اپل iPhone 13,اپل,در حد نو,اصل,سفید,2,256.0,4.0,53000000
اپل iPhone 13,اپل,کارکرده,اصل,آبی,2,256.0,4.0,44000000
اپل iPhone 13 Pro,اپل,کارکرده,اصل,آبی,2,128.0,6.0,57800000
اپل iPhone 13,اپل,نو,اصل,سفید,2,128.0,4.0,18500000
اپل iPhone 13 Pro Max,اپل,در حد نو,اصل,آبی,2,256.0,6.0,36000000
اپل iPhone 13,اپل,در حد نو,اصل,مشکی,2,128.0,4.0,42200000
اپل iPhone 11,اپل,در حد نو,اصل,سفید,1,128.0,4.0,24500000
اپل iPhone 13,اپل,در حد نو,اصل,آبی,2,128.0,4.0,14000000
سامسونگ Galaxy A11,سامسونگ,در حد نو,اصل,آبی,2,32.0,3.0,3450000
اپل iPhone 6 Plus,اپل,کارکرده,اصل,طلایی,1,64.0,1.0,4200000
سامسونگ Galaxy A52 5G,سامسونگ,در حد نو,اصل,آبی,2,128.0,6.0,8400000
سامسونگ Galaxy J5 (2017),سامسونگ,در حد نو,اصل,مشکی,2,16.0,3.0,3100000
اپل iPhone 13,اپل,نو,اصل,آبی,2,128.0,4.0,47500000
سامسونگ Galaxy S5,سامسونگ,در حد نو,اصل,سفید,1,16.0,2.0,1480000
اپل iPhone 13,اپل,نو,اصل,سفید,2,128.0,4.0,1111111
اپل iPhone 13,اپل,نو,اصل,مشکی,2,512.0,4.0,68000000
سامسونگ Galaxy S7 edge,سامسونگ,کارکرده,اصل,طلایی,2,32.0,4.0,2800000
اپل iPhone 13 Pro Max,اپل,در حد نو,اصل,طلایی,2,256.0,6.0,77000000
اپل iPhone 5,اپل,کارکرده,اصل,سفید نقره‌ای,1,16.0,1.0,1000000
اپل iPhone 13,اپل,نو,اصل,آبی,2,128.0,4.0,47000000
اپل iPhone 12,اپل,در حد نو,اصل,سفید,1,64.0,4.0,22000000
اپل iPhone XS,اپل,در حد نو,اصل,طلایی,1,256.0,4.0,15000000
سامسونگ Galaxy A32,سامسونگ,در حد نو,اصل,سفید,2,128.0,6.0,7200000
اپل iPhone 13 Pro,اپل,کارکرده,اصل,آبی,2,256.0,6.0,65000000
سامسونگ Galaxy A52s 5G,سامسونگ,در حد نو,اصل,مشکی,2,256.0,8.0,10900000
شیائومی 11T,شیائومی,در حد نو,اصل,خاکستری,2,128.0,8.0,10500000
اپل iPhone 12,اپل,نو,اصل,سفید,1,128.0,4.0,28000000
شیائومی Mi 10T 5G,شیائومی,کارکرده,اصل,مشکی,2,128.0,6.0,6600000
سایر,سایر,کارکرده,اصل,سفید,1,8.0,1.0,550000
اپل iPhone 13 Pro Max,اپل,در حد نو,اصل,آبی,2,256.0,6.0,105000000
سامسونگ Galaxy Grand I9082,سامسونگ,کارکرده,اصل,سفید,2,8.0,1.0,800000
اپل iPhone 13,اپل,در حد نو,اصل,آبی,2,128.0,4.0,43500000
سامسونگ Galaxy A11,سامسونگ,در حد نو,اصل,آبی,2,32.0,2.0,3000000
سامسونگ Galaxy A10s,سامسونگ,کارکرده,اصل,قرمز,2,32.0,2.0,3200000
شیائومی Redmi 9,شیائومی,در حد نو,اصل,سبز,2,128.0,6.0,4000000
اپل iPhone 11,اپل,در حد نو,اصل,سفید,1,128.0,4.0,24900000
اپل iPhone 13,اپل,در حد نو,اصل,صورتی,2,128.0,4.0,36500000
سامسونگ Galaxy A52s 5G,سامسونگ,نو,اصل,بنفش,2,256.0,8.0,9500000
اپل iPhone 13,اپل,نو,اصل,آبی,2,256.0,4.0,42000000
اپل iPhone 13 Pro,اپل,در حد نو,اصل,طلایی,2,256.0,6.0,70000000
سامسونگ Galaxy A10,سامسونگ,در حد نو,اصل,مشکی,2,32.0,4.0,2000000
شیائومی Redmi 9T,شیائومی,در حد نو,اصل,خاکستری,2,128.0,4.0,4500000
اپل iPhone 7,اپل,در حد نو,اصل,طلایی,1,128.0,2.0,6500000
اپل iPhone X,اپل,نو,اصل,خاکستری,1,256.0,3.0,13000000
شیائومی Poco F3,شیائومی,در حد نو,اصل,آبی,2,256.0,8.0,9000000
شیائومی Mi 11 Ultra,شیائومی,در حد نو,اصل,مشکی,2,512.0,12.0,30000000
اپل iPhone 13 Pro,اپل,نو,اصل,آبی,1,128.0,6.0,72000000
اپل iPhone 13 Pro,اپل,در حد نو,اصل,آبی,2,256.0,6.0,70000000
اپل iPhone 13,اپل,کارکرده,اصل,قرمز,2,128.0,4.0,34400000
سایر,سایر,نیاز به تعمیر,اصل,مشکی,2,64.0,8.0,10000000
موتورولا Moto E6 Plus,موتورولا,کارکرده,اصل,قرمز,2,64.0,4.0,1250000
اپل iPhone 11 Pro Max,اپل,نو,اصل,طلایی,2,256.0,4.0,36700000
سامسونگ Galaxy A71,سامسونگ,کارکرده,اصل,مشکی,2,128.0,8.0,7950000
سایر,سایر,کارکرده,اصل,سفید,2,16.0,2.0,890000
اپل iPhone 13,اپل,نو,اصل,سفید,2,128.0,4.0,48400000
سامسونگ I9301I Galaxy S3 Neo,سامسونگ,کارکرده,اصل,سفید,1,16.0,1.5,1000000
اپل iPhone XR,اپل,در حد نو,اصل,قرمز,1,64.0,3.0,12000000
اپل iPhone 11,اپل,در حد نو,اصل,مشکی,2,128.0,4.0,22000000
اپل iPhone 7 Plus,اپل,کارکرده,اصل,قرمز,1,256.0,3.0,7000000
اپل iPhone 12 Pro Max,اپل,در حد نو,اصل,آبی,1,256.0,6.0,49000000
شیائومی Redmi Note 9 Pro Max,شیائومی,در حد نو,اصل,سفید,2,64.0,6.0,5000000
اپل iPhone 7,اپل,در حد نو,اصل,مشکی,1,128.0,2.0,4800000
اپل iPhone X,اپل,در حد نو,اصل,خاکستری,1,256.0,3.0,11000000
هواوی Y8p,هواوی,در حد نو,اصل,آبی,2,128.0,6.0,4500000
سامسونگ Galaxy A11,سامسونگ,در حد نو,اصل,سفید,2,32.0,3.0,2900000
بلک‌بری Evolve,بلک‌بری,کارکرده,اصل,مشکی,2,64.0,4.0,4800000
اپل iPhone 12 Pro Max,اپل,در حد نو,اصل,آبی,2,256.0,6.0,52000000
سامسونگ Galaxy Grand Prime,سامسونگ,در حد نو,اصل,سفید,2,8.0,1.0,1200000
سامسونگ Galaxy A7 (2017),سامسونگ,در حد نو,اصل,طلایی,2,32.0,3.0,1590000
اپل iPhone XS Max,اپل,نو,اصل,طلایی,2,64.0,4.0,17500000
شیائومی Redmi Note 10,شیائومی,کارکرده,اصل,مشکی,2,64.0,4.0,4200000
اپل iPhone 11 Pro Max,اپل,در حد نو,اصل,طلایی,1,256.0,4.0,34500000
اپل iPhone 13,اپل,در حد نو,اصل,سفید,2,256.0,4.0,51000000
آنر View 20,آنر,کارکرده,اصل,آبی,2,256.0,8.0,8000000
اپل iPhone 13 Pro,اپل,کارکرده,اصل,آبی,2,256.0,6.0,75000000
شیائومی Redmi Note 10 5G,شیائومی,در حد نو,اصل,خاکستری,2,128.0,6.0,7500000
اپل iPhone 6,اپل,در حد نو,اصل,طلایی,1,16.0,1.0,1500000
اپل iPhone 13 Pro Max,اپل,در حد نو,اصل,آبی,2,256.0,6.0,91500000
اپل iPhone 13 Pro Max,اپل,نو,اصل,آبی,2,256.0,6.0,89500000
اپل iPhone 13 Pro Max,اپل,در حد نو,اصل,آبی,2,256.0,6.0,97500000
شیائومی 11T,شیائومی,در حد نو,اصل,آبی,2,256.0,8.0,10900000
اپل iPhone X,اپل,در حد نو,اصل,خاکستری,1,64.0,3.0,11000000
شیائومی Poco M3,شیائومی,در حد نو,اصل,آبی,2,128.0,4.0,4500000
سامسونگ Galaxy J7,سامسونگ,کارکرده,اصل,سفید,2,16.0,1.5,2700000
اپل iPhone 11,اپل,در حد نو,اصل,مشکی,1,128.0,4.0,23900000
اپل iPhone 12 Pro,اپل,کارکرده,اصل,آبی,1,256.0,6.0,37500000
اپل iPhone 12 Pro,اپل,در حد نو,اصل,طلایی,1,256.0,6.0,37000000
هواوی Y7p,هواوی,در حد نو,اصل,آبی,2,64.0,4.0,4000000
سایر,سایر,نو,اصل,سفید,2,64.0,8.0,6100000
اپل iPhone 12 Pro Max,اپل,در حد نو,اصل,طلایی,1,256.0,6.0,40000000
اپل iPhone 11 Pro,اپل,نو,اصل,سبز,2,256.0,4.0,5000000
سامسونگ Galaxy A10s,سامسونگ,کارکرده,اصل,مشکی,2,32.0,2.0,2950000
اپل iPhone 13 Pro Max,اپل,در حد نو,اصل,طلایی,2,256.0,6.0,91500000
اپل iPhone 13,اپل,نو,اصل,سفید,2,128.0,4.0,48700000
اپل iPhone 11,اپل,نو,اصل,مشکی,1,256.0,4.0,25000000
اپل iPhone 11 Pro,اپل,نو,اصل,خاکستری,2,256.0,4.0,22000000
اپل iPhone 12 Pro,اپل,نو,اصل,آبی,2,256.0,6.0,34000000
اپل iPhone 13 Pro,اپل,نو,اصل,آبی,2,256.0,6.0,46000000
اپل iPhone 13 Pro Max,اپل,نو,اصل,آبی,1,256.0,6.0,60000000
سایر,سایر,نو,اصل,سفید,2,64.0,4.0,4700000
هواوی Y5 (2019),هواوی,کارکرده,اصل,مشکی,2,32.0,2.0,1500000
شیائومی Poco X3 Pro,شیائومی,کارکرده,اصل,آبی,2,256.0,8.0,6000000
اپل iPhone 13 Pro Max,اپل,در حد نو,اصل,آبی,2,256.0,6.0,76000000
شیائومی Poco C31,شیائومی,در حد نو,اصل,آبی,2,64.0,4.0,4500000
شیائومی Redmi K40 Pro+,شیائومی,کارکرده,اصل,مشکی,2,256.0,12.0,13000000
شیائومی Redmi Note 8,شیائومی,در حد نو,اصل,مشکی,2,128.0,4.0,4500000
اپل iPhone X,اپل,کارکرده,اصل,خاکستری,1,256.0,3.0,20000000
اپل iPhone X,اپل,کارکرده,اصل,نقره‌ای,1,256.0,3.0,10700000
شیائومی Mi 11 Lite,شیائومی,کارکرده,اصل,صورتی,2,128.0,6.0,5500000
سامسونگ Galaxy A71,سامسونگ,در حد نو,اصل,مشکی,2,128.0,8.0,8500000
شیائومی Mi A3,شیائومی,در حد نو,اصل,خاکستری,2,64.0,4.0,4200000
اپل iPhone 12,اپل,در حد نو,اصل,مشکی,2,128.0,4.0,27850000
شیائومی Redmi Note 9,شیائومی,نو,اصل,سفید,2,64.0,4.0,4200000
اپل iPhone 7 Plus,اپل,کارکرده,اصل,مشکی,1,128.0,3.0,6000000
شیائومی Redmi Note 10 Pro,شیائومی,در حد نو,اصل,خاکستری,2,128.0,8.0,8000000
اپل iPhone 13,اپل,در حد نو,اصل,سفید,2,128.0,4.0,41000000
سامسونگ Galaxy A7 (2017),سامسونگ,در حد نو,اصل,طلایی,2,32.0,3.0,3000000
اپل iPhone X,اپل,کارکرده,اصل,خاکستری,1,256.0,3.0,10400000
هواوی Y7p,هواوی,در حد نو,اصل,مشکی,2,64.0,4.0,4000000
اپل iPhone 13 Pro Max,اپل,نو,اصل,طلایی,2,256.0,6.0,47000000
اپل iPhone 13,اپل,در حد نو,اصل,قرمز,2,256.0,4.0,42000000
سامسونگ Galaxy A5 (2017),سامسونگ,در حد نو,اصل,مشکی,1,32.0,3.0,2700000
اپل iPhone 11 Pro,اپل,نو,اصل,نقره‌ای,2,256.0,4.0,31500000
هواوی Y5 lite (2018),هواوی,کارکرده,اصل,مشکی,2,16.0,1.0,1000000
سامسونگ Galaxy J5 (2016),سامسونگ,کارکرده,اصل,طلایی,2,16.0,2.0,1450000
اپل iPhone 13 Pro Max,اپل,در حد نو,اصل,آبی,2,512.0,6.0,85000000
اپل iPhone 13,اپل,در حد نو,اصل,سفید,2,128.0,4.0,45500000
اپل iPhone 7 Plus,اپل,نو,اصل,مشکی,1,128.0,3.0,7500000
سامسونگ Galaxy A20s,سامسونگ,کارکرده,اصل,مشکی,2,32.0,3.0,3400000
اپل iPhone 11,اپل,در حد نو,اصل,سفید,2,128.0,4.0,26500000
اپل iPhone 13,اپل,در حد نو,اصل,صورتی,2,128.0,4.0,43000000
اپل iPhone 13,اپل,در حد نو,اصل,مشکی,2,128.0,4.0,39000000
اپل iPhone 13 Pro Max,اپل,در حد نو,اصل,طلایی,2,256.0,6.0,78000000
سامسونگ Galaxy A51,سامسونگ,کارکرده,اصل,مشکی,2,128.0,8.0,5250000
اپل iPhone 11 Pro,اپل,در حد نو,اصل,سبز,2,256.0,4.0,28800000
سامسونگ Galaxy A10,سامسونگ,در حد نو,اصل,مشکی,2,32.0,2.0,3200000
اپل iPhone X,اپل,در حد نو,اصل,خاکستری,1,64.0,3.0,10000000
اپل iPhone X,اپل,در حد نو,اصل,خاکستری,1,64.0,3.0,9500000
سونی Xperia Z5,سونی,نیاز به تعمیر,اصل,سفید,1,32.0,3.0,500000
شیائومی 11T Pro,شیائومی,در حد نو,اصل,خاکستری,2,256.0,12.0,12950000
سامسونگ Galaxy J5,سامسونگ,نو,اصل,سفید,2,16.0,1.5,3300000
سایر,سایر,نو,اصل,مشکی,2,64.0,4.0,2000000
اپل iPhone 13,اپل,در حد نو,اصل,سفید,2,256.0,4.0,56000000
شیائومی Mi Max 4 Pro,شیائومی,در حد نو,اصل,مشکی,2,128.0,6.0,6000000
اپل iPhone 8 Plus,اپل,نو,اصل,خاکستری,1,64.0,3.0,6000000
اپل iPhone 8 Plus,اپل,در حد نو,اصل,نقره‌ای,1,64.0,3.0,9200000
شیائومی Mi Note 10,شیائومی,در حد نو,اصل,مشکی,2,256.0,6.0,8750000
شیائومی Redmi 5A,شیائومی,در حد نو,اصل,خاکستری,2,16.0,2.0,1700000
اپل iPhone 12 Pro,اپل,نو,اصل,آبی,1,256.0,6.0,35500000
شیائومی Poco X3 NFC,شیائومی,نو,اصل,آبی,2,128.0,6.0,5500000
اپل iPhone 12 Pro Max,اپل,نو,اصل,آبی,1,256.0,6.0,42500000
شیائومی Redmi Note 4X,شیائومی,در حد نو,اصل,طلایی,2,32.0,3.0,2500000
اپل iPhone 7,اپل,کارکرده,اصل,مشکی,1,128.0,2.0,4820000
اپل iPhone 13 Pro Max,اپل,در حد نو,اصل,آبی,1,256.0,6.0,75000000
شیائومی Poco X3 NFC,شیائومی,در حد نو,اصل,آبی,2,128.0,6.0,6000000
سامسونگ Galaxy A51,سامسونگ,نو,اصل,آبی,2,128.0,6.0,4500000
نوکیا 5.3,نوکیا,در حد نو,اصل,مشکی,2,64.0,4.0,2500000
سایر,سایر,در حد نو,اصل,سفید,2,16.0,1.0,1600000
اپل iPhone 13,اپل,نو,اصل,آبی,2,128.0,4.0,46000000
سامسونگ Galaxy J5 Prime,سامسونگ,کارکرده,اصل,طلایی,2,16.0,2.0,2500000
سایر,سایر,در حد نو,اصل,سفید,2,64.0,8.0,6000000
اپل iPhone 11 Pro,اپل,در حد نو,اصل,طلایی,1,256.0,4.0,32000000
اپل iPhone 11 Pro Max,اپل,در حد نو,اصل,طلایی,2,64.0,4.0,30000000
سامسونگ Galaxy S21 Ultra 5G,سامسونگ,در حد نو,اصل,مشکی,2,256.0,12.0,21900000
اپل iPhone 11,اپل,در حد نو,اصل,سفید,2,128.0,4.0,26000000
اپل iPhone 12 Pro,اپل,در حد نو,اصل,آبی,2,256.0,6.0,38000000
سامسونگ Galaxy J7 (2016),سامسونگ,کارکرده,اصل,مشکی,2,16.0,2.0,3800000
اپل iPhone 7,اپل,کارکرده,اصل,نقره‌ای,1,32.0,2.0,5000000
اپل iPhone 12 Pro,اپل,در حد نو,اصل,آبی,1,256.0,6.0,57000000
شیائومی Mi 11 Pro,شیائومی,در حد نو,اصل,مشکی,2,128.0,8.0,8500000
سامسونگ Galaxy S21,سامسونگ,کارکرده,اصل,خاکستری,2,128.0,8.0,12800000
سامسونگ Galaxy A22,سامسونگ,در حد نو,اصل,بنفش,2,128.0,4.0,6200000
اپل iPhone 13 Pro,اپل,در حد نو,اصل,نقره‌ای,1,256.0,6.0,58000000
اپل iPhone X,اپل,در حد نو,اصل,خاکستری,1,64.0,3.0,8700000
بلک‌بری Passport,بلک‌بری,نو,اصل,سفید,1,32.0,3.0,34800000
اپل iPhone 13,اپل,در حد نو,اصل,مشکی,1,128.0,4.0,46000000
اپل iPhone 11,اپل,در حد نو,اصل,سبز,1,64.0,4.0,19000000
اپل iPhone 7,اپل,در حد نو,اصل,مشکی,1,128.0,2.0,5500000
ال‌جی X screen,ال‌جی,در حد نو,اصل,سفید,2,16.0,2.0,900000
اپل iPhone 12 mini,اپل,در حد نو,اصل,سبز,1,128.0,4.0,23500000
سامسونگ Galaxy A50s,سامسونگ,کارکرده,اصل,سفید,2,128.0,6.0,5600000
اپل iPhone 13 Pro Max,اپل,در حد نو,اصل,آبی,1,256.0,6.0,44800000
اپل iPhone SE (2020),اپل,کارکرده,اصل,سفید,1,128.0,3.0,9750000
اپل iPhone SE,اپل,در حد نو,اصل,خاکستری,1,128.0,2.0,11000000
سامسونگ Galaxy A50,سامسونگ,در حد نو,اصل,آبی,2,128.0,4.0,4000000
شیائومی Mi A3,شیائومی,نو,اصل,خاکستری,2,64.0,4.0,5300000
اپل iPhone 13,اپل,نو,اصل,مشکی,2,128.0,4.0,43000000
سامسونگ Galaxy A31,سامسونگ,در حد نو,اصل,آبی,2,128.0,6.0,6500000
اپل iPhone 13,اپل,در حد نو,اصل,آبی,2,128.0,4.0,45000000
آنر 8S,آنر,در حد نو,اصل,آبی,2,32.0,2.0,2500000
شیائومی Mi A3,شیائومی,در حد نو,اصل,سفید,2,128.0,4.0,4500000
شیائومی Poco M3 Pro 5G,شیائومی,در حد نو,اصل,خاکستری,2,128.0,6.0,5500000
آنر 9X,آنر,در حد نو,اصل,آبی,2,128.0,6.0,2200000
اپل iPhone 13 Pro,اپل,در حد نو,اصل,آبی,2,256.0,6.0,85000000
اپل iPhone 13 mini,اپل,نو,غیر اصل,آبی,1,128.0,4.0,8000000
اپل iPhone 12 Pro,اپل,در حد نو,اصل,آبی,1,256.0,6.0,38900000
اپل iPhone 7 Plus,اپل,در حد نو,اصل,مشکی,1,128.0,3.0,5000000
هواوی P smart,هواوی,در حد نو,اصل,مشکی,2,32.0,3.0,2900000
سامسونگ Galaxy S21,سامسونگ,در حد نو,اصل,خاکستری,2,128.0,8.0,17550000
اپل iPhone 13 Pro Max,اپل,در حد نو,اصل,آبی,2,256.0,6.0,77000000
سامسونگ Galaxy A7 (2018),سامسونگ,در حد نو,اصل,آبی,2,128.0,6.0,3000000
سامسونگ Galaxy A32 5G,سامسونگ,در حد نو,اصل,مشکی,2,128.0,8.0,8500000
اپل iPhone 7 Plus,اپل,در حد نو,اصل,طلایی,1,256.0,3.0,8000000
اپل iPhone 11 Pro,اپل,در حد نو,اصل,سبز,1,256.0,4.0,26300000
اپل iPhone 11 Pro,اپل,در حد نو,اصل,خاکستری,2,64.0,4.0,27000000
آنر 8,آنر,کارکرده,اصل,مشکی,2,32.0,4.0,3000000
اپل iPhone 11 Pro Max,اپل,در حد نو,اصل,طلایی,2,256.0,4.0,38000000
اپل iPhone 7 Plus,اپل,در حد نو,اصل,نقره‌ای,1,128.0,3.0,7500000
اپل iPhone 13 Pro Max,اپل,نو,اصل,طلایی,2,256.0,6.0,58000000
هواوی G8,هواوی,کارکرده,اصل,طلایی,2,32.0,3.0,1300000
اپل iPhone 8 Plus,اپل,در حد نو,اصل,خاکستری,1,256.0,3.0,11400000
اپل iPhone 7 Plus,اپل,در حد نو,اصل,مشکی,1,128.0,3.0,8000000
اپل iPhone 6s,اپل,در حد نو,اصل,طلایی,1,64.0,2.0,4200000
هواوی Y6p,هواوی,کارکرده,اصل,مشکی,2,32.0,3.0,2600000
سامسونگ Galaxy S10+,سامسونگ,در حد نو,اصل,مشکی,2,128.0,8.0,12500000
اپل iPhone XS Max,اپل,در حد نو,اصل,خاکستری,1,256.0,4.0,18500000
شیائومی Redmi 9A,شیائومی,در حد نو,اصل,خاکستری,2,32.0,2.0,3300000
اپل iPhone 7 Plus,اپل,در حد نو,اصل,قرمز,1,128.0,3.0,6850000
شیائومی 11T,شیائومی,در حد نو,اصل,خاکستری,2,128.0,8.0,8800000
اپل iPhone 13,اپل,در حد نو,اصل,سفید,2,128.0,4.0,27000000
اپل iPhone XS,اپل,در حد نو,اصل,خاکستری,1,256.0,4.0,16000000
سامسونگ Galaxy A50,سامسونگ,در حد نو,اصل,مشکی,2,128.0,4.0,6200000
اپل iPhone 13,اپل,نو,اصل,صورتی,2,128.0,4.0,40500000
اپل iPhone 12 Pro Max,اپل,در حد نو,اصل,آبی,1,512.0,6.0,54400000
شیائومی Mi Mix 2S,شیائومی,کارکرده,اصل,مشکی,2,128.0,6.0,3500000
اپل iPhone 13,اپل,در حد نو,اصل,مشکی,2,256.0,4.0,41500000
اپل iPhone 11,اپل,نو,اصل,سفید,1,128.0,4.0,20700000
اپل iPhone 13,اپل,در حد نو,اصل,آبی,2,128.0,4.0,38900000
اپل iPhone 12 Pro,اپل,در حد نو,اصل,آبی,2,512.0,6.0,44500000
اپل iPhone 13 Pro,اپل,در حد نو,اصل,طلایی,2,256.0,6.0,79500000
اپل iPhone 11,اپل,در حد نو,اصل,سفید,1,128.0,4.0,23000000
شیائومی Poco X3 NFC,شیائومی,کارکرده,اصل,خاکستری,2,128.0,8.0,1000000
اپل iPhone 11,اپل,در حد نو,اصل,قرمز,1,64.0,4.0,17700000
اپل iPhone 13 Pro Max,اپل,در حد نو,اصل,نقره‌ای,2,256.0,6.0,52500000
شیائومی Mi Note 10,شیائومی,در حد نو,اصل,مشکی,2,128.0,6.0,8650000
هواوی Y5II,هواوی,کارکرده,اصل,آبی,2,8.0,1.0,1200000
اپل iPhone 13,اپل,در حد نو,اصل,مشکی,2,128.0,4.0,38500000
اپل iPhone SE,اپل,کارکرده,اصل,طلایی,1,16.0,2.0,3200000
اپل iPhone 11,اپل,در حد نو,اصل,مشکی,2,128.0,4.0,22500000
شیائومی Redmi 9A,شیائومی,در حد نو,اصل,آبی,2,64.0,4.0,3000000
نوکیا 8,نوکیا,کارکرده,اصل,آبی,2,64.0,4.0,3980000
شیائومی Redmi Note 9T,شیائومی,در حد نو,اصل,بنفش,2,128.0,4.0,5000000
اپل iPhone 13 mini,اپل,نو,اصل,سفید,2,128.0,4.0,47800000
هواوی Y6,هواوی,در حد نو,اصل,سفید,2,8.0,2.0,1600000
سامسونگ Galaxy A7 (2017),سامسونگ,در حد نو,اصل,طلایی,2,32.0,3.0,4000000
هواوی Y7 Prime (2019),هواوی,در حد نو,اصل,آبی,2,32.0,3.0,3500000
آنر 9X,آنر,در حد نو,اصل,مشکی,2,128.0,6.0,4000000
اپل iPhone 8 Plus,اپل,در حد نو,اصل,خاکستری,1,64.0,3.0,12500000
سامسونگ Galaxy Note8,سامسونگ,کارکرده,اصل,خاکستری,1,64.0,6.0,1100000
اپل iPhone 12 Pro,اپل,در حد نو,اصل,طلایی,2,256.0,6.0,36000000
اپل iPhone XS Max,اپل,در حد نو,اصل,خاکستری,1,256.0,4.0,23900000
سامسونگ Galaxy Grand 2,سامسونگ,نو,اصل,مشکی,2,8.0,1.5,2300000
اپل iPhone 13 Pro Max,اپل,در حد نو,اصل,آبی,1,256.0,6.0,47000000
آنر 7A,آنر,کارکرده,اصل,مشکی,2,16.0,3.0,1400000
هواوی Y9 Prime (2019),هواوی,نو,اصل,آبی,2,128.0,4.0,4500000
سامسونگ Galaxy A52s 5G,سامسونگ,در حد نو,اصل,بنفش,2,256.0,8.0,10500000
سامسونگ Galaxy J7 (2016),سامسونگ,کارکرده,اصل,طلایی,2,16.0,2.0,1500000
هواوی Y8p,هواوی,در حد نو,اصل,مشکی,2,128.0,6.0,4100000
اپل iPhone XS Max,اپل,در حد نو,اصل,خاکستری,2,256.0,4.0,17000000
شیائومی 11 Lite 5G NE,شیائومی,در حد نو,اصل,سفید,2,256.0,8.0,8500000
شیائومی Redmi Note 9,شیائومی,در حد نو,اصل,خاکستری,2,128.0,4.0,5500000
اپل iPhone XS Max,اپل,در حد نو,اصل,طلایی,1,256.0,4.0,21900000
اپل iPhone 6s Plus,اپل,در حد نو,اصل,نقره‌ای,1,128.0,2.0,3100000
شیائومی Redmi Note 8,شیائومی,در حد نو,اصل,آبی,2,64.0,4.0,4400000
اپل iPhone 13 Pro Max,اپل,کارکرده,اصل,آبی,2,256.0,6.0,55000000
اپل iPhone 6s Plus,اپل,نو,اصل,خاکستری,1,128.0,2.0,4200000
اپل iPhone X,اپل,نو,اصل,خاکستری,1,64.0,3.0,5000000
اپل iPhone 13 Pro,اپل,در حد نو,اصل,آبی,2,128.0,6.0,58500000
اپل iPhone 11 Pro Max,اپل,کارکرده,اصل,خاکستری,1,256.0,4.0,28000000
اپل iPhone 12,اپل,کارکرده,اصل,آبی,2,128.0,4.0,28000000
اپل iPhone 11 Pro Max,اپل,کارکرده,اصل,خاکستری,2,256.0,4.0,32000000
اپل iPhone 13,اپل,در حد نو,اصل,سفید,2,128.0,4.0,47000000
ال‌جی Folder 2,ال‌جی,در حد نو,اصل,سفید,1,8.0,1.0,1100000
آنر 8X,آنر,در حد نو,اصل,آبی,2,128.0,6.0,7500000
اپل iPhone 12 Pro,اپل,در حد نو,اصل,آبی,1,128.0,6.0,25530000
شیائومی Poco X3 GT,شیائومی,در حد نو,اصل,مشکی,2,256.0,8.0,7000000
شیائومی Redmi Note 8 Pro,شیائومی,در حد نو,اصل,آبی,2,128.0,6.0,2600000
اپل iPhone 11 Pro,اپل,در حد نو,اصل,سبز,1,256.0,4.0,24000000
اپل iPhone 13 Pro Max,اپل,در حد نو,اصل,طلایی,1,256.0,6.0,84000000
اپل iPhone 6s,اپل,کارکرده,اصل,طلایی,1,64.0,2.0,4150000
سامسونگ Galaxy J5 Prime (2017),سامسونگ,در حد نو,اصل,طلایی,2,32.0,3.0,2850000
سامسونگ Galaxy S20 FE,سامسونگ,در حد نو,اصل,آبی,2,128.0,8.0,11000000
اپل iPhone 11 Pro Max,اپل,در حد نو,اصل,طلایی,2,256.0,4.0,32500000
شیائومی Redmi Note 9S,شیائومی,کارکرده,اصل,آبی,2,64.0,4.0,4000000
اپل iPhone 11,اپل,در حد نو,اصل,مشکی,1,256.0,4.0,22000000
شیائومی 11 Lite 5G NE,شیائومی,در حد نو,اصل,مشکی,2,128.0,8.0,8500000
سامسونگ Galaxy J7,سامسونگ,در حد نو,اصل,طلایی,2,16.0,1.5,3100000
اپل iPhone 13,اپل,در حد نو,اصل,صورتی,2,128.0,4.0,42500000
سامسونگ Galaxy J7 (2016),سامسونگ,در حد نو,اصل,مشکی,2,16.0,2.0,2900000
سامسونگ Galaxy M62,سامسونگ,در حد نو,اصل,خاکستری,2,256.0,8.0,10600000
اپل iPhone X,اپل,در حد نو,اصل,خاکستری,1,256.0,3.0,5000000
سامسونگ Galaxy Grand I9080,سامسونگ,در حد نو,اصل,سفید,1,8.0,1.0,500000
سامسونگ Galaxy A52s 5G,سامسونگ,در حد نو,اصل,مشکی,2,256.0,8.0,3680000
اپل iPhone 7 Plus,اپل,در حد نو,اصل,نقره‌ای,1,128.0,3.0,7300000
اپل iPhone X,اپل,در حد نو,اصل,خاکستری,1,64.0,3.0,11500000
شیائومی Redmi Note 8,شیائومی,کارکرده,اصل,آبی,2,128.0,4.0,3500000
اپل iPhone 13,اپل,نو,اصل,صورتی,2,128.0,4.0,50500000
اپل iPhone 7 Plus,اپل,در حد نو,اصل,مشکی,1,128.0,3.0,6500000
اپل iPhone 7 Plus,اپل,کارکرده,اصل,مشکی,1,256.0,3.0,6300000
سامسونگ Galaxy S20 Ultra 5G,سامسونگ,در حد نو,اصل,مشکی,2,128.0,12.0,19900000
اپل iPhone 13,اپل,کارکرده,اصل,آبی,2,128.0,4.0,33000000
اپل iPhone 13,اپل,کارکرده,اصل,سفید,2,256.0,4.0,53000000
اپل iPhone 11,اپل,کارکرده,اصل,مشکی,2,128.0,4.0,1111111
اپل iPhone X,اپل,در حد نو,اصل,خاکستری,1,256.0,3.0,12800000
اپل iPhone 8,اپل,در حد نو,اصل,خاکستری,1,256.0,2.0,6300000
اپل iPhone 11 Pro,اپل,در حد نو,اصل,سبز,2,256.0,4.0,26000000
اپل iPhone 8,اپل,در حد نو,اصل,خاکستری,1,256.0,2.0,8500000
اپل iPhone 12 Pro Max,اپل,در حد نو,اصل,نقره‌ای,1,256.0,6.0,50000000
هواوی Y7 Prime,هواوی,در حد نو,اصل,طلایی,2,32.0,3.0,1600000
شیائومی Mi Note 10,شیائومی,در حد نو,اصل,مشکی,2,128.0,6.0,6500000
اپل iPhone 13 Pro Max,اپل,نو,اصل,طلایی,1,1000.0,6.0,100000000
اپل iPhone 11,اپل,در حد نو,اصل,مشکی,1,128.0,4.0,25000000
اپل iPhone 13 mini,اپل,نو,اصل,آبی,2,128.0,4.0,49000000
اپل iPhone SE (2020),اپل,در حد نو,اصل,سفید,1,128.0,3.0,11111111
اپل iPhone 13,اپل,در حد نو,اصل,مشکی,2,128.0,4.0,37000000
اپل iPhone 7,اپل,در حد نو,اصل,طلایی,1,128.0,2.0,4800000
اپل iPhone X,اپل,نو,اصل,خاکستری,1,256.0,3.0,3950000
سامسونگ Galaxy A12,سامسونگ,نو,اصل,مشکی,2,128.0,4.0,3800000
اپل iPhone 13 Pro Max,اپل,نو,اصل,طلایی,1,256.0,6.0,90000000
اپل iPhone 12 Pro,اپل,در حد نو,اصل,آبی,2,256.0,6.0,30000000
سامسونگ Galaxy Note10,سامسونگ,کارکرده,اصل,مشکی,2,256.0,8.0,16000000
اپل iPhone 11,اپل,در حد نو,اصل,مشکی,2,128.0,4.0,19500000
اپل iPhone 12 Pro,اپل,در حد نو,اصل,طلایی,1,512.0,6.0,42500000
سامسونگ Galaxy S8,سامسونگ,کارکرده,اصل,مشکی,2,64.0,4.0,8000000
اپل iPhone 11,اپل,در حد نو,اصل,بنفش,2,128.0,4.0,19500000
سامسونگ Galaxy S10,سامسونگ,نیاز به تعمیر,اصل,سفید,2,128.0,8.0,3000000
اپل iPhone 13 Pro Max,اپل,نو,اصل,آبی,1,512.0,6.0,180000000
سامسونگ Galaxy A20s,سامسونگ,کارکرده,اصل,آبی,2,32.0,3.0,3500000
اپل iPhone 11 Pro,اپل,در حد نو,اصل,طلایی,2,256.0,4.0,25800000
نوکیا 8.1 Plus,نوکیا,نیاز به تعمیر,اصل,آبی,2,64.0,4.0,800000
سامسونگ Galaxy A52s 5G,سامسونگ,در حد نو,اصل,مشکی,2,256.0,8.0,11000000
شیائومی Poco X3 Pro,شیائومی,کارکرده,اصل,آبی,2,256.0,8.0,4500000
اپل iPhone 13 Pro Max,اپل,در حد نو,اصل,طلایی,2,256.0,6.0,49000000
شیائومی Mi A3,شیائومی,در حد نو,اصل,خاکستری,2,128.0,4.0,4200000
اپل iPhone X,اپل,در حد نو,اصل,خاکستری,1,256.0,3.0,15200000
اپل iPhone 13 Pro,اپل,در حد نو,اصل,آبی,1,512.0,6.0,52000000
کت S22 Flip,کت,نو,اصل,مشکی,1,16.0,2.0,6000000
اپل iPhone 12 Pro Max,اپل,در حد نو,اصل,آبی,1,128.0,6.0,45000000
شیائومی 11T Pro,شیائومی,در حد نو,اصل,خاکستری,2,256.0,8.0,12500000
اپل iPhone 13 Pro Max,اپل,در حد نو,اصل,آبی,1,256.0,6.0,74000000
اپل iPhone 11 Pro Max,اپل,در حد نو,اصل,نقره‌ای,2,256.0,4.0,32500000
اپل iPhone 13 Pro Max,اپل,در حد نو,اصل,نقره‌ای,2,256.0,6.0,83900000
سامسونگ Galaxy A20,سامسونگ,در حد نو,اصل,قرمز,2,32.0,3.0,3790000
سایر,سایر,در حد نو,اصل,سفید,2,8.0,4.0,2000000
سامسونگ Galaxy A20,سامسونگ,در حد نو,اصل,مشکی,2,32.0,3.0,3000000
شیائومی 11T Pro,شیائومی,در حد نو,اصل,آبی,2,256.0,12.0,12800000
اپل iPhone 11 Pro Max,اپل,کارکرده,اصل,سبز,1,256.0,4.0,20000000
اپل iPhone XS Max,اپل,در حد نو,اصل,طلایی,2,64.0,4.0,19000000
اپل iPhone 12 Pro Max,اپل,در حد نو,اصل,نقره‌ای,2,256.0,6.0,50000000
اپل iPhone 13,اپل,نو,اصل,سفید,1,128.0,4.0,50000000
اپل iPhone 12,اپل,در حد نو,اصل,سفید,2,128.0,4.0,31000000
شیائومی Redmi Pro 2,شیائومی,در حد نو,اصل,مشکی,2,64.0,6.0,5600000
شیائومی Poco X3 NFC,شیائومی,در حد نو,اصل,آبی,2,128.0,8.0,5500000
اپل iPhone 13,اپل,نو,اصل,سفید,2,128.0,4.0,38000000
سامسونگ Galaxy A10s,سامسونگ,در حد نو,اصل,مشکی,2,32.0,3.0,2600000
هواوی nova 7i,هواوی,در حد نو,اصل,سبز,2,128.0,8.0,15000000
نوکیا C1,نوکیا,کارکرده,اصل,مشکی,2,16.0,1.0,1200000
اپل iPhone 13 mini,اپل,کارکرده,اصل,آبی,1,256.0,4.0,24800000
اپل iPhone 13 Pro,اپل,نو,اصل,آبی,1,256.0,6.0,65000000
اپل iPhone 13,اپل,نو,اصل,آبی,2,128.0,4.0,45800000
اپل iPhone 13 Pro,اپل,نو,اصل,آبی,1,256.0,6.0,43000000
اپل iPhone 7,اپل,در حد نو,اصل,طلایی,1,32.0,2.0,5200000
اپل iPhone 11 Pro Max,اپل,در حد نو,اصل,طلایی,1,256.0,4.0,30000000
هواوی P30 Pro,هواوی,در حد نو,اصل,بنفش,2,256.0,8.0,18000000
شیائومی Redmi Note 9,شیائومی,در حد نو,اصل,سبز,2,64.0,4.0,4500000
اپل iPhone 13 Pro,اپل,نو,اصل,آبی,2,256.0,6.0,39500000
اپل iPhone 13,اپل,در حد نو,اصل,سفید,2,128.0,4.0,37000000
اپل iPhone XS Max,اپل,کارکرده,اصل,خاکستری,2,256.0,4.0,21500000
اپل iPhone 7,اپل,در حد نو,اصل,طلایی,1,256.0,2.0,111111111
هواوی P10 Lite,هواوی,کارکرده,اصل,مشکی,2,32.0,4.0,2000000
شیائومی Poco X3 Pro,شیائومی,در حد نو,اصل,آبی,2,256.0,8.0,6500000
آنر 8X,آنر,در حد نو,اصل,آبی,2,64.0,4.0,3700000
اپل iPhone 13 Pro Max,اپل,در حد نو,اصل,آبی,2,256.0,6.0,52000000
هواوی Y5 lite (2018),هواوی,در حد نو,اصل,مشکی,2,16.0,1.0,1250000
اپل iPhone 13 Pro Max,اپل,در حد نو,اصل,نقره‌ای,1,128.0,6.0,40000000
اپل iPhone X,اپل,در حد نو,اصل,نقره‌ای,1,256.0,3.0,10000000
اپل iPhone XS,اپل,نو,اصل,نقره‌ای,1,256.0,4.0,18000000
شیائومی Redmi Note 9,شیائومی,کارکرده,اصل,خاکستری,2,64.0,4.0,2700000
سامسونگ Galaxy M10,سامسونگ,در حد نو,اصل,آبی,2,16.0,2.0,3000000
شیائومی Redmi Note 9S,شیائومی,در حد نو,اصل,آبی,2,128.0,6.0,6500000
سامسونگ Galaxy Note8,سامسونگ,کارکرده,اصل,مشکی,2,64.0,6.0,7000000
اپل iPhone 13 Pro Max,اپل,در حد نو,اصل,طلایی,2,1000.0,6.0,139000000
اپل iPhone 13,اپل,در حد نو,اصل,سفید,2,128.0,4.0,46500000
اپل iPhone 13 Pro,اپل,در حد نو,اصل,نقره‌ای,1,256.0,6.0,75000000
اپل iPhone 13 Pro Max,اپل,در حد نو,اصل,آبی,1,256.0,6.0,72000000
شیائومی Redmi 9A,شیائومی,در حد نو,اصل,خاکستری,2,64.0,4.0,3000000
اپل iPhone 12 Pro Max,اپل,در حد نو,اصل,آبی,1,128.0,6.0,49500000
اپل iPhone XR,اپل,کارکرده,اصل,مشکی,1,64.0,3.0,11000000
سونی Xperia E dual,سونی,نیاز به تعمیر,اصل,مشکی,2,4.0,0.512,1500000
هواوی P30 lite,هواوی,در حد نو,اصل,مشکی,2,128.0,6.0,4200000
اپل iPhone 12,اپل,در حد نو,اصل,مشکی,2,128.0,4.0,29900000
اپل iPhone 12,اپل,نو,اصل,آبی,1,128.0,4.0,26000000
شیائومی Redmi Note 10 Pro,شیائومی,در حد نو,اصل,خاکستری,2,128.0,8.0,7500000
اپل iPhone 7 Plus,اپل,کارکرده,اصل,طلایی,1,256.0,3.0,4000000
اپل iPhone 11 Pro,اپل,در حد نو,اصل,خاکستری,1,256.0,4.0,26500000
اپل iPhone 6,اپل,در حد نو,اصل,خاکستری,1,64.0,1.0,3200000
اپل iPhone SE,اپل,در حد نو,اصل,خاکستری,1,64.0,2.0,65000000
اپل iPhone 13,اپل,در حد نو,اصل,آبی,2,128.0,4.0,44800000
اپل iPhone 13 Pro,اپل,در حد نو,اصل,طلایی,1,256.0,6.0,40000000
اپل iPhone 13,اپل,نو,اصل,سفید,2,128.0,4.0,45000000
اپل iPhone 13,اپل,نو,اصل,مشکی,2,128.0,4.0,52000000
اپل iPhone 13,اپل,نو,اصل,مشکی,2,128.0,4.0,49999000
اپل iPhone 12 Pro Max,اپل,در حد نو,اصل,طلایی,2,512.0,6.0,52000000
اپل iPhone 13,اپل,نو,اصل,مشکی,2,128.0,4.0,45000000
شیائومی Redmi Note 10 Pro,شیائومی,در حد نو,اصل,خاکستری,2,128.0,8.0,6900000
سامسونگ Galaxy Note 3 Neo,سامسونگ,در حد نو,اصل,سفید,1,16.0,2.0,2000000
اپل iPhone 13 Pro,اپل,در حد نو,غیر اصل,نقره‌ای,2,128.0,6.0,5000000
اپل iPhone 13,اپل,در حد نو,اصل,سفید,2,128.0,4.0,45900000
شیائومی Redmi Note 9 Pro (India),شیائومی,در حد نو,اصل,آبی,2,128.0,6.0,5700000
شیائومی Poco X3 GT,شیائومی,در حد نو,اصل,مشکی,2,256.0,8.0,7500000
هواوی Y6,هواوی,کارکرده,اصل,مشکی,2,8.0,2.0,1000000
اپل iPhone 13,اپل,نو,اصل,مشکی,2,128.0,4.0,44500000
اپل iPhone 11 Pro Max,اپل,در حد نو,اصل,نقره‌ای,2,256.0,4.0,32000000
اپل iPhone XS,اپل,در حد نو,اصل,خاکستری,1,256.0,4.0,17100000
سامسونگ Galaxy A52s 5G,سامسونگ,در حد نو,اصل,مشکی,2,128.0,8.0,9500000
اپل iPhone 8,اپل,در حد نو,اصل,خاکستری,1,64.0,2.0,6800000
اپل iPhone 11,اپل,کارکرده,اصل,مشکی,1,64.0,4.0,17500000
اپل iPhone 13 Pro Max,اپل,در حد نو,اصل,طلایی,2,256.0,6.0,115000000
اپل iPhone 13 Pro,اپل,نو,اصل,آبی,2,128.0,6.0,85000000
سامسونگ Galaxy J5 (2016),سامسونگ,در حد نو,اصل,طلایی,2,16.0,2.0,2200000
اپل iPhone 13,اپل,کارکرده,اصل,سفید,2,128.0,4.0,41000000
اپل iPhone 13,اپل,در حد نو,اصل,سفید,2,256.0,4.0,50500000
اپل iPhone 7,اپل,نو,اصل,مشکی,1,128.0,2.0,6000000
سامسونگ Galaxy S20 FE 5G,سامسونگ,در حد نو,اصل,سفید,2,128.0,8.0,13000000
اپل iPhone 13,اپل,کارکرده,اصل,مشکی,2,128.0,4.0,31500000
سامسونگ Galaxy A21s,سامسونگ,در حد نو,اصل,آبی,2,64.0,4.0,4600000
هواوی Y5 Prime (2018),هواوی,کارکرده,اصل,مشکی,2,16.0,2.0,1000000
اپل iPhone 13 Pro,اپل,در حد نو,اصل,آبی,2,256.0,6.0,67000000
سایر,سایر,نو,اصل,مشکی,2,64.0,4.0,76500000
اپل iPhone 6,اپل,در حد نو,اصل,خاکستری,1,16.0,1.0,2150000
اپل iPhone 11 Pro Max,اپل,در حد نو,اصل,سبز,2,256.0,4.0,33000000
اپل iPhone 7,اپل,کارکرده,اصل,قرمز,1,128.0,2.0,3800000
اپل iPhone 13 Pro Max,اپل,در حد نو,اصل,آبی,2,256.0,6.0,93000000
سامسونگ Galaxy Note8,سامسونگ,در حد نو,اصل,مشکی,2,64.0,6.0,9200000
سامسونگ Galaxy A52s 5G,سامسونگ,در حد نو,اصل,مشکی,2,128.0,8.0,10000000
هواوی P30 Pro,هواوی,کارکرده,اصل,مشکی,2,256.0,8.0,10500000
سامسونگ Galaxy J3 Pro,سامسونگ,نو,اصل,طلایی,2,16.0,2.0,5800000
اپل iPhone XS,اپل,در حد نو,اصل,طلایی,1,256.0,4.0,16500000
اپل iPhone 12 Pro Max,اپل,در حد نو,اصل,آبی,2,256.0,6.0,44500000
اپل iPhone 13 Pro,اپل,کارکرده,اصل,آبی,1,128.0,6.0,55500000
اپل iPhone 12 Pro,اپل,در حد نو,اصل,طلایی,2,256.0,6.0,39500000
اپل iPhone 13 Pro Max,اپل,در حد نو,اصل,طلایی,2,256.0,6.0,99000000
سامسونگ Galaxy S20 FE,سامسونگ,کارکرده,اصل,آبی,2,256.0,6.0,14000000
اپل iPhone 13,اپل,نو,اصل,مشکی,2,128.0,4.0,51000000
شیائومی 11T Pro,شیائومی,در حد نو,اصل,خاکستری,2,256.0,8.0,13000000
اپل iPhone XR,اپل,در حد نو,اصل,مشکی,2,128.0,3.0,15500000
اپل iPhone 13 Pro Max,اپل,در حد نو,اصل,نقره‌ای,2,256.0,6.0,72000000
سایر,سایر,در حد نو,اصل,مشکی,2,8.0,8.0,7500000
شیائومی Redmi Note 10 Pro,شیائومی,در حد نو,اصل,خاکستری,2,128.0,8.0,7800000
اپل iPhone 8,اپل,در حد نو,اصل,نقره‌ای,1,64.0,2.0,7000000
اپل iPhone 7,اپل,کارکرده,اصل,طلایی,1,32.0,2.0,4000000
اپل iPhone 13 Pro,اپل,نو,اصل,آبی,1,128.0,6.0,69000000
اپل iPhone 7,اپل,در حد نو,اصل,طلایی,1,128.0,2.0,5500000
اپل iPhone 13,اپل,در حد نو,اصل,مشکی,2,128.0,4.0,44500000
اپل iPhone 11,اپل,در حد نو,اصل,بنفش,1,128.0,4.0,20000000
اپل iPhone 13,اپل,نو,اصل,آبی,2,128.0,4.0,49000000
اپل iPhone 7,اپل,در حد نو,اصل,طلایی,1,128.0,2.0,5200000
اپل iPhone 13 Pro Max,اپل,در حد نو,اصل,نقره‌ای,2,256.0,6.0,86000000
اپل iPhone 13 Pro Max,اپل,در حد نو,اصل,نقره‌ای,2,256.0,6.0,75900000
شیائومی Redmi Note 9 Pro (India),شیائومی,نو,اصل,آبی,2,128.0,6.0,5300000
اپل iPhone 6,اپل,در حد نو,اصل,نقره‌ای,1,16.0,1.0,1111111
سامسونگ Galaxy A52,سامسونگ,در حد نو,اصل,بنفش,2,128.0,8.0,8900000
اپل iPhone 13,اپل,نو,اصل,صورتی,2,128.0,4.0,43500000
سامسونگ Galaxy A10s,سامسونگ,در حد نو,اصل,آبی,2,32.0,3.0,1500000
اپل iPhone 13,اپل,نو,اصل,آبی,2,128.0,4.0,48500000
اپل iPhone 11,اپل,نو,اصل,قرمز,2,128.0,4.0,13000000
سامسونگ Galaxy S21 Ultra 5G,سامسونگ,در حد نو,اصل,مشکی,2,256.0,12.0,26500000
سامسونگ Galaxy S10+,سامسونگ,در حد نو,اصل,مشکی,2,128.0,8.0,14300000
اپل iPhone 13,اپل,در حد نو,اصل,آبی,2,256.0,4.0,47400000
اپل iPhone 12 mini,اپل,در حد نو,اصل,آبی,1,64.0,4.0,21000000
اپل iPhone 12 Pro Max,اپل,کارکرده,اصل,طلایی,1,128.0,6.0,44000000
شیائومی Redmi Note 9S,شیائومی,در حد نو,اصل,آبی,2,128.0,6.0,123456789
شیائومی Mi 11 Lite,شیائومی,در حد نو,اصل,مشکی,2,128.0,8.0,7190000
اپل iPhone 12 Pro Max,اپل,در حد نو,اصل,طلایی,2,128.0,6.0,55500000
اپل iPhone XS Max,اپل,نیاز به تعمیر,اصل,خاکستری,1,256.0,4.0,14000000
اپل iPhone 8,اپل,کارکرده,اصل,طلایی,1,64.0,2.0,6300000
سامسونگ Galaxy A50,سامسونگ,در حد نو,اصل,سفید,2,128.0,4.0,5200000
سامسونگ Galaxy Note 4 (USA),سامسونگ,در حد نو,اصل,سفید,1,32.0,3.0,2000000
سامسونگ Galaxy A70,سامسونگ,در حد نو,اصل,آبی,2,128.0,6.0,5900000
اپل iPhone XS Max,اپل,در حد نو,اصل,خاکستری,1,256.0,4.0,18600000
سامسونگ Galaxy Xcover 3,سامسونگ,در حد نو,غیر اصل,خاکستری,1,8.0,1.5,2700000
اپل iPhone 12,اپل,نو,اصل,قرمز,1,128.0,4.0,15000000
اپل iPhone XS,اپل,نو,اصل,طلایی,1,256.0,4.0,9000000
اپل iPhone X,اپل,در حد نو,اصل,نقره‌ای,1,256.0,3.0,13500000
اپل iPhone XR,اپل,نو,اصل,قرمز,1,64.0,3.0,13500000
هواوی Y7 Prime (2019),هواوی,در حد نو,اصل,آبی,2,32.0,3.0,3200000
سامسونگ Galaxy A5 (2017),سامسونگ,نو,اصل,مشکی,2,32.0,3.0,2750000
اپل iPhone 6s Plus,اپل,نو,اصل,خاکستری,1,64.0,2.0,5500000
اپل iPhone 7,اپل,در حد نو,اصل,طلایی,1,128.0,2.0,5700000
اپل iPhone 8,اپل,در حد نو,اصل,خاکستری,1,64.0,2.0,7000000
سامسونگ Galaxy A10,سامسونگ,کارکرده,اصل,آبی,2,32.0,4.0,2180000
هواوی Ascend P2,هواوی,در حد نو,اصل,مشکی,1,16.0,1.0,2500000
اپل iPhone 12,اپل,در حد نو,اصل,مشکی,1,128.0,4.0,28500000
اپل iPhone 11,اپل,در حد نو,اصل,قرمز,1,64.0,4.0,21200000
هواوی Ascend G630,هواوی,کارکرده,اصل,سفید,1,4.0,1.0,750000
اپل iPhone XS Max,اپل,در حد نو,اصل,خاکستری,1,256.0,4.0,20900000
سامسونگ Galaxy S9,سامسونگ,در حد نو,اصل,مشکی,2,64.0,4.0,6600000
اپل iPhone 13,اپل,در حد نو,اصل,سفید,2,256.0,4.0,50000000
شیائومی Redmi Note 10 5G,شیائومی,در حد نو,اصل,سبز,2,128.0,4.0,5600000
سامسونگ Galaxy Z Flip 5G,سامسونگ,کارکرده,اصل,سفید,1,256.0,8.0,32500000
اپل iPhone 13,اپل,در حد نو,اصل,صورتی,1,128.0,4.0,28000000
اپل iPhone 13,اپل,نو,اصل,مشکی,2,128.0,4.0,42400000
اپل iPhone XR,اپل,در حد نو,اصل,مشکی,1,64.0,3.0,15500000
شیائومی Redmi Note 10 Pro Max,شیائومی,در حد نو,اصل,آبی,2,128.0,6.0,6800000
شیائومی Redmi Note 10 Pro,شیائومی,کارکرده,اصل,خاکستری,2,128.0,6.0,6997000
سامسونگ Galaxy A32 5G,سامسونگ,در حد نو,اصل,آبی,2,128.0,6.0,6500000
سامسونگ Galaxy A02,سامسونگ,در حد نو,اصل,مشکی,2,64.0,3.0,3000000
اپل iPhone 13,اپل,در حد نو,اصل,آبی,2,128.0,4.0,43000000
اپل iPhone 11 Pro,اپل,نو,اصل,سبز,2,256.0,4.0,21400000
اپل iPhone XS Max,اپل,در حد نو,اصل,خاکستری,1,64.0,4.0,16000000
اپل iPhone 13,اپل,نو,اصل,مشکی,2,128.0,4.0,46000000
اپل iPhone 5,اپل,در حد نو,اصل,سفید نقره‌ای,1,16.0,1.0,1000000
اپل iPhone 13 Pro Max,اپل,در حد نو,اصل,طلایی,1,256.0,6.0,52000000
اپل iPhone 13 Pro Max,اپل,در حد نو,اصل,طلایی,2,256.0,6.0,86000000
اپل iPhone 13 Pro,اپل,نو,اصل,آبی,1,256.0,6.0,56500000
اپل iPhone 6,اپل,کارکرده,اصل,نقره‌ای,1,128.0,1.0,3700000
اپل iPhone XS Max,اپل,در حد نو,اصل,خاکستری,1,64.0,4.0,14000000
اپل iPhone 13 Pro Max,اپل,در حد نو,اصل,نقره‌ای,2,512.0,6.0,80000000
اپل iPhone 6s,اپل,در حد نو,اصل,طلایی,1,64.0,2.0,3750000
شیائومی Redmi Note 8,شیائومی,در حد نو,اصل,آبی,2,32.0,6.0,3500000
اپل iPhone 13 Pro,اپل,در حد نو,اصل,آبی,1,256.0,6.0,62000000
اپل iPhone 13,اپل,نو,اصل,سفید,2,128.0,4.0,34000000
اپل iPhone 13 Pro Max,اپل,در حد نو,اصل,طلایی,2,256.0,6.0,78500000
اپل iPhone 11,اپل,در حد نو,اصل,مشکی,1,128.0,4.0,18000000
اپل iPhone 13 Pro Max,اپل,در حد نو,اصل,طلایی,1,256.0,6.0,65000000
شیائومی Mi 11 Ultra,شیائومی,در حد نو,اصل,مشکی,2,256.0,12.0,31500000
اپل iPhone 13,اپل,نو,اصل,سفید,2,128.0,4.0,35000000
سامسونگ Galaxy J7 Prime 2,سامسونگ,کارکرده,اصل,مشکی,2,32.0,3.0,3900000
سامسونگ Galaxy A22,سامسونگ,در حد نو,اصل,سبز,2,128.0,6.0,7000000
اپل iPhone 13,اپل,نو,اصل,مشکی,2,256.0,4.0,49000000
اپل iPhone 12 Pro Max,اپل,در حد نو,اصل,طلایی,2,256.0,6.0,55000000
اپل iPhone 12,اپل,در حد نو,اصل,آبی,1,128.0,4.0,30000000
اپل iPhone 13 Pro Max,اپل,در حد نو,اصل,طلایی,2,256.0,6.0,75000000
آنر 6,آنر,کارکرده,اصل,مشکی,1,16.0,3.0,1000000
اپل iPhone XS Max,اپل,در حد نو,اصل,طلایی,2,256.0,4.0,20500000
سامسونگ Galaxy A30,سامسونگ,نو,اصل,سفید,2,64.0,4.0,3000000
اپل iPhone 13,اپل,نو,اصل,صورتی,2,128.0,4.0,49500000
هواوی Y6 (2019),هواوی,در حد نو,اصل,آبی,2,32.0,2.0,2600000
اپل iPhone 11,اپل,کارکرده,اصل,قرمز,2,128.0,4.0,20600000
سایر,سایر,نو,اصل,مشکی,1,64.0,8.0,200000000
شیائومی Poco X3 GT,شیائومی,کارکرده,اصل,آبی,2,128.0,8.0,5500000
اپل iPhone 7,اپل,نو,غیر اصل,طلایی,1,128.0,2.0,2000000
اپل iPhone 13 Pro Max,اپل,نو,اصل,آبی,2,512.0,6.0,62000000
سامسونگ Galaxy A52,سامسونگ,در حد نو,اصل,سفید,2,128.0,8.0,8200000
سامسونگ Galaxy Grand 2,سامسونگ,در حد نو,اصل,مشکی,2,8.0,1.5,1400000
اپل iPhone 13,اپل,در حد نو,اصل,سفید,2,128.0,4.0,37500000
اپل iPhone 7,اپل,کارکرده,اصل,مشکی,1,32.0,2.0,3600000
سامسونگ Galaxy J6+,سامسونگ,نیاز به تعمیر,اصل,مشکی,2,32.0,3.0,1500000
هواوی Y3 (2018),هواوی,کارکرده,اصل,خاکستری,2,8.0,1.0,1000000
سامسونگ Galaxy A31,سامسونگ,در حد نو,اصل,آبی,2,128.0,4.0,6500000
نوکیا C3,نوکیا,در حد نو,اصل,آبی,2,16.0,2.0,3500000
سامسونگ Galaxy S5 Duos,سامسونگ,نیاز به تعمیر,اصل,سفید,2,16.0,2.0,500000
اپل iPhone 11,اپل,کارکرده,اصل,مشکی,1,128.0,4.0,16000000
سامسونگ Galaxy A52s 5G,سامسونگ,در حد نو,اصل,مشکی,2,128.0,8.0,8200000
اپل iPhone 8 Plus,اپل,در حد نو,اصل,خاکستری,1,256.0,3.0,13000000
اپل iPhone 12 Pro Max,اپل,در حد نو,اصل,طلایی,2,256.0,6.0,48500000
اپل iPhone 11 Pro Max,اپل,در حد نو,اصل,سبز,1,512.0,4.0,32000000
سامسونگ Galaxy S21 Ultra 5G,سامسونگ,در حد نو,اصل,مشکی,2,256.0,12.0,27000000
اپل iPhone 11 Pro,اپل,در حد نو,اصل,خاکستری,1,256.0,4.0,22000000
سامسونگ Galaxy A32,سامسونگ,در حد نو,اصل,سفید,2,128.0,6.0,6300000
اپل iPhone 12 mini,اپل,در حد نو,اصل,مشکی,1,128.0,4.0,22000000
اپل iPhone 13,اپل,نو,اصل,مشکی,1,128.0,4.0,43000000
اپل iPhone 12 Pro Max,اپل,کارکرده,اصل,آبی,2,256.0,6.0,49500000
سامسونگ Galaxy J6,سامسونگ,در حد نو,اصل,مشکی,2,32.0,3.0,2300000
هواوی Y5 (2019),هواوی,در حد نو,اصل,آبی,2,32.0,2.0,1300000
اپل iPhone 11 Pro Max,اپل,در حد نو,اصل,سبز,1,256.0,4.0,29800000
هواوی Mate 30 Lite,هواوی,نو,اصل,مشکی,2,128.0,6.0,6000000
اپل iPhone 12 Pro,اپل,در حد نو,اصل,آبی,1,128.0,6.0,38000000
اپل iPhone 11 Pro Max,اپل,در حد نو,اصل,سبز,1,256.0,4.0,28000000
اپل iPhone 13 Pro Max,اپل,نو,اصل,طلایی,2,256.0,6.0,25000000
اپل iPhone 11 Pro,اپل,در حد نو,اصل,خاکستری,1,256.0,4.0,24900000
سامسونگ Galaxy A51,سامسونگ,نیاز به تعمیر,اصل,مشکی,2,128.0,6.0,3700000
هواوی Y6 Pro,هواوی,کارکرده,اصل,طلایی,2,16.0,2.0,3400000
اپل iPhone 12 Pro,اپل,در حد نو,اصل,آبی,1,128.0,6.0,29500000
اپل iPhone 11 Pro,اپل,در حد نو,اصل,طلایی,1,256.0,4.0,28000000
سامسونگ Galaxy Note 3,سامسونگ,کارکرده,اصل,مشکی,1,32.0,3.0,1500000
شیائومی Redmi 9A,شیائومی,در حد نو,اصل,آبی,2,32.0,2.0,3200000
اپل iPhone 11 Pro,اپل,در حد نو,اصل,سبز,1,256.0,4.0,25700000
اپل iPhone 11 Pro Max,اپل,در حد نو,اصل,سبز,2,256.0,4.0,31000000
شیائومی Redmi Note 10 Pro,شیائومی,در حد نو,اصل,خاکستری,2,128.0,8.0,7100000
شیائومی Mi 11X,شیائومی,در حد نو,اصل,مشکی,2,128.0,8.0,6000000
اپل iPhone 13 Pro Max,اپل,در حد نو,اصل,نقره‌ای,2,256.0,6.0,79000000
سامسونگ I9190 Galaxy S4 mini,سامسونگ,کارکرده,اصل,مشکی,1,8.0,1.5,700000
شیائومی Poco X3 NFC,شیائومی,در حد نو,اصل,خاکستری,2,64.0,6.0,5200000
سونی Xperia 5 III,سونی,نو,اصل,مشکی,2,128.0,8.0,32000000
سامسونگ Galaxy S21 Ultra 5G,سامسونگ,در حد نو,اصل,نقره‌ای,2,128.0,12.0,25000000
اپل iPhone 13,اپل,در حد نو,اصل,سفید,2,128.0,4.0,35000000
اپل iPhone 13 Pro,اپل,در حد نو,اصل,نقره‌ای,1,128.0,6.0,54000000
هواوی Y9s,هواوی,در حد نو,اصل,مشکی,2,128.0,6.0,5195000
اپل iPhone 12 Pro,اپل,در حد نو,اصل,طلایی,1,256.0,6.0,31000000
اپل iPhone 13,اپل,در حد نو,اصل,سفید,2,256.0,4.0,55000000
اپل iPhone 7 Plus,اپل,در حد نو,اصل,طلایی,1,128.0,3.0,6790000
هواوی nova 7i,هواوی,کارکرده,اصل,مشکی,2,128.0,8.0,4200000
شیائومی Poco M3,شیائومی,کارکرده,اصل,زرد,2,64.0,4.0,3500000
اپل iPhone SE (2020),اپل,در حد نو,اصل,قرمز,1,128.0,3.0,12500000
اپل iPhone 11,اپل,نو,اصل,سفید,2,128.0,4.0,21400000
سامسونگ Galaxy A10,سامسونگ,کارکرده,اصل,آبی,2,32.0,2.0,3000000
سایر,سایر,در حد نو,اصل,مشکی,2,64.0,8.0,18000000
شیائومی Redmi Note 9 Pro,شیائومی,کارکرده,اصل,سبز,2,128.0,6.0,5000000
اپل iPhone 11,اپل,نو,اصل,سفید,2,128.0,4.0,23950000
سامسونگ Galaxy S9+,سامسونگ,کارکرده,اصل,مشکی,2,64.0,6.0,7000000
هواوی nova 5T,هواوی,کارکرده,اصل,آبی,2,128.0,8.0,6500000
سامسونگ Galaxy J7 Pro,سامسونگ,کارکرده,اصل,آبی,2,32.0,3.0,3100000
ال‌جی V20,ال‌جی,در حد نو,اصل,نقره‌ای,1,32.0,4.0,4100000
اپل iPhone 13,اپل,در حد نو,اصل,مشکی,2,128.0,4.0,42900000
شیائومی Mi 11,شیائومی,در حد نو,اصل,خاکستری,2,256.0,8.0,9000000
هواوی nova 9,هواوی,در حد نو,اصل,مشکی,2,128.0,8.0,10000000
اپل iPhone 11,اپل,در حد نو,اصل,مشکی,2,128.0,4.0,18500000
هواوی Y6II Compact,هواوی,در حد نو,اصل,طلایی,2,16.0,2.0,1400000
اپل iPhone 8,اپل,در حد نو,اصل,طلایی,1,256.0,2.0,9000000
اپل iPhone 7,اپل,کارکرده,اصل,مشکی,1,128.0,2.0,3492000
اپل iPhone 13 Pro,اپل,در حد نو,اصل,آبی,2,256.0,6.0,73500000
اپل iPhone 6s Plus,اپل,در حد نو,اصل,نقره‌ای,1,64.0,2.0,4500000
اپل iPhone 12 Pro Max,اپل,نو,اصل,آبی,2,256.0,6.0,58000000
سامسونگ Galaxy S5 Duos,سامسونگ,کارکرده,اصل,مشکی,2,16.0,2.0,1800000
هواوی Ascend G312,هواوی,کارکرده,اصل,مشکی,1,4.0,1.0,1000000
اپل iPhone 11 Pro,اپل,در حد نو,اصل,سبز,1,256.0,4.0,25200000
اپل iPhone XS,اپل,کارکرده,اصل,طلایی,1,256.0,4.0,14000000
شیائومی Redmi Note 9T,شیائومی,در حد نو,اصل,مشکی,2,128.0,4.0,5500000
سامسونگ Galaxy Note8,سامسونگ,کارکرده,اصل,طلایی,2,64.0,6.0,10000000
سامسونگ Galaxy A71,سامسونگ,کارکرده,اصل,مشکی,2,128.0,8.0,4900000
سامسونگ Galaxy Xcover 5,سامسونگ,کارکرده,اصل,مشکی,2,64.0,4.0,2000000
اپل iPhone XS,اپل,کارکرده,اصل,طلایی,1,256.0,4.0,9500000
سامسونگ Galaxy J5,سامسونگ,کارکرده,اصل,طلایی,2,8.0,1.5,1300000
اپل iPhone 6s,اپل,در حد نو,اصل,نقره‌ای,1,64.0,2.0,4500000
اپل iPhone 13,اپل,نو,اصل,مشکی,2,128.0,4.0,46750000
شیائومی Redmi Note 8T,شیائومی,کارکرده,اصل,خاکستری,2,64.0,4.0,3200000
اپل iPhone 8 Plus,اپل,در حد نو,اصل,نقره‌ای,1,64.0,3.0,8350000
اپل iPhone 13 Pro Max,اپل,در حد نو,اصل,طلایی,2,256.0,6.0,79500000
سامسونگ Galaxy S21 5G,سامسونگ,در حد نو,اصل,خاکستری,2,256.0,8.0,16800000
سایر,سایر,در حد نو,اصل,سفید,1,64.0,8.0,65000000
اپل iPhone 13 Pro Max,اپل,در حد نو,اصل,آبی,2,256.0,6.0,89000000
اپل iPhone X,اپل,نو,اصل,نقره‌ای,1,256.0,3.0,13500000
جی‌پلاس P10,جی‌پلاس,در حد نو,اصل,آبی,2,32.0,2.0,3000000
اپل iPhone XS,اپل,کارکرده,اصل,خاکستری,1,256.0,4.0,14500000
سامسونگ Galaxy A12,سامسونگ,کارکرده,اصل,آبی,2,64.0,4.0,4000000
اپل iPhone 11 Pro,اپل,در حد نو,اصل,خاکستری,2,64.0,4.0,21000000
اپل iPhone 13,اپل,نو,اصل,آبی,2,256.0,4.0,58999000
هواوی Y6II Compact,هواوی,در حد نو,اصل,طلایی,2,16.0,2.0,3200000
اپل iPhone 7,اپل,در حد نو,اصل,طلایی,1,32.0,2.0,3500000
هواوی Ascend G628,هواوی,نیاز به تعمیر,اصل,سفید,2,8.0,1.0,1500000
اپل iPhone 11,اپل,در حد نو,اصل,مشکی,2,128.0,4.0,26000000
اپل iPhone XS Max,اپل,در حد نو,اصل,خاکستری,2,256.0,4.0,25000000
اپل iPhone 12 Pro Max,اپل,در حد نو,اصل,طلایی,1,256.0,6.0,42000000
اپل iPhone 12,اپل,در حد نو,اصل,سفید,2,128.0,4.0,29500000
هواوی P30 lite,هواوی,کارکرده,اصل,مشکی,2,128.0,6.0,3450000
اپل iPhone 11,اپل,در حد نو,اصل,مشکی,1,128.0,4.0,22500000
اپل iPhone 6s,اپل,در حد نو,اصل,نقره‌ای,1,64.0,2.0,3850000
سایر,سایر,در حد نو,اصل,مشکی,2,64.0,4.0,6100000
اپل iPhone XS,اپل,در حد نو,اصل,خاکستری,1,512.0,4.0,19400000
سامسونگ Galaxy A12,سامسونگ,در حد نو,اصل,مشکی,2,64.0,4.0,3800000
شیائومی Redmi Note 9S,شیائومی,در حد نو,اصل,آبی,2,64.0,4.0,4750000
اپل iPhone 13,اپل,در حد نو,اصل,سفید,2,256.0,4.0,47000000
شیائومی Redmi Note 8T,شیائومی,کارکرده,اصل,خاکستری,2,64.0,4.0,2200000
شیائومی Redmi Note 8,شیائومی,در حد نو,اصل,آبی,2,128.0,4.0,4650000
اپل iPhone XR,اپل,در حد نو,اصل,مشکی,2,128.0,3.0,17500000
اپل iPhone 6 Plus,اپل,کارکرده,اصل,نقره‌ای,1,64.0,1.0,4300000
اپل iPhone 13 Pro,اپل,در حد نو,اصل,آبی,2,256.0,6.0,75000000
هواوی Y9a,هواوی,در حد نو,اصل,مشکی,2,128.0,8.0,5700000
اپل iPhone 13 Pro Max,اپل,نو,اصل,طلایی,2,256.0,6.0,70000000
اپل iPhone 13 Pro,اپل,در حد نو,اصل,نقره‌ای,2,256.0,6.0,64000000
اپل iPhone 7 Plus,اپل,نو,اصل,طلایی,1,128.0,3.0,5000000
اپل iPhone 13,اپل,در حد نو,اصل,مشکی,2,128.0,4.0,34990000
اپل iPhone 12 Pro,اپل,نو,اصل,طلایی,1,256.0,6.0,34500000
اپل iPhone 6s,اپل,در حد نو,اصل,طلایی,1,16.0,2.0,4200000
اپل iPhone 13,اپل,نو,اصل,آبی,2,128.0,4.0,43900000
اپل iPhone 7 Plus,اپل,در حد نو,اصل,مشکی,1,128.0,3.0,5100000
سامسونگ Galaxy Pocket Neo S5310,سامسونگ,کارکرده,اصل,خاکستری,1,4.0,0.512,800000
اپل iPhone 5,اپل,کارکرده,اصل,سفید نقره‌ای,1,16.0,1.0,2000000
هواوی nova 5T,هواوی,نو,اصل,بنفش,2,128.0,8.0,7000000
اپل iPhone 11 Pro,اپل,در حد نو,اصل,سبز,2,512.0,4.0,24000000
اپل iPhone 13 Pro Max,اپل,در حد نو,اصل,آبی,2,256.0,6.0,81000000
اپل iPhone 11,اپل,در حد نو,اصل,مشکی,2,128.0,4.0,21000000
اپل iPhone 13 Pro Max,اپل,در حد نو,اصل,آبی,2,512.0,6.0,80000000
سامسونگ Galaxy S10+,سامسونگ,کارکرده,اصل,مشکی,2,128.0,8.0,5000000
سایر,سایر,نو,اصل,مشکی,2,8.0,1.0,750000
اپل iPhone XS Max,اپل,نو,اصل,خاکستری,1,256.0,4.0,11111111
هواوی Y6 Pro,هواوی,کارکرده,اصل,خاکستری,2,16.0,2.0,1000000
شیائومی 11T Pro,شیائومی,در حد نو,اصل,خاکستری,2,256.0,12.0,14300000
شیائومی Poco F3,شیائومی,در حد نو,اصل,مشکی,2,256.0,8.0,9000000
اپل iPhone X,اپل,در حد نو,اصل,نقره‌ای,1,64.0,3.0,9300000
شیائومی Mi 10T Pro 5G,شیائومی,در حد نو,اصل,آبی,2,256.0,8.0,11500000
اپل iPhone 12 Pro Max,اپل,در حد نو,اصل,طلایی,2,256.0,6.0,50500000
اپل iPhone 11,اپل,در حد نو,اصل,مشکی,2,128.0,4.0,23500000
اپل iPhone 12 Pro Max,اپل,کارکرده,اصل,آبی,2,256.0,6.0,56000000
اپل iPhone 11 Pro,اپل,در حد نو,اصل,خاکستری,1,256.0,4.0,25800000
اپل iPhone 11 Pro Max,اپل,در حد نو,اصل,خاکستری,1,256.0,4.0,28000000
سامسونگ Galaxy M52 5G,سامسونگ,نو,اصل,مشکی,2,128.0,8.0,9500000
اپل iPhone 11,اپل,در حد نو,اصل,سفید,2,128.0,4.0,24000000
اپل iPhone 11 Pro,اپل,در حد نو,اصل,نقره‌ای,1,256.0,4.0,25000000
اپل iPhone 13 Pro Max,اپل,نو,اصل,آبی,1,512.0,6.0,50500000
اپل iPhone 12 Pro Max,اپل,در حد نو,اصل,آبی,2,256.0,6.0,49900000
اپل iPhone 11 Pro,اپل,در حد نو,اصل,خاکستری,1,256.0,4.0,26000000
اپل iPhone 13,اپل,در حد نو,اصل,آبی,2,128.0,4.0,37590000
اپل iPhone 12,اپل,در حد نو,اصل,سفید,2,128.0,4.0,27100000
سامسونگ Galaxy A10s,سامسونگ,در حد نو,اصل,آبی,2,32.0,2.0,3200000
شیائومی Mi 10T Lite 5G,شیائومی,در حد نو,اصل,خاکستری,2,128.0,6.0,5850000
اپل iPhone 11 Pro,اپل,در حد نو,اصل,سبز,1,256.0,4.0,25990000
اپل iPhone 13,اپل,در حد نو,اصل,صورتی,2,128.0,4.0,38800000
اپل iPhone 11,اپل,در حد نو,اصل,مشکی,2,128.0,4.0,22900000
اپل iPhone SE (2020),اپل,در حد نو,اصل,مشکی,1,128.0,3.0,13000000
شیائومی Poco F3,شیائومی,در حد نو,اصل,آبی,2,128.0,6.0,8500000
شیائومی Redmi 9,شیائومی,کارکرده,اصل,صورتی آبی,2,128.0,4.0,4900000
اپل iPhone 11,اپل,کارکرده,اصل,قرمز,1,128.0,4.0,23900000
اپل iPhone 13 Pro Max,اپل,نو,اصل,آبی,2,256.0,6.0,61000000
هواوی nova 8i,هواوی,در حد نو,اصل,آبی,2,128.0,8.0,6500000
اپل iPhone 11,اپل,در حد نو,اصل,مشکی,2,128.0,4.0,21400000
اپل iPhone 11 Pro Max,اپل,در حد نو,اصل,خاکستری,2,256.0,4.0,31300000
اپل iPhone 11 Pro,اپل,در حد نو,اصل,سبز,2,256.0,4.0,29500000
اپل iPhone 12 Pro,اپل,در حد نو,اصل,طلایی,1,256.0,6.0,34000000
اپل iPhone X,اپل,کارکرده,اصل,نقره‌ای,1,64.0,3.0,9500000
اپل iPhone 8,اپل,در حد نو,اصل,قرمز,1,64.0,2.0,7500000
اپل iPhone 13,اپل,نو,اصل,مشکی,2,128.0,4.0,37900000
اپل iPhone 11,اپل,در حد نو,اصل,سفید,1,256.0,4.0,23800000
اپل iPhone 13 Pro,اپل,در حد نو,اصل,نقره‌ای,2,256.0,6.0,70800000
سامسونگ,سامسونگ,نو,اصل,مشکی,2,0.512,12.0,74700000
اپل iPhone XS,اپل,در حد نو,اصل,نقره‌ای,1,256.0,4.0,16850000
شیائومی Poco X3 Pro,شیائومی,در حد نو,اصل,آبی,2,256.0,8.0,6100000
اپل iPhone 13,اپل,در حد نو,اصل,مشکی,2,256.0,4.0,44300000
اپل iPhone 11 Pro Max,اپل,در حد نو,اصل,سبز,2,256.0,4.0,30500000
هواوی Y9a,هواوی,در حد نو,اصل,صورتی,2,128.0,8.0,6150000
اپل iPhone 13,اپل,نو,اصل,سفید,2,128.0,4.0,47199000
شیائومی Mi A3,شیائومی,در حد نو,اصل,آبی,2,64.0,4.0,3600000
اپل iPhone 13,اپل,در حد نو,اصل,آبی,2,256.0,4.0,39200000
سامسونگ Galaxy S20+ 5G,سامسونگ,در حد نو,اصل,مشکی,2,128.0,12.0,13800000
هواوی Y6II Compact,هواوی,در حد نو,اصل,طلایی,2,16.0,2.0,1700000
اپل iPhone 13,اپل,نو,اصل,آبی,2,128.0,4.0,46499000
اپل iPhone 13 Pro Max,اپل,نو,اصل,آبی,2,256.0,6.0,53500000
اپل iPhone 13,اپل,نو,اصل,مشکی,2,128.0,4.0,37500000
اپل iPhone 13 Pro,اپل,نو,اصل,نقره‌ای,2,256.0,6.0,46500000
اپل iPhone 11,اپل,کارکرده,اصل,بنفش,1,128.0,4.0,18000000
اپل iPhone XS,اپل,در حد نو,اصل,طلایی,1,64.0,4.0,12500000
اپل iPhone 11 Pro Max,اپل,کارکرده,اصل,نقره‌ای,2,256.0,4.0,28000000
اپل iPhone 11 Pro,اپل,در حد نو,اصل,سبز,1,256.0,4.0,24600000
اپل iPhone 13,اپل,نو,اصل,آبی,2,128.0,4.0,38800000
اپل iPhone 13 Pro,اپل,در حد نو,اصل,آبی,2,256.0,6.0,65900000
اپل iPhone 13,اپل,کارکرده,اصل,آبی,1,256.0,4.0,29900000
اپل iPhone 11 Pro Max,اپل,کارکرده,اصل,خاکستری,1,256.0,4.0,23500000
اپل iPhone 13 Pro Max,اپل,نو,اصل,آبی,2,256.0,6.0,74000000
اپل iPhone 12 Pro Max,اپل,در حد نو,اصل,آبی,2,256.0,6.0,44800000
اپل iPhone 12,اپل,کارکرده,اصل,قرمز,1,64.0,4.0,26800000
اپل iPhone 12 Pro Max,اپل,کارکرده,اصل,آبی,2,256.0,6.0,52000000
اپل iPhone 13 Pro Max,اپل,کارکرده,اصل,طلایی,2,256.0,6.0,86000000
شیائومی 11T Pro,شیائومی,در حد نو,اصل,آبی,2,256.0,12.0,22500000
اپل iPhone 11,اپل,کارکرده,اصل,مشکی,1,128.0,4.0,19900000
اپل iPhone 13,اپل,در حد نو,اصل,مشکی,2,128.0,4.0,36500000
اپل iPhone 13,اپل,در حد نو,اصل,سفید,2,128.0,4.0,38800000
اپل iPhone 11 Pro,اپل,در حد نو,اصل,خاکستری,1,256.0,4.0,24000000
اپل iPhone 13,اپل,نو,اصل,مشکی,2,128.0,4.0,40990000
اپل iPhone 13 Pro Max,اپل,نو,اصل,آبی,1,128.0,6.0,69900000
اپل iPhone 12 Pro,اپل,نو,اصل,آبی,1,256.0,6.0,33900000
اپل iPhone 13,اپل,نو,اصل,سفید,2,128.0,4.0,42650000
هواوی nova 5T,هواوی,در حد نو,اصل,آبی,2,128.0,8.0,5950000
اپل iPhone 13,اپل,در حد نو,اصل,مشکی,2,256.0,4.0,44500000
اپل iPhone 8,اپل,در حد نو,اصل,طلایی,1,64.0,2.0,6100000
شیائومی Mi 11 Lite,شیائومی,در حد نو,اصل,صورتی,2,128.0,8.0,5700000
اپل iPhone XS,اپل,کارکرده,اصل,خاکستری,1,64.0,4.0,13850000
اپل iPhone 13,اپل,نو,اصل,مشکی,2,128.0,4.0,41900000
سامسونگ Galaxy A12,سامسونگ,کارکرده,اصل,مشکی,2,64.0,4.0,5350000
اپل iPhone 13,اپل,در حد نو,اصل,آبی,2,128.0,4.0,38000000
آنر 6X,آنر,در حد نو,اصل,خاکستری,2,32.0,3.0,2500000
شیائومی Redmi Note 8,شیائومی,در حد نو,اصل,مشکی,2,64.0,4.0,3900000
اپل iPhone 12 Pro Max,اپل,در حد نو,اصل,آبی,2,256.0,6.0,50500000
اپل iPhone 13 Pro Max,اپل,در حد نو,اصل,نقره‌ای,2,256.0,6.0,72990000
اپل iPhone XS,اپل,در حد نو,اصل,خاکستری,1,256.0,4.0,16950000
اپل iPhone 13 Pro Max,اپل,کارکرده,اصل,آبی,2,256.0,6.0,72000000
اپل iPhone XS,اپل,در حد نو,اصل,طلایی,1,256.0,4.0,16000000
هواوی Y5 (2019),هواوی,در حد نو,اصل,مشکی,1,32.0,2.0,2000000
اپل iPhone 12 Pro,اپل,در حد نو,اصل,آبی,2,512.0,6.0,31500000
اپل iPhone 8 Plus,اپل,کارکرده,اصل,طلایی,1,64.0,3.0,7200000
اپل iPhone X,اپل,در حد نو,اصل,خاکستری,1,256.0,3.0,13499000
اپل iPhone 12 Pro,اپل,در حد نو,اصل,نقره‌ای,2,256.0,6.0,37800000
هواوی Y7 (2019),هواوی,کارکرده,اصل,آبی,2,32.0,3.0,2900000
اپل iPhone 11 Pro,اپل,در حد نو,اصل,خاکستری,1,256.0,4.0,27000000
شیائومی Redmi Note 9,شیائومی,در حد نو,اصل,خاکستری,2,128.0,4.0,4200000
اپل iPhone 13 Pro Max,اپل,نو,اصل,نقره‌ای,2,256.0,6.0,79500000
اپل iPhone 13,اپل,نو,اصل,سفید,2,128.0,4.0,41000000
اپل iPhone XS,اپل,کارکرده,اصل,نقره‌ای,1,256.0,4.0,14500000
اپل iPhone 11 Pro,اپل,در حد نو,اصل,خاکستری,1,256.0,4.0,25950000
اپل iPhone 13,اپل,نو,اصل,مشکی,2,128.0,4.0,40800000
شیائومی Redmi 10,شیائومی,نو,اصل,خاکستری,2,64.0,4.0,4930000
کت B35,کت,نو,اصل,مشکی,2,4.0,0.512,770000
اپل iPhone 11 Pro,اپل,کارکرده,اصل,سبز,2,256.0,4.0,100000000
اپل iPhone 13,اپل,در حد نو,اصل,آبی,2,128.0,4.0,36500000
سامسونگ Galaxy A5 (2017),سامسونگ,در حد نو,اصل,طلایی,2,32.0,3.0,2500000
اپل iPhone 13,اپل,نو,اصل,مشکی,2,128.0,4.0,18800000
نوکیا 2720 Flip,نوکیا,نو,اصل,قرمز,2,4.0,0.512,1350000
اپل iPhone 11 Pro,اپل,در حد نو,اصل,خاکستری,1,256.0,4.0,22500000
سایر,سایر,نو,اصل,مشکی,2,512.0,12.0,18800000
