برند و مدل,وضعیت,تعداد سیم‌کارت,اصالت برند,حافظهٔ داخلی,مقدار رم,قیمت,رنگ
سایر,در حد نو,۲ عدد,اصل,,,۴۹۰٬۰۰۰ تومان,مشکی
اپل iPhone 13 Pro,در حد نو,۱ عدد,اصل,,۶ گیگابایت,۳۹٬۰۰۰٬۰۰۰ تومان,
سامسونگ Galaxy Note20 Ultra 5G,در حد نو,۲ عدد,اصل,۲۵۶ گیگابایت,۱۲ گیگابایت,۲۴٬۶۰۰٬۰۰۰ تومان,سفید Mystic
سامسونگ Galaxy A7 (2017),در حد نو,۲ عدد,اصل,۳۲ گیگابایت,۳ گیگابایت,۲٬۵۰۰٬۰۰۰ تومان,طلایی Sand
اپل iPhone 11 Pro Max,در حد نو,۱ عدد,اصل,۲۵۶ گیگابایت,۴ گیگابایت,۳۲٬۰۰۰٬۰۰۰ تومان,خاکستری Matte Space
سامسونگ Galaxy M31s,کارکرده,۲ عدد,اصل,۱۲۸ گیگابایت,۸ گیگابایت,۸٬۵۰۰٬۰۰۰ تومان,آبی Mirage
شیائومی,نو,۲ عدد,اصل,۲۵۶ گیگابایت,۸ گیگابایت,۸٬۴۹۰٬۰۰۰ تومان,
نوکیا 2,در حد نو,۲ عدد,اصل,۸ گیگابایت,۱ گیگابایت,۱٬۷۰۰٬۰۰۰ تومان,مشکی Pewter
اپل iPhone XS Max,در حد نو,۲ عدد,اصل,۲۵۶ گیگابایت,۴ گیگابایت,۱۵٬۰۰۰٬۰۰۰ تومان,
سامسونگ Galaxy Note20 Ultra 5G,در حد نو,۲ عدد,اصل,۲۵۶ گیگابایت,۱۲ گیگابایت,۲۲٬۰۰۰٬۰۰۰ تومان,قهوه‌ای
سامسونگ Galaxy S10,در حد نو,۲ عدد,اصل,۱۲۸ گیگابایت,۸ گیگابایت,۸٬۹۰۰٬۰۰۰ تومان,آبی Smoke
آنر,در حد نو,۲ عدد,اصل,۲۵۶ گیگابایت,۱۲ گیگابایت,۱۳٬۰۰۰٬۰۰۰ تومان,
سامسونگ Galaxy S21+ 5G,در حد نو,۲ عدد,اصل,۲۵۶ گیگابایت,۸ گیگابایت,۱۶٬۸۰۰٬۰۰۰ تومان,نقره‌ای Phantom
هواوی Mate 30 Pro 5G,در حد نو,۲ عدد,اصل,۲۵۶ گیگابایت,۸ گیگابایت,۲۰٬۰۰۰٬۰۰۰ تومان (مقطوع),سبز Forest
سامسونگ Galaxy Note10+,در حد نو,۲ عدد,اصل,۲۵۶ گیگابایت,۱۲ گیگابایت,۱۳٬۰۰۰٬۰۰۰ تومان,مشکی Aura
شیائومی Mi 9T,در حد نو,۲ عدد,اصل,۱۲۸ گیگابایت,۶ گیگابایت,۴٬۹۰۰٬۰۰۰ تومان,آبی Glacier
سایر,در حد نو,۲ عدد,اصل,۲۵۶ گیگابایت,۸ گیگابایت,۱۲٬۲۰۰٬۰۰۰ تومان,آبی Frost
شیائومی Mi 10 5G,در حد نو,۲ عدد,اصل,۲۵۶ گیگابایت,۸ گیگابایت,۹٬۹۰۰٬۰۰۰ تومان,سبز Coral
هواوی Y9 (2019),در حد نو,۲ عدد,اصل,۶۴ گیگابایت,۴ گیگابایت,۱٬۵۰۰٬۰۰۰ تومان,
اپل iPhone SE,در حد نو,۱ عدد,اصل,,۲ گیگابایت,۶٬۳۰۰٬۰۰۰ تومان (مقطوع),
سامسونگ Galaxy M42 5G,کارکرده,۲ عدد,اصل,۱۲۸ گیگابایت,,۱٬۴۰۰٬۰۰۰ تومان (مقطوع),سفید Prism Dot
جی‌‌ال‌ایکس,در حد نو,,اصل,,,۳٬۵۰۰٬۰۰۰ تومان,
اپل iPhone 7,در حد نو,۱ عدد,اصل,۱۲۸ گیگابایت,۲ گیگابایت,۳٬۵۰۰٬۰۰۰ تومان,مشکی
اپل iPhone 13 Pro Max,در حد نو,۲ عدد,غیر اصل,۲۵۶ گیگابایت,۶ گیگابایت,۴٬۰۰۰٬۰۰۰ تومان (مقطوع),graphite
موتورولا,در حد نو,,اصل,,,۱۲٬۵۰۰٬۰۰۰ تومان (مقطوع),
اپل iPhone 12 Pro,در حد نو,۲ عدد,اصل,۵۱۲ گیگابایت,۶ گیگابایت,۴۹٬۸۰۰٬۰۰۰ تومان,graphite
اپل iPhone 13,در حد نو,۲ عدد,اصل,۱۲۸ گیگابایت,۴ گیگابایت,۴۱٬۰۰۰٬۰۰۰ تومان (مقطوع),مشکی
شیائومی Mi 10T 5G,در حد نو,۲ عدد,اصل,۱۲۸ گیگابایت,۸ گیگابایت,۹٬۸۰۰٬۰۰۰ تومان,مشکی Cosmic
نوکیا,در حد نو,,اصل,,,۵۰۰٬۰۰۰ تومان,
اپل iPhone 11 Pro,در حد نو,۲ عدد,اصل,,۴ گیگابایت,۳۶٬۰۰۰٬۰۰۰ تومان,نقره‌ای Matte
اپل iPhone XS,نو,۱ عدد,اصل,۲۵۶ گیگابایت,۴ گیگابایت,۱۲٬۰۰۰٬۰۰۰ تومان,خاکستری Space
اپل iPhone X,نو,۱ عدد,اصل,۲۵۶ گیگابایت,۳ گیگابایت,۸٬۰۰۰٬۰۰۰ تومان,نقره‌ای
اپل,نو,,اصل,,,۴۵٬۰۰۰٬۰۰۰ تومان,
اپل iPhone 6,نیاز به تعمیر,۱ عدد,اصل,۱۶ گیگابایت,۱ گیگابایت,۱٬۰۰۰٬۰۰۰ تومان,نقره‌ای
نوکیا,در حد نو,,اصل,,,۱٬۰۰۰٬۰۰۰ تومان,
اپل iPhone 13,در حد نو,۲ عدد,اصل,۱۲۸ گیگابایت,۴ گیگابایت,۴۲٬۲۰۰٬۰۰۰ تومان,آبیmidnight
اپل iPhone XS,در حد نو,۱ عدد,اصل,۲۵۶ گیگابایت,۴ گیگابایت,۱۹٬۵۰۰٬۰۰۰ تومان (مقطوع),نقره‌ای
سامسونگ Galaxy J5 Prime (2017),در حد نو,۲ عدد,اصل,,۳ گیگابایت,۱٬۲۰۰٬۰۰۰ تومان,مشکی
اپل iPhone 13 Pro Max,در حد نو,۱ عدد,اصل,۲۵۶ گیگابایت,۶ گیگابایت,۷۸٬۰۰۰٬۰۰۰ تومان (مقطوع),طلایی
اپل iPhone X,کارکرده,۱ عدد,اصل,۶۴ گیگابایت,۳ گیگابایت,۱۰٬۵۰۰٬۰۰۰ تومان,خاکستری Space
اپل iPhone 6,نیاز به تعمیر,۱ عدد,اصل,۳۲ گیگابایت,۱ گیگابایت,۸۰۰٬۰۰۰ تومان (مقطوع),خاکستری Space
اپل iPhone 13,در حد نو,۲ عدد,اصل,۱۲۸ گیگابایت,۴ گیگابایت,۴۶٬۰۰۰٬۰۰۰ تومان,مشکی
گوگل Pixel,نو,۱ عدد,اصل,۱۲۸ گیگابایت,۴ گیگابایت,۳۱٬۰۰۰٬۰۰۰ تومان,مشکی Quite
اپل iPhone 13,در حد نو,۲ عدد,اصل,,۴ گیگابایت,۳۵٬۰۰۰٬۰۰۰ تومان,
اپل iPhone 13 Pro Max,نو,۲ عدد,اصل,۲۵۶ گیگابایت,۶ گیگابایت,۸۱٬۰۰۰٬۰۰۰ تومان,آبی Sierra
سامسونگ Galaxy A5 (2017),در حد نو,۲ عدد,اصل,,۳ گیگابایت,۲٬۲۰۰٬۰۰۰ تومان,
سامسونگ Galaxy S6 edge,کارکرده,۱ عدد,اصل,۳۲ گیگابایت,۳ گیگابایت,۵۰۰٬۰۰۰ تومان,طلایی Platinum
سامسونگ Galaxy A51,در حد نو,۲ عدد,اصل,۱۲۸ گیگابایت,۶ گیگابایت,۵٬۵۰۰٬۰۰۰ تومان (مقطوع),مشکی Prism Crush
سامسونگ Galaxy J7,نیاز به تعمیر,۲ عدد,اصل,۱۶ گیگابایت,۱.۵ گیگابایت,۶۰۰٬۰۰۰ تومان (مقطوع),طلایی
نوکیا 9.3 PureView,در حد نو,۱ عدد,اصل,۱۲۸ گیگابایت,۶ گیگابایت,۱٬۲۰۰ تومان,مشکی
اپل iPhone SE (2020),در حد نو,۱ عدد,اصل,۶۴ گیگابایت,۳ گیگابایت,۱۰٬۰۰۰٬۰۰۰ تومان,سفید
سایر,نو,۲ عدد,غیر اصل,مطرح نیست,مطرح نیست,۴٬۸۰۰٬۰۰۰ تومان,
اپل iPhone 13,در حد نو,۲ عدد,اصل,۱۲۸ گیگابایت,۴ گیگابایت,۴۵٬۰۰۰٬۰۰۰ تومان,سفید starlight
اپل iPhone 13 Pro,در حد نو,۲ عدد,اصل,۲۵۶ گیگابایت,۶ گیگابایت,۹۲٬۰۰۰٬۰۰۰ تومان (مقطوع),طلایی
اپل iPhone 6s,کارکرده,۱ عدد,اصل,۶۴ گیگابایت,۲ گیگابایت,۴٬۳۰۰٬۰۰۰ تومان,طلایی
شیائومی Mi A3,نو,۲ عدد,اصل,۱۲۸ گیگابایت,,۶٬۰۰۰٬۰۰۰ تومان (مقطوع),
اپل iPhone 11,در حد نو,۱ عدد,اصل,۶۴ گیگابایت,۴ گیگابایت,۲۱٬۵۰۰٬۰۰۰ تومان,سفید
اپل iPhone XS,در حد نو,۱ عدد,اصل,۶۴ گیگابایت,۴ گیگابایت,۱۱٬۰۰۰٬۰۰۰ تومان,طلایی
شیائومی Redmi Note 10 Pro,نیاز به تعمیر,۲ عدد,اصل,۱۲۸ گیگابایت,۶ گیگابایت,۳٬۰۰۰٬۰۰۰ تومان,خاکستری Onyx
اپل iPhone 12 Pro,در حد نو,۱ عدد,اصل,۲۵۶ گیگابایت,۶ گیگابایت,۴۰٬۰۰۰٬۰۰۰ تومان,طلایی
بلک‌بری DTEK50,کارکرده,۲ عدد,اصل,۱۶ گیگابایت,۳ گیگابایت,۵٬۰۰۰٬۰۰۰ تومان (مقطوع),مشکی
سامسونگ Galaxy A12,کارکرده,۲ عدد,اصل,۱۲۸ گیگابایت,۴ گیگابایت,۴٬۵۵۰٬۰۰۰ تومان,سفید
اپل iPhone 11,در حد نو,۲ عدد,اصل,۱۲۸ گیگابایت,۴ گیگابایت,۲۰٬۰۰۰٬۰۰۰ تومان (مقطوع),
سامسونگ Galaxy S20 FE,در حد نو,۲ عدد,اصل,۱۲۸ گیگابایت,۶ گیگابایت,۱۵٬۵۰۰٬۰۰۰ تومان,بنفش
اپل iPhone 13,نو,۲ عدد,اصل,۱۲۸ گیگابایت,۴ گیگابایت,۴۱٬۰۰۰٬۰۰۰ تومان (مقطوع),آبیmidnight
سامسونگ Galaxy A10,نو,۲ عدد,اصل,۳۲ گیگابایت,,۳٬۴۵۰٬۰۰۰ تومان (مقطوع),
جی‌پلاس X10,کارکرده,۲ عدد,اصل,۶۴ گیگابایت,۳ گیگابایت,۲٬۰۰۰٬۰۰۰ تومان (مقطوع),
سایر,نو,۲ عدد,اصل,۶۴ گیگابایت,۸ گیگابایت,۷٬۵۰۰٬۰۰۰ تومان (مقطوع),مشکی
شیائومی Redmi 9A,در حد نو,۲ عدد,اصل,,,۲٬۵۰۰٬۰۰۰ تومان,
اپل iPhone 13 Pro Max,در حد نو,۲ عدد,اصل,۲۵۶ گیگابایت,۶ گیگابایت,۷۸٬۰۰۰٬۰۰۰ تومان (مقطوع),آبی Sierra
اپل iPhone 13,نو,۲ عدد,اصل,۱۲۸ گیگابایت,۴ گیگابایت,۹٬۰۰۰٬۰۰۰ تومان,سفید starlight
سامسونگ Galaxy Note10+,در حد نو,۲ عدد,اصل,۲۵۶ گیگابایت,۱۲ گیگابایت,۱۷٬۵۰۰٬۰۰۰ تومان,مشکی Aura
اپل iPhone 12 Pro Max,کارکرده,۲ عدد,اصل,,۶ گیگابایت,۳۱٬۰۰۰٬۰۰۰ تومان,طلایی
اپل iPhone 12 Pro Max,در حد نو,۲ عدد,اصل,۲۵۶ گیگابایت,۶ گیگابایت,۴۷٬۵۰۰٬۰۰۰ تومان,آبی Pacific
اپل iPhone 12 Pro Max,در حد نو,۲ عدد,اصل,۱۲۸ گیگابایت,۶ گیگابایت,۴۶٬۶۰۰٬۰۰۰ تومان,graphite
اوپو A53 5G,نیاز به تعمیر,۲ عدد,اصل,۱۲۸ گیگابایت,,۷٬۰۰۰٬۰۰۰ تومان,مشکی
نوکیا,نیاز به تعمیر,,اصل,,,۳۵۰٬۰۰۰ تومان,
سامسونگ Galaxy A52,در حد نو,۲ عدد,اصل,۲۵۶ گیگابایت,۸ گیگابایت,۵٬۵۰۰٬۰۰۰ تومان,مشکی Awesome
اپل iPhone 13,نو,۲ عدد,اصل,۱۲۸ گیگابایت,۴ گیگابایت,۴۸٬۰۰۰٬۰۰۰ تومان (مقطوع),سفید starlight
اپل iPhone 13 Pro Max,در حد نو,۲ عدد,اصل,۱۲۸ گیگابایت,۶ گیگابایت,۸۱٬۰۰۰٬۰۰۰ تومان,graphite
اپل iPhone 13 Pro Max,در حد نو,۲ عدد,غیر اصل,۱۲۸ گیگابایت,۶ گیگابایت,۳٬۵۰۰٬۰۰۰ تومان,طلایی
سایر,نو,۲ عدد,اصل,۲۵۶ گیگابایت,۸ گیگابایت,۵۰٬۰۰۰ تومان,
شیائومی Redmi Note 10 Pro,در حد نو,۲ عدد,اصل,۱۲۸ گیگابایت,۸ گیگابایت,۳٬۰۰۰٬۰۰۰ تومان,
هواوی nova 2 plus,در حد نو,۲ عدد,اصل,۶۴ گیگابایت,۴ گیگابایت,۳٬۵۰۰٬۰۰۰ تومان,طلایی Streamer
بلک‌بری Priv,کارکرده,۱ عدد,اصل,۳۲ گیگابایت,۳ گیگابایت,۲٬۰۰۰٬۰۰۰ تومان (مقطوع),مشکی
هواوی Mate 10 Lite,کارکرده,۲ عدد,اصل,۶۴ گیگابایت,۴ گیگابایت,۱٬۵۰۰٬۰۰۰ تومان (مقطوع),
سایر,کارکرده,۲ عدد,اصل,۸ گیگابایت,۸ گیگابایت,۱۵٬۰۰۰٬۰۰۰ تومان,مشکی
اپل iPhone 7 Plus,نیاز به تعمیر,۱ عدد,اصل,,۳ گیگابایت,۲٬۰۰۰٬۰۰۰ تومان,
اپل iPhone 13,در حد نو,۲ عدد,اصل,۱۲۸ گیگابایت,۴ گیگابایت,۳۹٬۵۰۰٬۰۰۰ تومان,سفید starlight
هواوی,نو,,اصل,,,۸٬۳۰۰٬۰۰۰ تومان,
اپل iPhone 12 Pro,در حد نو,۱ عدد,اصل,۱۲۸ گیگابایت,۶ گیگابایت,۳۲٬۰۰۰٬۰۰۰ تومان,graphite
اپل iPhone 6s,در حد نو,۱ عدد,اصل,۱۶ گیگابایت,۲ گیگابایت,۴٬۸۰۰٬۰۰۰ تومان,نقره‌ای
اپل iPhone 6s,در حد نو,۱ عدد,اصل,۶۴ گیگابایت,۲ گیگابایت,۴٬۰۰۰٬۰۰۰ تومان (مقطوع),طلایی Rose
اپل iPhone 12 Pro Max,در حد نو,۲ عدد,اصل,۲۵۶ گیگابایت,۶ گیگابایت,۴۸٬۰۰۰٬۰۰۰ تومان (مقطوع),graphite
اپل iPhone 13,نو,۲ عدد,اصل,۱۲۸ گیگابایت,۴ گیگابایت,۴۴٬۰۰۰٬۰۰۰ تومان (مقطوع),مشکی
اپل iPhone 6s,کارکرده,۱ عدد,اصل,۶۴ گیگابایت,۲ گیگابایت,۴٬۰۰۰٬۰۰۰ تومان,طلایی
سونی Xperia XZ3,در حد نو,۲ عدد,اصل,۶۴ گیگابایت,۴ گیگابایت,۴٬۰۰۰٬۰۰۰ تومان,مشکی
سامسونگ Galaxy Ace S5830,کارکرده,۱ عدد,اصل,مطرح نیست,مطرح نیست,۸۰۰٬۰۰۰ تومان,مشکی
شیائومی Poco X3 NFC,کارکرده,۲ عدد,اصل,۱۲۸ گیگابایت,۶ گیگابایت,۴٬۰۰۰٬۰۰۰ تومان (مقطوع),آبی Cobalt
سامسونگ Galaxy A20s,در حد نو,۲ عدد,اصل,۳۲ گیگابایت,۴ گیگابایت,۳٬۸۰۰٬۰۰۰ تومان (مقطوع),مشکی
اپل iPhone 12,در حد نو,۲ عدد,اصل,۱۲۸ گیگابایت,۴ گیگابایت,۲۴٬۸۰۰٬۰۰۰ تومان (مقطوع),سفید
اپل iPhone 13,در حد نو,۱ عدد,اصل,۲۵۶ گیگابایت,۴ گیگابایت,۳۹٬۰۰۰٬۰۰۰ تومان (مقطوع),آبیmidnight
اپل iPhone 13,نو,۲ عدد,اصل,۱۲۸ گیگابایت,۴ گیگابایت,۴۳٬۰۰۰٬۰۰۰ تومان,سفید starlight
اپل iPhone 13,نو,۲ عدد,اصل,۱۲۸ گیگابایت,۴ گیگابایت,۲۵٬۰۰۰٬۰۰۰ تومان,سفید starlight
سامسونگ Galaxy S21+ 5G,در حد نو,۲ عدد,اصل,۲۵۶ گیگابایت,۸ گیگابایت,۱۴٬۰۰۰٬۰۰۰ تومان (مقطوع),مشکی Phantom
اپل,نو,۲ عدد,غیر اصل,۵۱۲ گیگابایت,۱۲ گیگابایت,۴٬۱۹۰٬۰۰۰ تومان,
اپل,نو,۲ عدد,غیر اصل,۶۴ گیگابایت,۱۸ گیگابایت,۳٬۳۰۰٬۰۰۰ تومان,
اپل,نو,۲ عدد,غیر اصل,۵۱۲ مگابایت,مطرح نیست,۳٬۵۰۰٬۰۰۰ تومان,
سامسونگ Galaxy A71,در حد نو,۲ عدد,اصل,۱۲۸ گیگابایت,۸ گیگابایت,۷٬۵۰۰٬۰۰۰ تومان,مشکی Prism Crush
اپل iPhone 6s,در حد نو,۱ عدد,اصل,۶۴ گیگابایت,۲ گیگابایت,۱٬۳۱۰٬۰۰۰ تومان (مقطوع),طلایی Rose
شیائومی Redmi Note 8,در حد نو,۲ عدد,اصل,۶۴ گیگابایت,۴ گیگابایت,۳٬۹۵۰٬۰۰۰ تومان (مقطوع),آبی Neptune
اپل iPhone 13,نو,۲ عدد,اصل,۵۱۲ گیگابایت,۴ گیگابایت,۶٬۹۰۰٬۰۰۰ تومان,مشکی
اپل iPhone 11,کارکرده,۲ عدد,اصل,۱۲۸ گیگابایت,۴ گیگابایت,۶۰۰٬۰۰۰٬۰۰۰ تومان,مشکی
اپل iPhone 12 Pro Max,در حد نو,۲ عدد,اصل,۲۵۶ گیگابایت,۶ گیگابایت,۱۷٬۰۰۰٬۰۰۰ تومان,graphite
سامسونگ,نو,۲ عدد,اصل,۲۵۶ گیگابایت,۸ گیگابایت,۱٬۰۰۰٬۰۰۰ تومان,آبی Sierra
نوکیا 3.2,در حد نو,۲ عدد,اصل,۳۲ گیگابایت,,۲٬۱۰۰٬۰۰۰ تومان,
اپل iPhone 12 Pro,نو,۱ عدد,اصل,۲۵۶ گیگابایت,۶ گیگابایت,۱۲٬۰۰۰٬۰۰۰ تومان,
اپل iPhone 11,نو,۱ عدد,اصل,۱۲۸ گیگابایت,۴ گیگابایت,۸٬۰۰۰٬۰۰۰ تومان,
اپل iPhone 11,نو,۲ عدد,اصل,۱۲۸ گیگابایت,۴ گیگابایت,۸٬۰۰۰٬۰۰۰ تومان,
اپل iPhone 13,نو,۲ عدد,اصل,۱۲۸ گیگابایت,۴ گیگابایت,۴۳٬۰۰۰٬۰۰۰ تومان,سفید starlight
شیائومی,نو,۲ عدد,اصل,۲۵۶ گیگابایت,۸ گیگابایت,۸٬۰۰۰٬۰۰۰ تومان,
اپل iPhone 13,در حد نو,۲ عدد,اصل,,۴ گیگابایت,۴۰٬۵۰۰٬۰۰۰ تومان,
اپل iPhone 13,نو,۲ عدد,اصل,۱۲۸ گیگابایت,۴ گیگابایت,۱۲٬۰۰۰٬۰۰۰ تومان,مشکی
نوکیا 5310 (2020),در حد نو,۲ عدد,اصل,مطرح نیست,مطرح نیست,۲٬۵۰۰٬۰۰۰ تومان,مشکی قرمز
سامسونگ Galaxy A01 Core,در حد نو,۲ عدد,اصل,۱۶ گیگابایت,۱ گیگابایت,۲٬۵۰۰٬۰۰۰ تومان,آبی
هواوی G8,نیاز به تعمیر,۲ عدد,اصل,۳۲ گیگابایت,,۸۰۰٬۰۰۰ تومان,سفید
اپل iPhone 13,نو,۲ عدد,اصل,۱۲۸ گیگابایت,۴ گیگابایت,۱٬۰۰۰٬۰۰۰ تومان,صورتی
اپل iPhone 13,نو,۲ عدد,اصل,۱۲۸ گیگابایت,۴ گیگابایت,۵۰٬۰۰۰٬۰۰۰ تومان (مقطوع),مشکی
اپل iPhone 13,در حد نو,۲ عدد,اصل,,۴ گیگابایت,۴۰٬۵۰۰٬۰۰۰ تومان,
اپل iPhone 13,نو,۲ عدد,اصل,۱۲۸ گیگابایت,۴ گیگابایت,۱۲٬۰۰۰٬۰۰۰ تومان,مشکی
نوکیا 5310 (2020),در حد نو,۲ عدد,اصل,مطرح نیست,مطرح نیست,۲٬۵۰۰٬۰۰۰ تومان,مشکی قرمز
سامسونگ Galaxy A01 Core,در حد نو,۲ عدد,اصل,۱۶ گیگابایت,۱ گیگابایت,۲٬۵۰۰٬۰۰۰ تومان,آبی
هواوی G8,نیاز به تعمیر,۲ عدد,اصل,۳۲ گیگابایت,,۸۰۰٬۰۰۰ تومان,سفید
اپل iPhone 13,نو,۲ عدد,اصل,۱۲۸ گیگابایت,۴ گیگابایت,۱٬۰۰۰٬۰۰۰ تومان,صورتی
اپل iPhone 13,نو,۲ عدد,اصل,۱۲۸ گیگابایت,۴ گیگابایت,۵۰٬۰۰۰٬۰۰۰ تومان (مقطوع),مشکی
اپل iPhone 7 Plus,در حد نو,۱ عدد,اصل,۱۲۸ گیگابایت,۳ گیگابایت,۶٬۲۰۰٬۰۰۰ تومان (مقطوع),مشکی
هواوی nova 3i,کارکرده,۲ عدد,اصل,۱۲۸ گیگابایت,۴ گیگابایت,۳٬۰۰۰٬۰۰۰ تومان,مشکی
شیائومی 11T Pro,در حد نو,۲ عدد,اصل,۲۵۶ گیگابایت,۸ گیگابایت,۱۲٬۰۰۰٬۰۰۰ تومان,خاکستری Meteorite
سامسونگ Galaxy Note 4,کارکرده,۱ عدد,اصل,۳۲ گیگابایت,۳ گیگابایت,۲٬۵۰۰٬۰۰۰ تومان,طلایی Bronze
سامسونگ Galaxy J6,کارکرده,۲ عدد,اصل,۳۲ گیگابایت,۳ گیگابایت,۲٬۴۰۰٬۰۰۰ تومان,طلایی
اپل iPhone 7 Plus,در حد نو,۱ عدد,اصل,۲۵۶ گیگابایت,۳ گیگابایت,۶٬۷۰۰٬۰۰۰ تومان,مشکی
اپل iPhone 13 Pro,کارکرده,۲ عدد,اصل,۲۵۶ گیگابایت,۶ گیگابایت,۷۱٬۰۰۰٬۰۰۰ تومان,آبی Sierra
اپل,نو,۲ عدد,اصل,۱۲۸ گیگابایت,۶ گیگابایت,۱۰٬۰۰۰٬۰۰۰ تومان,
شیائومی Redmi Note 8,در حد نو,۲ عدد,اصل,,,۴٬۵۰۰٬۰۰۰ تومان,
سامسونگ Galaxy A71,در حد نو,۲ عدد,اصل,۱۲۸ گیگابایت,۶ گیگابایت,۵٬۸۰۰٬۰۰۰ تومان (مقطوع),نقره‌ای Prism Crush
شیائومی,نو,۲ عدد,اصل,۲۵۶ گیگابایت,۸ گیگابایت,۹٬۹۸۰٬۰۰۰ تومان,
شیائومی,نو,۲ عدد,اصل,۲۵۶ گیگابایت,۱۲ گیگابایت,۱٬۰۰۰٬۰۰۰ تومان,صورتی
اپل iPhone 12 Pro,در حد نو,۲ عدد,اصل,۲۵۶ گیگابایت,۶ گیگابایت,۱۹٬۰۰۰٬۰۰۰ تومان,graphite
اپل iPhone 13,کارکرده,۲ عدد,اصل,۱۲۸ گیگابایت,۴ گیگابایت,۴۰٬۰۰۰٬۰۰۰ تومان,سفید starlight
اپل iPhone 13 Pro,در حد نو,۲ عدد,اصل,۲۵۶ گیگابایت,۶ گیگابایت,۳۵٬۰۰۰٬۰۰۰ تومان,graphite
اپل iPhone 13 Pro,در حد نو,۲ عدد,اصل,۲۵۶ گیگابایت,۶ گیگابایت,۶۸٬۰۰۰٬۰۰۰ تومان,آبی Sierra
اپل iPhone 12 Pro,در حد نو,۱ عدد,اصل,۲۵۶ گیگابایت,۶ گیگابایت,۳۷٬۰۰۰٬۰۰۰ تومان,graphite
سامسونگ Galaxy A10s,در حد نو,۲ عدد,اصل,۳۲ گیگابایت,۲ گیگابایت,۲٬۰۰۰٬۰۰۰ تومان (مقطوع),مشکی
اپل iPhone 13,نو,۲ عدد,اصل,۲۵۶ گیگابایت,۴ گیگابایت,۱٬۰۰۰٬۰۰۰ تومان,سفید starlight
اپل iPhone 12 Pro Max,در حد نو,۲ عدد,اصل,۱۲۸ گیگابایت,۶ گیگابایت,۱۹٬۰۰۰٬۰۰۰ تومان,آبی Pacific
اپل iPhone 13 Pro Max,در حد نو,۲ عدد,اصل,۲۵۶ گیگابایت,۶ گیگابایت,۳۵٬۰۰۰٬۰۰۰ تومان,آبی Sierra
اپل iPhone 12 Pro,در حد نو,۲ عدد,اصل,۲۵۶ گیگابایت,۶ گیگابایت,۱۶٬۰۰۰٬۰۰۰ تومان,آبی Pacific
سامسونگ,نو,,اصل,,,۷٬۶۵۰٬۰۰۰ تومان,
سامسونگ Galaxy A70,کارکرده,۲ عدد,اصل,۱۲۸ گیگابایت,۶ گیگابایت,۴٬۸۰۰٬۰۰۰ تومان (مقطوع),مشکی
سایر,نو,۲ عدد,اصل,۸ گیگابایت,۴ گیگابایت,۲٬۵۰۰٬۰۰۰ تومان (مقطوع),
اپل iPhone 13,در حد نو,۲ عدد,اصل,۱۲۸ گیگابایت,۴ گیگابایت,۴۴٬۰۰۰٬۰۰۰ تومان (مقطوع),آبیmidnight
سایر,نو,۲ عدد,اصل,,,۵٬۹۰۰٬۰۰۰ تومان (مقطوع),
اپل iPhone 12 Pro Max,کارکرده,۲ عدد,اصل,۱۲۸ گیگابایت,۶ گیگابایت,۲۱٬۰۰۰٬۰۰۰ تومان,آبی Pacific
اپل iPhone XS Max,در حد نو,۱ عدد,اصل,۲۵۶ گیگابایت,۴ گیگابایت,۲۴٬۵۰۰٬۰۰۰ تومان,خاکستری Space
شیائومی,نو,۲ عدد,اصل,۲۵۶ گیگابایت,۱۲ گیگابایت,۱٬۰۰۰٬۰۰۰ تومان,مشکی Space
اپل iPhone 13 Pro Max,در حد نو,۲ عدد,اصل,۱۲۸ گیگابایت,۶ گیگابایت,۴۵٬۰۰۰٬۰۰۰ تومان,طلایی
اپل iPhone 13 Pro Max,در حد نو,۲ عدد,اصل,۲۵۶ گیگابایت,۶ گیگابایت,۸۲٬۰۰۰٬۰۰۰ تومان,نقره‌ای
اپل iPhone 13 Pro,نو,۲ عدد,اصل,۲۵۶ گیگابایت,۶ گیگابایت,۱٬۰۰۰٬۰۰۰ تومان,آبی Sierra
اپل iPhone 12 Pro Max,نو,۲ عدد,اصل,۲۵۶ گیگابایت,۶ گیگابایت,۲۶٬۰۰۰٬۰۰۰ تومان,آبی Pacific
اپل,نو,۲ عدد,اصل,۱۲۸ گیگابایت,۶ گیگابایت,۲۱٬۰۰۰٬۰۰۰ تومان,
اپل iPhone 13,نو,۲ عدد,اصل,۱۲۸ گیگابایت,۴ گیگابایت,۱۹٬۰۰۰٬۰۰۰ تومان,آبیmidnight
اپل,نو,۲ عدد,اصل,۲۵۶ گیگابایت,۸ گیگابایت,۱٬۰۰۰٬۰۰۰ تومان,
سامسونگ Galaxy S10+,نیاز به تعمیر,۲ عدد,اصل,۱۲۸ گیگابایت,۸ گیگابایت,۷٬۰۰۰٬۰۰۰ تومان (مقطوع),مشکی Ceramic
اپل iPhone 13 Pro Max,در حد نو,۲ عدد,اصل,۲۵۶ گیگابایت,۶ گیگابایت,۳۱٬۰۰۰٬۰۰۰ تومان,نقره‌ای
نوکیا,نو,۲ عدد,اصل,مطرح نیست,مطرح نیست,۶۲۰٬۰۰۰ تومان,
اپل iPhone 13 Pro Max,در حد نو,۲ عدد,اصل,۲۵۶ گیگابایت,۶ گیگابایت,۳۴٬۰۰۰٬۰۰۰ تومان,آبی Sierra
سونی Xperia Z3 Dual,نو,۲ عدد,اصل,,۳ گیگابایت,۳٬۴۵۰٬۰۰۰ تومان,سفید
اپل iPhone 11 Pro Max,در حد نو,۲ عدد,اصل,۲۵۶ گیگابایت,۴ گیگابایت,۱۵٬۰۰۰٬۰۰۰ تومان,خاکستری Matte Space
اپل iPhone 12 Pro,در حد نو,۲ عدد,اصل,۲۵۶ گیگابایت,۶ گیگابایت,۱۶٬۰۰۰٬۰۰۰ تومان,طلایی
اپل iPhone 13,نو,۲ عدد,اصل,۱۲۸ گیگابایت,۴ گیگابایت,۳۰٬۰۰۰٬۰۰۰ تومان,سفید starlight
سامسونگ Galaxy A50,کارکرده,۲ عدد,اصل,۱۲۸ گیگابایت,۴ گیگابایت,۸۰۰٬۰۰۰ تومان,
اپل iPhone 11,در حد نو,۲ عدد,اصل,۱۲۸ گیگابایت,۴ گیگابایت,۱۰٬۰۰۰٬۰۰۰ تومان,سفید
شیائومی Poco X3 Pro,در حد نو,۲ عدد,اصل,۲۵۶ گیگابایت,۸ گیگابایت,۶٬۲۰۰٬۰۰۰ تومان (مقطوع),آبی Frost
اپل iPhone 11,در حد نو,۲ عدد,اصل,۱۲۸ گیگابایت,۴ گیگابایت,۱۰٬۰۰۰٬۰۰۰ تومان,مشکی
اپل iPhone 13 Pro Max,نو,۱ عدد,اصل,۵۱۲ گیگابایت,۶ گیگابایت,۸۰٬۰۰۰٬۰۰۰ تومان,آبی Sierra
اپل iPhone 12,در حد نو,۲ عدد,اصل,۱۲۸ گیگابایت,۴ گیگابایت,۳۰٬۰۰۰٬۰۰۰ تومان,
اپل iPhone 11,در حد نو,۲ عدد,اصل,۱۲۸ گیگابایت,۴ گیگابایت,۵٬۴۰۰٬۰۰۰ تومان,سبز
اپل,نو,۲ عدد,اصل,۲۵۶ گیگابایت,۶ گیگابایت,۱۵٬۰۰۰٬۰۰۰ تومان,آبیmidnight
اپل iPhone 13,نو,۲ عدد,اصل,۱۲۸ گیگابایت,۴ گیگابایت,۱۰٬۰۰۰٬۰۰۰ تومان,سفید starlight
اپل iPhone 7 Plus,کارکرده,۱ عدد,اصل,۳۲ گیگابایت,۳ گیگابایت,۴٬۹۰۰٬۰۰۰ تومان (مقطوع),طلایی
اپل iPhone 12 Pro,در حد نو,۲ عدد,اصل,۲۵۶ گیگابایت,۶ گیگابایت,۱۰٬۰۰۰٬۰۰۰ تومان,نقره‌ای
سامسونگ Galaxy J5,کارکرده,۲ عدد,اصل,۸ گیگابایت,۱.۵ گیگابایت,۱٬۶۰۰٬۰۰۰ تومان (مقطوع),سفید
اپل iPhone 12 Pro Max,در حد نو,۲ عدد,اصل,۲۵۶ گیگابایت,۶ گیگابایت,۱۵٬۰۰۰٬۰۰۰ تومان,طلایی
اپل iPhone XR,در حد نو,۱ عدد,اصل,۱۲۸ گیگابایت,۳ گیگابایت,۱۱٬۵۰۰٬۰۰۰ تومان,آبی
اپل iPhone XS,در حد نو,۱ عدد,اصل,۲۵۶ گیگابایت,۴ گیگابایت,۱۷٬۳۰۰٬۰۰۰ تومان (مقطوع),نقره‌ای
اپل iPhone 13 Pro Max,در حد نو,۲ عدد,اصل,۲۵۶ گیگابایت,۶ گیگابایت,۳۳٬۰۰۰٬۰۰۰ تومان,آبی Sierra
اپل iPhone 11,در حد نو,۲ عدد,اصل,۱۲۸ گیگابایت,۴ گیگابایت,۱۲٬۰۰۰٬۰۰۰ تومان,سبز
سایر,نو,۲ عدد,غیر اصل,,,۳٬۴۰۰٬۰۰۰ تومان,
اپل iPhone 6,کارکرده,۱ عدد,اصل,۶۴ گیگابایت,۱ گیگابایت,۲٬۷۰۰٬۰۰۰ تومان,خاکستری Space
نوکیا,نو,,اصل,,,۵۹۹٬۰۰۰ تومان (مقطوع),
شیائومی 11T Pro,در حد نو,۲ عدد,اصل,۲۵۶ گیگابایت,۱۲ گیگابایت,۱۷٬۵۰۰٬۰۰۰ تومان,خاکستری Meteorite
اپل iPhone 13 Pro,نو,۲ عدد,اصل,۲۵۶ گیگابایت,۶ گیگابایت,۱۰۲٬۸۵۰٬۰۰۰ تومان,graphite
سامسونگ Galaxy S10+,کارکرده,۲ عدد,اصل,۱۲۸ گیگابایت,۸ گیگابایت,۸٬۷۰۰٬۰۰۰ تومان,مشکی Prism
اپل iPhone XS Max,نو,۱ عدد,اصل,,۴ گیگابایت,۱٬۰۰۰٬۰۰۰ تومان,
اپل iPhone 13,نو,۲ عدد,اصل,۱۲۸ گیگابایت,۴ گیگابایت,۲۵٬۰۰۰٬۰۰۰ تومان,مشکی
اپل iPhone 13,نو,۲ عدد,اصل,۲۵۶ گیگابایت,۴ گیگابایت,۵۰٬۵۰۰٬۰۰۰ تومان (مقطوع),آبی
اپل iPhone 13,در حد نو,۱ عدد,اصل,۱۲۸ گیگابایت,۴ گیگابایت,۴۳٬۵۰۰٬۰۰۰ تومان,مشکی
شیائومی Redmi 9,در حد نو,۲ عدد,اصل,۶۴ گیگابایت,۴ گیگابایت,۴٬۶۰۰٬۰۰۰ تومان,خاکستری Carbon
اپل iPhone 11,در حد نو,۱ عدد,اصل,۱۲۸ گیگابایت,۴ گیگابایت,۸٬۰۰۰٬۰۰۰ تومان,مشکی
اپل iPhone 13,در حد نو,۲ عدد,اصل,۱۲۸ گیگابایت,۴ گیگابایت,۸٬۰۰۰٬۰۰۰ تومان,صورتی
اپل,نو,۲ عدد,اصل,۲۵۶ گیگابایت,۶ گیگابایت,۱٬۰۰۰٬۰۰۰ تومان,سفید starlight
اپل iPhone 13 Pro Max,در حد نو,۱ عدد,اصل,۵۱۲ گیگابایت,۶ گیگابایت,۴۹٬۵۰۰٬۰۰۰ تومان,graphite
اپل iPhone 13 Pro,کارکرده,۲ عدد,اصل,۲۵۶ گیگابایت,۶ گیگابایت,۳۰٬۰۰۰٬۰۰۰ تومان,
اپل,نو,۲ عدد,غیر اصل,۱ ترابایت,۱۶ گیگابایت,۴٬۸۹۰٬۰۰۰ تومان,
اپل iPhone 13 Pro Max,کارکرده,۲ عدد,اصل,۲۵۶ گیگابایت,۶ گیگابایت,۳۴٬۰۰۰٬۰۰۰ تومان,
اپل iPhone 13,کارکرده,۲ عدد,اصل,۱۲۸ گیگابایت,۴ گیگابایت,۱۶٬۰۰۰٬۰۰۰ تومان,سفید starlight
اپل iPhone 7,در حد نو,۱ عدد,اصل,۱۲۸ گیگابایت,۲ گیگابایت,۵٬۰۰۰٬۰۰۰ تومان,مشکی
اپل iPhone 13,نو,۲ عدد,اصل,۱۲۸ گیگابایت,۴ گیگابایت,۴۹٬۰۰۰٬۰۰۰ تومان,سفید starlight
اپل,نو,۲ عدد,اصل,۱۲۸ گیگابایت,,۲۳٬۰۰۰٬۰۰۰ تومان,
اپل iPhone 11 Pro Max,در حد نو,۲ عدد,اصل,۲۵۶ گیگابایت,۴ گیگابایت,۱۶٬۰۰۰٬۰۰۰ تومان,خاکستری Matte Space
اپل iPhone 11 Pro,در حد نو,۲ عدد,اصل,۲۵۶ گیگابایت,۴ گیگابایت,۱۰٬۰۰۰٬۰۰۰ تومان,
سایر,نو,۲ عدد,اصل,۲۵۶ گیگابایت,۸ گیگابایت,۸٬۳۰۰٬۰۰۰ تومان,
اپل iPhone 13,در حد نو,۲ عدد,اصل,۱۲۸ گیگابایت,۴ گیگابایت,۴۲٬۰۰۰٬۰۰۰ تومان,آبی
سامسونگ Galaxy A32,کارکرده,۲ عدد,اصل,۱۲۸ گیگابایت,۸ گیگابایت,۵٬۹۰۰٬۰۰۰ تومان,مشکی Awesome
اپل iPhone 13 Pro Max,کارکرده,۲ عدد,اصل,۲۵۶ گیگابایت,۶ گیگابایت,۲۹٬۵۰۰٬۰۰۰ تومان,طلایی
اپل iPhone 13 Pro,در حد نو,۱ عدد,اصل,۵۱۲ گیگابایت,۶ گیگابایت,۶۱٬۰۰۰٬۰۰۰ تومان,آبی Sierra
اپل iPhone 13,در حد نو,۲ عدد,اصل,۱۲۸ گیگابایت,۴ گیگابایت,۴۳٬۹۰۰٬۰۰۰ تومان,مشکی
سامسونگ I9506 Galaxy S4,کارکرده,۱ عدد,اصل,۱۶ گیگابایت,۲ گیگابایت,۲٬۰۰۰٬۰۰۰ تومان (مقطوع),مشکی Deep
اپل iPhone 7 Plus,در حد نو,۱ عدد,اصل,۱۲۸ گیگابایت,۳ گیگابایت,۶٬۳۰۰٬۰۰۰ تومان,مشکی
اپل iPhone 13 Pro Max,نو,۲ عدد,غیر اصل,۱۲۸ گیگابایت,۶ گیگابایت,۴٬۴۰۰٬۰۰۰ تومان,
سامسونگ Galaxy A12,نیاز به تعمیر,۲ عدد,اصل,۶۴ گیگابایت,۴ گیگابایت,۱٬۶۰۰٬۰۰۰ تومان,آبی
نوکیا,نو,۲ عدد,اصل,مطرح نیست,مطرح نیست,۱٬۱۵۰٬۰۰۰ تومان,
اپل,نو,۲ عدد,اصل,۲۵۶ گیگابایت,,۴۵٬۰۰۰٬۰۰۰ تومان,
اپل iPhone 12 Pro Max,در حد نو,۲ عدد,اصل,۲۵۶ گیگابایت,۶ گیگابایت,۲۵٬۰۰۰٬۰۰۰ تومان,آبی Pacific
سامسونگ Galaxy S9,کارکرده,۲ عدد,اصل,۶۴ گیگابایت,۴ گیگابایت,۶٬۹۰۰٬۰۰۰ تومان,مشکی Midnight
اپل iPhone 12 Pro Max,کارکرده,۲ عدد,اصل,۲۵۶ گیگابایت,۶ گیگابایت,۳۶٬۰۰۰٬۰۰۰ تومان,آبی Pacific
اپل iPhone 7,کارکرده,۱ عدد,اصل,۱۲۸ گیگابایت,۲ گیگابایت,۵٬۰۰۰٬۰۰۰ تومان,طلایی Rose
سامسونگ Galaxy A7 (2016),در حد نو,۲ عدد,اصل,۱۶ گیگابایت,۳ گیگابایت,۳٬۰۰۰٬۰۰۰ تومان,سفید
اپل iPhone 11 Pro Max,در حد نو,۲ عدد,اصل,۲۵۶ گیگابایت,۴ گیگابایت,۲۹٬۷۰۰٬۰۰۰ تومان,طلایی Matte
سامسونگ Galaxy A02,کارکرده,۲ عدد,اصل,۳۲ گیگابایت,۲ گیگابایت,۲٬۴۰۰٬۰۰۰ تومان,مشکی
اپل iPhone 12 Pro Max,در حد نو,۲ عدد,اصل,۲۵۶ گیگابایت,۶ گیگابایت,۵۲٬۰۰۰٬۰۰۰ تومان,graphite
اپل iPhone 13,نو,۲ عدد,اصل,۱۲۸ گیگابایت,۴ گیگابایت,۱۸٬۰۰۰٬۰۰۰ تومان,مشکی
اپل iPhone 12 Pro,در حد نو,۲ عدد,اصل,۲۵۶ گیگابایت,۶ گیگابایت,۲۶٬۰۰۰٬۰۰۰ تومان,آبی Pacific
اپل iPhone 12 Pro Max,در حد نو,۲ عدد,اصل,۲۵۶ گیگابایت,۶ گیگابایت,۱۵٬۰۰۰٬۰۰۰ تومان,طلایی
شیائومی,در حد نو,,اصل,,,۱۲٬۰۰۰٬۰۰۰ تومان,
اپل iPhone 13,نو,۱ عدد,اصل,,۴ گیگابایت,۳۴٬۵۰۰٬۰۰۰ تومان,
آنر 7S,در حد نو,۲ عدد,اصل,۱۶ گیگابایت,۲ گیگابایت,۱٬۱۵۰٬۰۰۰ تومان,آبی
اپل iPhone 12,در حد نو,۲ عدد,اصل,۱۲۸ گیگابایت,۴ گیگابایت,۱۴٬۰۰۰٬۰۰۰ تومان,مشکی
اپل,نو,۲ عدد,اصل,۱۲۸ گیگابایت,,۲۰٬۰۰۰٬۰۰۰ تومان,
اپل iPhone 13,در حد نو,۲ عدد,اصل,۱۲۸ گیگابایت,۴ گیگابایت,۴۱٬۰۰۰٬۰۰۰ تومان,آبی
اپل iPhone 13,در حد نو,۲ عدد,اصل,۱۲۸ گیگابایت,۴ گیگابایت,۱۸٬۰۰۰٬۰۰۰ تومان,مشکی
اپل iPhone 13,نو,۲ عدد,اصل,,۴ گیگابایت,۴۸٬۰۰۰٬۰۰۰ تومان,
اپل iPhone 13,در حد نو,۲ عدد,اصل,۱۲۸ گیگابایت,۴ گیگابایت,۱۸٬۰۰۰٬۰۰۰ تومان,مشکی
سایر,نو,۲ عدد,غیر اصل,۶۴ گیگابایت,,۳٬۳۰۰٬۰۰۰ تومان,
اپل iPhone 13,در حد نو,۲ عدد,اصل,۱۲۸ گیگابایت,۴ گیگابایت,۴۱٬۰۰۰٬۰۰۰ تومان,آبیmidnight
اپل iPhone 13,نو,۲ عدد,اصل,۱۲۸ گیگابایت,۴ گیگابایت,۴۸٬۵۰۰٬۰۰۰ تومان,مشکی
اپل,نو,۲ عدد,اصل,۱۲۸ گیگابایت,۶ گیگابایت,۴۱٬۰۰۰٬۰۰۰ تومان,مشکی
اپل iPhone 11,در حد نو,۲ عدد,اصل,,۴ گیگابایت,۲۳٬۰۰۰٬۰۰۰ تومان,
اپل iPhone 11,در حد نو,۲ عدد,اصل,۱۲۸ گیگابایت,۴ گیگابایت,۱۱٬۰۰۰٬۰۰۰ تومان,سفید
اپل iPhone 11 Pro,در حد نو,۱ عدد,اصل,۲۵۶ گیگابایت,۴ گیگابایت,۲۵٬۰۰۰٬۰۰۰ تومان,طلایی Matte
نوکیا 8.1 Plus,نیاز به تعمیر,۲ عدد,اصل,۱۲۸ گیگابایت,۴ گیگابایت,۳۵۰٬۰۰۰ تومان,آبی
اپل iPhone X,در حد نو,۱ عدد,اصل,۶۴ گیگابایت,۳ گیگابایت,۱۲٬۰۰۰٬۰۰۰ تومان,نقره‌ای
اپل iPhone 13 Pro,کارکرده,۲ عدد,اصل,۲۵۶ گیگابایت,۶ گیگابایت,۲۸٬۰۰۰٬۰۰۰ تومان,graphite
اپل iPhone 11,کارکرده,۲ عدد,اصل,۱۲۸ گیگابایت,۴ گیگابایت,۹٬۰۰۰٬۰۰۰ تومان,سفید
اپل iPhone 13,نو,۲ عدد,اصل,۱۲۸ گیگابایت,۴ گیگابایت,۳٬۰۰۰٬۰۰۰ تومان,مشکی
سایر,در حد نو,۲ عدد,اصل,,,۵۱٬۰۰۰٬۰۰۰ تومان (مقطوع),
سامسونگ Galaxy A01,در حد نو,۲ عدد,اصل,۱۶ گیگابایت,۲ گیگابایت,۲٬۵۰۰٬۰۰۰ تومان,مشکی
سامسونگ Galaxy J7 (2016),در حد نو,۲ عدد,اصل,۱۶ گیگابایت,۲ گیگابایت,۱٬۲۰۰٬۰۰۰ تومان (مقطوع),
اپل iPhone 13,در حد نو,۲ عدد,اصل,۱۲۸ گیگابایت,۴ گیگابایت,۴۳٬۰۰۰ تومان,قرمز
اپل iPhone 13 Pro,کارکرده,۲ عدد,اصل,۱۲۸ گیگابایت,۶ گیگابایت,۲۶٬۰۰۰٬۰۰۰ تومان,آبی Sierra
اپل iPhone 13,در حد نو,۱ عدد,اصل,۱۲۸ گیگابایت,۴ گیگابایت,۴۴٬۰۰۰٬۰۰۰ تومان (مقطوع),سفید starlight
اپل iPhone 12,کارکرده,۱ عدد,اصل,۱۲۸ گیگابایت,۴ گیگابایت,۱۲٬۰۰۰٬۰۰۰ تومان,آبی
اپل iPhone 13,نو,۲ عدد,اصل,۲۵۶ گیگابایت,۴ گیگابایت,۶۴٬۰۰۰٬۰۰۰ تومان,سفید starlight
سونی اریکسون,کارکرده,,اصل,,,۱٬۰۰۰٬۰۰۰ تومان,
اپل iPhone 11 Pro,کارکرده,۲ عدد,اصل,۲۵۶ گیگابایت,۴ گیگابایت,۱۵٬۰۰۰٬۰۰۰ تومان,طلایی Matte
اپل iPhone 13,در حد نو,۲ عدد,اصل,۱۲۸ گیگابایت,۴ گیگابایت,۳۹٬۰۰۰٬۰۰۰ تومان,سفید starlight
اپل iPhone 13,نو,۲ عدد,اصل,۱۲۸ گیگابایت,۴ گیگابایت,۴۷٬۵۰۰٬۰۰۰ تومان,مشکی
اپل,در حد نو,۲ عدد,اصل,مطرح نیست,مطرح نیست,۶۰٬۰۰۰٬۰۰۰ تومان,
اپل iPhone 13,نو,۱ عدد,اصل,۱۲۸ گیگابایت,۴ گیگابایت,۴۷٬۰۰۰٬۰۰۰ تومان,مشکی
اپل iPhone 6s,در حد نو,۱ عدد,اصل,۶۴ گیگابایت,۲ گیگابایت,۴٬۷۰۰٬۰۰۰ تومان (مقطوع),طلایی Rose
اپل,نو,۲ عدد,اصل,۲۵۶ گیگابایت,مطرح نیست,۱٬۱۱۱ تومان,
شیائومی Redmi 9AT,در حد نو,۲ عدد,اصل,۳۲ گیگابایت,۲ گیگابایت,۲٬۳۰۰٬۰۰۰ تومان,
اپل iPhone 13 Pro Max,در حد نو,۱ عدد,اصل,۲۵۶ گیگابایت,۶ گیگابایت,۶۹٬۰۰۰٬۰۰۰ تومان,
اپل iPhone XS Max,در حد نو,۲ عدد,اصل,۶۴ گیگابایت,۴ گیگابایت,۱۳٬۷۵۰٬۰۰۰ تومان (مقطوع),طلایی
اپل iPhone 4,کارکرده,۱ عدد,اصل,۱۶ گیگابایت,۵۱۲ مگابایت,۸۰۰٬۰۰۰ تومان (مقطوع),سفید
اپل iPhone 13 Pro,نو,۱ عدد,اصل,۲۵۶ گیگابایت,۶ گیگابایت,۹۲٬۰۰۰٬۰۰۰ تومان,graphite
اپل iPhone 13 Pro Max,در حد نو,۲ عدد,اصل,۱۲۸ گیگابایت,۶ گیگابایت,۲۱٬۰۰۰٬۰۰۰ تومان,graphite
اپل iPhone 13 Pro,نو,۲ عدد,اصل,۱ ترابایت,۶ گیگابایت,۱۰۵٬۰۰۰٬۰۰۰ تومان,آبی Sierra
سونی اریکسون,در حد نو,,اصل,,,۳۰۰٬۰۰۰ تومان (مقطوع),
اپل iPhone 13,در حد نو,۲ عدد,اصل,۱۲۸ گیگابایت,۴ گیگابایت,۴۲٬۰۰۰٬۰۰۰ تومان,مشکی
اپل iPhone 11 Pro,در حد نو,۲ عدد,اصل,۶۴ گیگابایت,۴ گیگابایت,۱۰٬۰۰۰٬۰۰۰ تومان,طلایی Matte
اپل iPhone 13 Pro Max,نو,۱ عدد,اصل,۱ ترابایت,۶ گیگابایت,۱۲۰٬۰۰۰٬۰۰۰ تومان (مقطوع),graphite
اپل iPhone 11,در حد نو,۲ عدد,اصل,۱۲۸ گیگابایت,۴ گیگابایت,۸٬۰۰۰٬۰۰۰ تومان,سفید
اپل iPhone 13 Pro,در حد نو,۲ عدد,اصل,,۶ گیگابایت,۶۵٬۵۰۰٬۰۰۰ تومان,آبی Sierra
سامسونگ Galaxy A51,در حد نو,۲ عدد,اصل,۱۲۸ گیگابایت,۶ گیگابایت,۳٬۵۰۰٬۰۰۰ تومان,مشکی Prism Crush
اپل iPhone 11 Pro Max,در حد نو,۲ عدد,اصل,۲۵۶ گیگابایت,۴ گیگابایت,۱۶٬۰۰۰٬۰۰۰ تومان,سبز Matte Midnight
اپل iPhone 13 Pro,نو,۲ عدد,اصل,۱ ترابایت,۶ گیگابایت,۹۵٬۰۰۰٬۰۰۰ تومان,آبی Sierra
اپل iPhone 13 Pro,نو,۲ عدد,اصل,۲۵۶ گیگابایت,۶ گیگابایت,۷۳٬۵۰۰٬۰۰۰ تومان,graphite
اپل iPhone 13,در حد نو,۲ عدد,اصل,۱۲۸ گیگابایت,۴ گیگابایت,۸٬۰۰۰٬۰۰۰ تومان,سفید starlight
اپل,کارکرده,۲ عدد,اصل,مطرح نیست,مطرح نیست,۱٬۱۱۱٬۱۱۱ تومان,
اپل iPhone 13 Pro Max,در حد نو,۲ عدد,اصل,۲۵۶ گیگابایت,۶ گیگابایت,۸۰٬۰۰۰٬۰۰۰ تومان,آبی Sierra
اپل,نیاز به تعمیر,۲ عدد,اصل,مطرح نیست,مطرح نیست,۲۰۰٬۰۰۰ تومان,
اپل iPhone 13 Pro Max,کارکرده,۲ عدد,اصل,۲۵۶ گیگابایت,۶ گیگابایت,۶۰٬۸۰۰٬۰۰۰ تومان,graphite
اپل iPhone 13 Pro,نو,۲ عدد,اصل,۲۵۶ گیگابایت,۶ گیگابایت,۴۵٬۰۰۰٬۰۰۰ تومان,graphite
اپل,نو,۲ عدد,اصل,۱۲۸ گیگابایت,۶ گیگابایت,۱۴٬۰۰۰٬۰۰۰ تومان,
اپل iPhone 7 Plus,کارکرده,۱ عدد,اصل,۱۲۸ گیگابایت,۳ گیگابایت,۷٬۵۰۰٬۰۰۰ تومان (مقطوع),طلایی
هواوی P30 lite,در حد نو,۲ عدد,اصل,۱۲۸ گیگابایت,۶ گیگابایت,۳٬۲۰۰٬۰۰۰ تومان,مشکی Midnight
اپل,نو,۲ عدد,اصل,۲۵۶ گیگابایت,۶ گیگابایت,۲۴٬۰۰۰٬۰۰۰ تومان,
سامسونگ Galaxy A51,در حد نو,۲ عدد,اصل,,,۴٬۵۰۰٬۰۰۰ تومان,
اپل iPhone 12 Pro Max,در حد نو,۲ عدد,اصل,۲۵۶ گیگابایت,۶ گیگابایت,۱۸٬۵۰۰٬۰۰۰ تومان,
نوکیا,در حد نو,,اصل,,,۳٬۵۰۰٬۰۰۰ تومان (مقطوع),
اپل iPhone 13 Pro Max,در حد نو,۱ عدد,اصل,۵۱۲ گیگابایت,۶ گیگابایت,۶۵٬۰۰۰٬۰۰۰ تومان,graphite
سامسونگ Galaxy A52 5G,نو,۲ عدد,اصل,۱۲۸ گیگابایت,۸ گیگابایت,۱۰٬۳۰۰٬۰۰۰ تومان (مقطوع),مشکی Awesome
سایر,نو,۲ عدد,اصل,۵۱۲ گیگابایت,۱۲ گیگابایت,۱٬۰۰۰٬۰۰۰ تومان,
اپل iPhone 13 Pro Max,در حد نو,۲ عدد,اصل,۲۵۶ گیگابایت,۶ گیگابایت,۶۴٬۰۰۰٬۰۰۰ تومان,
سامسونگ Galaxy A20s,در حد نو,۲ عدد,اصل,۳۲ گیگابایت,,۳٬۳۰۰٬۰۰۰ تومان,مشکی
اپل iPhone 11,در حد نو,۲ عدد,اصل,۱۲۸ گیگابایت,۴ گیگابایت,۵٬۰۰۰٬۰۰۰ تومان,مشکی
اپل iPhone 13,نو,۲ عدد,اصل,۱۲۸ گیگابایت,۴ گیگابایت,۱۰٬۰۰۰٬۰۰۰ تومان,آبیmidnight
اپل iPhone 13,در حد نو,۲ عدد,اصل,۲۵۶ گیگابایت,۴ گیگابایت,۵۰٬۰۰۰٬۰۰۰ تومان,مشکی
اپل iPhone 13 Pro Max,نو,۲ عدد,اصل,۲۵۶ گیگابایت,۶ گیگابایت,۱۴۵٬۰۰۰٬۰۰۰ تومان,graphite
سامسونگ Galaxy A7 Duos,در حد نو,۲ عدد,اصل,۱۶ گیگابایت,۲ گیگابایت,۱٬۰۰۰٬۰۰۰ تومان,سفید Pearl
سامسونگ Galaxy A30s,نو,۲ عدد,اصل,,,۴٬۲۰۰٬۰۰۰ تومان,
اپل iPhone 11,در حد نو,۲ عدد,اصل,۱۲۸ گیگابایت,۴ گیگابایت,۱۹٬۸۰۰٬۰۰۰ تومان,سفید
اوپو,نو,,اصل,,,۵٬۵۰۰٬۰۰۰ تومان,
سامسونگ Galaxy S21 5G,در حد نو,۲ عدد,اصل,۱۲۸ گیگابایت,۸ گیگابایت,۱۵٬۰۰۰٬۰۰۰ تومان (مقطوع),خاکستری Phantom
اپل iPhone X,کارکرده,۱ عدد,اصل,۶۴ گیگابایت,۳ گیگابایت,۱۱٬۸۵۰٬۰۰۰ تومان,خاکستری Space
اپل iPhone 13,نو,۲ عدد,اصل,۱۲۸ گیگابایت,۴ گیگابایت,۴۹٬۵۰۰٬۰۰۰ تومان,سفید starlight
اپل iPhone 13,در حد نو,۲ عدد,اصل,۱۲۸ گیگابایت,۴ گیگابایت,۲۵٬۰۰۰٬۰۰۰ تومان,آبی
اپل iPhone 11,کارکرده,۱ عدد,اصل,۱۲۸ گیگابایت,۴ گیگابایت,۲۱٬۵۰۰٬۰۰۰ تومان (مقطوع),بنفش
اپل iPhone 12,کارکرده,۲ عدد,اصل,۱۲۸ گیگابایت,۴ گیگابایت,۲۰٬۰۰۰٬۰۰۰ تومان,آبی
اپل iPhone 13 Pro Max,نو,۲ عدد,اصل,۲۵۶ گیگابایت,۶ گیگابایت,۹۵٬۰۰۰٬۰۰۰ تومان,graphite
اپل iPhone 13 Pro Max,نو,۱ عدد,اصل,۲۵۶ گیگابایت,۶ گیگابایت,۸۵٬۰۰۰٬۰۰۰ تومان,آبی Sierra
اپل,نو,۲ عدد,اصل,۲۵۶ گیگابایت,۸ گیگابایت,۲۲٬۰۰۰٬۰۰۰ تومان,
سامسونگ Galaxy S10,نیاز به تعمیر,۲ عدد,اصل,۱۲۸ گیگابایت,۸ گیگابایت,۳٬۵۰۰٬۰۰۰ تومان,مشکی Prism
اپل iPhone 13,نو,۲ عدد,اصل,۱۲۸ گیگابایت,۴ گیگابایت,۱۰٬۰۰۰٬۰۰۰ تومان,سفید starlight
شیائومی Redmi Note 10,در حد نو,۲ عدد,اصل,۱۲۸ گیگابایت,۶ گیگابایت,۶٬۱۰۰٬۰۰۰ تومان,مشکی Shadow
اپل iPhone 12 Pro,در حد نو,۲ عدد,اصل,۲۵۶ گیگابایت,۶ گیگابایت,۱۰٬۰۰۰٬۰۰۰ تومان,طلایی
اپل iPhone 11 Pro,کارکرده,۱ عدد,اصل,۲۵۶ گیگابایت,۴ گیگابایت,۲۷٬۵۰۰٬۰۰۰ تومان (مقطوع),سبز Matte Midnight
سایر,در حد نو,۲ عدد,اصل,,۸ گیگابایت,۱۶٬۰۰۰٬۰۰۰ تومان (مقطوع),
اپل iPhone 13,نو,۲ عدد,اصل,۱۲۸ گیگابایت,۴ گیگابایت,۱۵٬۰۰۰٬۰۰۰ تومان,سفید starlight
اپل iPhone XS,کارکرده,۱ عدد,اصل,۶۴ گیگابایت,۴ گیگابایت,۱۶٬۰۰۰٬۰۰۰ تومان,طلایی
سایر,نو,۲ عدد,اصل,۲۵۶ گیگابایت,۸ گیگابایت,۱٬۰۰۰٬۰۰۰ تومان,
نوکیا,نو,,اصل,,,۹۰۰٬۰۰۰ تومان,
اپل iPhone 13 Pro Max,در حد نو,۲ عدد,اصل,۲۵۶ گیگابایت,۶ گیگابایت,۷۸٬۰۰۰٬۰۰۰ تومان,نقره‌ای
اپل iPhone 13,نو,۲ عدد,اصل,۱۲۸ گیگابایت,۴ گیگابایت,۱۵٬۰۰۰٬۰۰۰ تومان,مشکی
اپل iPhone 12 Pro,در حد نو,۲ عدد,اصل,۲۵۶ گیگابایت,۶ گیگابایت,۱۸٬۰۰۰٬۰۰۰ تومان,آبی Pacific
اپل iPhone 11 Pro Max,در حد نو,۱ عدد,اصل,۲۵۶ گیگابایت,۴ گیگابایت,۲۳٬۰۰۰٬۰۰۰ تومان (مقطوع),خاکستری Matte Space
اپل iPhone SE,در حد نو,۱ عدد,اصل,۶۴ گیگابایت,۲ گیگابایت,۱۱۱٬۱۱۱ تومان,خاکستری Space
اپل iPhone 13,نو,۲ عدد,اصل,۱۲۸ گیگابایت,۴ گیگابایت,۴۰٬۵۰۰٬۰۰۰ تومان (مقطوع),مشکی
شیائومی,در حد نو,۲ عدد,اصل,۶۴ گیگابایت,۶ گیگابایت,۲٬۲۲۲ تومان,
سامسونگ Galaxy A7 (2017),کارکرده,۲ عدد,اصل,۳۲ گیگابایت,۳ گیگابایت,۲٬۷۰۰٬۰۰۰ تومان,
اپل,نو,۲ عدد,غیر اصل,۵۱۲ مگابایت,۶ گیگابایت,۳٬۱۰۰٬۰۰۰ تومان,
سامسونگ Galaxy A72,در حد نو,۲ عدد,اصل,۱۲۸ گیگابایت,۸ گیگابایت,۸٬۵۰۰٬۰۰۰ تومان,مشکی Awesome
اپل iPhone 11,در حد نو,۱ عدد,اصل,۱۲۸ گیگابایت,۴ گیگابایت,۲۰٬۰۰۰٬۰۰۰ تومان,زرد
اپل iPhone 13,نو,۲ عدد,اصل,۱۲۸ گیگابایت,۴ گیگابایت,۲۲٬۰۰۰٬۰۰۰ تومان,سفید starlight
شیائومی,نو,۲ عدد,اصل,۲۵۶ گیگابایت,۸ گیگابایت,۱٬۵۰۰٬۰۰۰ تومان,
اپل iPhone 12 Pro Max,در حد نو,۲ عدد,اصل,۲۵۶ گیگابایت,۶ گیگابایت,۱۴٬۰۰۰٬۰۰۰ تومان,آبی Pacific
اپل iPhone 12 Pro,در حد نو,۲ عدد,اصل,۲۵۶ گیگابایت,۶ گیگابایت,۱۱٬۰۰۰٬۰۰۰ تومان,graphite
اپل iPhone 12,در حد نو,۲ عدد,اصل,۱۲۸ گیگابایت,۴ گیگابایت,۱۱٬۰۰۰٬۰۰۰ تومان,سفید
اپل iPhone 13,در حد نو,۲ عدد,اصل,۱۲۸ گیگابایت,۴ گیگابایت,۳۴٬۰۰۰٬۰۰۰ تومان,صورتی
اپل iPhone 12 Pro Max,در حد نو,۲ عدد,اصل,۲۵۶ گیگابایت,۶ گیگابایت,۴۹٬۸۰۰٬۰۰۰ تومان,نقره‌ای
اپل iPhone 12 Pro,در حد نو,۲ عدد,اصل,۲۵۶ گیگابایت,۶ گیگابایت,۳۹٬۸۰۰٬۰۰۰ تومان,طلایی
اپل iPhone 12 Pro Max,در حد نو,۲ عدد,اصل,۲۵۶ گیگابایت,۶ گیگابایت,۵۱٬۰۰۰٬۰۰۰ تومان,آبی Pacific
اپل iPhone 13 Pro,کارکرده,۱ عدد,اصل,۱۲۸ گیگابایت,۶ گیگابایت,۶۲٬۰۰۰٬۰۰۰ تومان,طلایی
اپل iPhone 11,در حد نو,۲ عدد,اصل,۱۲۸ گیگابایت,۴ گیگابایت,۲۶٬۰۰۰٬۰۰۰ تومان,سبز
بلک‌بری,نو,۲ عدد,غیر اصل,مطرح نیست,مطرح نیست,۱٬۳۵۰٬۰۰۰ تومان,
سامسونگ Galaxy J3 (2016),کارکرده,۱ عدد,اصل,۱۶ گیگابایت,۲ گیگابایت,۱٬۰۰۰٬۰۰۰ تومان,طلایی
سامسونگ Galaxy S20+ 5G,در حد نو,۲ عدد,اصل,۱۲۸ گیگابایت,۱۲ گیگابایت,۱۷٬۵۰۰٬۰۰۰ تومان,مشکی Cosmic
اپل iPhone 12 Pro,در حد نو,۲ عدد,اصل,۲۵۶ گیگابایت,۶ گیگابایت,۱۴٬۰۰۰٬۰۰۰ تومان,آبی Pacific
سامسونگ Galaxy A51,در حد نو,۲ عدد,اصل,۱۲۸ گیگابایت,۶ گیگابایت,۵٬۷۰۰٬۰۰۰ تومان,مشکی Prism Crush
اپل iPhone 13 Pro Max,نو,۲ عدد,اصل,۵۱۲ گیگابایت,۶ گیگابایت,۱۹٬۰۰۰٬۰۰۰ تومان,
ایسوس Zenfone 3 ZE552KL,نیاز به تعمیر,۲ عدد,اصل,۶۴ گیگابایت,۴ گیگابایت,۱٬۰۰۰٬۰۰۰ تومان,سفید Moonlight
اپل iPhone 13,نو,۲ عدد,اصل,۱۲۸ گیگابایت,۴ گیگابایت,۱۱٬۰۰۰٬۰۰۰ تومان,
اپل iPhone 12 Pro Max,در حد نو,۲ عدد,اصل,۲۵۶ گیگابایت,۶ گیگابایت,۲۰٬۰۰۰٬۰۰۰ تومان,graphite
سایر,در حد نو,۲ عدد,اصل,,,۱۲٬۳۴۵ تومان,
اپل iPhone 11,در حد نو,۱ عدد,اصل,۲۵۶ گیگابایت,۴ گیگابایت,۱۵٬۰۰۰٬۰۰۰ تومان,سبز
اپل iPhone 13,نو,۲ عدد,اصل,۱۲۸ گیگابایت,۴ گیگابایت,۱۴٬۰۰۰٬۰۰۰ تومان,مشکی
اپل iPhone 12,در حد نو,۲ عدد,اصل,۱۲۸ گیگابایت,۴ گیگابایت,۱۶٬۵۰۰٬۰۰۰ تومان,مشکی
شیائومی 11T Pro,در حد نو,۲ عدد,اصل,۲۵۶ گیگابایت,۱۲ گیگابایت,۲۰٬۴۵۰٬۰۰۰ تومان,خاکستری Meteorite
اپل iPhone 13,در حد نو,۲ عدد,اصل,۲۵۶ گیگابایت,۴ گیگابایت,۲۳٬۰۰۰٬۰۰۰ تومان,سفید starlight
اپل iPhone 11,کارکرده,۲ عدد,اصل,۱۲۸ گیگابایت,۴ گیگابایت,۱۱٬۰۰۰٬۰۰۰ تومان,سفید
اپل iPhone 13,نو,۲ عدد,اصل,۱۲۸ گیگابایت,۴ گیگابایت,۴۷٬۸۰۰٬۰۰۰ تومان,مشکی
اپل iPhone 13 Pro Max,در حد نو,۲ عدد,اصل,,۶ گیگابایت,۷۶٬۵۰۰٬۰۰۰ تومان,
سامسونگ Galaxy S8+,در حد نو,۲ عدد,اصل,۶۴ گیگابایت,۴ گیگابایت,۵٬۷۰۰٬۰۰۰ تومان,طلایی Maple
اپل,نو,۲ عدد,اصل,۲۵۶ گیگابایت,۸ گیگابایت,۱٬۰۰۰٬۰۰۰ تومان,مشکی Space
اپل iPhone 13,در حد نو,۲ عدد,اصل,۱۲۸ گیگابایت,۴ گیگابایت,۴۲٬۵۰۰٬۰۰۰ تومان,آبیmidnight
شیائومی Redmi 9,در حد نو,۲ عدد,اصل,۶۴ گیگابایت,۴ گیگابایت,۴٬۵۰۰٬۰۰۰ تومان,خاکستری Carbon
شیائومی Mi 10T 5G,در حد نو,۲ عدد,اصل,۱۲۸ گیگابایت,۸ گیگابایت,۱۰٬۰۰۰٬۰۰۰ تومان,نقره‌ای Lunar
سایر,نو,۲ عدد,اصل,۵۱۲ گیگابایت,۱۲ گیگابایت,۱٬۰۰۰٬۰۰۰ تومان,قرمز
اپل iPhone 12 Pro,نو,۲ عدد,اصل,۲۵۶ گیگابایت,۶ گیگابایت,۱۱٬۰۰۰٬۰۰۰ تومان,آبی Pacific
اپل iPhone 11 Pro Max,نو,۲ عدد,اصل,۲۵۶ گیگابایت,۴ گیگابایت,۱۰٬۰۰۰٬۰۰۰ تومان,نقره‌ای Matte
اپل iPhone 13 Pro Max,در حد نو,۲ عدد,اصل,۲۵۶ گیگابایت,۶ گیگابایت,۳۴٬۰۰۰٬۰۰۰ تومان,آبی Sierra
اپل iPhone 13,نو,۲ عدد,اصل,۱۲۸ گیگابایت,۴ گیگابایت,۱۹٬۰۰۰٬۰۰۰ تومان,مشکی
اپل iPhone 13,کارکرده,۲ عدد,اصل,۱۲۸ گیگابایت,۴ گیگابایت,۳۹٬۰۰۰٬۰۰۰ تومان,آبی
اپل iPhone X,در حد نو,۱ عدد,اصل,,۳ گیگابایت,۶٬۰۰۰٬۰۰۰ تومان,
اپل iPhone 13,در حد نو,۲ عدد,اصل,۱۲۸ گیگابایت,۴ گیگابایت,۳۷٬۸۰۰٬۰۰۰ تومان,مشکی
اپل iPhone 12 Pro Max,در حد نو,۲ عدد,اصل,۲۵۶ گیگابایت,۶ گیگابایت,۱۱٬۲۰۰٬۰۰۰ تومان,طلایی
اپل iPhone 13 Pro Max,در حد نو,۲ عدد,اصل,۲۵۶ گیگابایت,۶ گیگابایت,۳۵٬۰۰۰٬۰۰۰ تومان,graphite
اپل iPhone 13 Pro Max,در حد نو,۱ عدد,اصل,۵۱۲ گیگابایت,۶ گیگابایت,۴۱٬۰۰۰٬۰۰۰ تومان,آبی Sierra
سامسونگ Galaxy S21 5G,نو,۲ عدد,اصل,۲۵۶ گیگابایت,۸ گیگابایت,۲۱٬۰۰۰٬۰۰۰ تومان (مقطوع),خاکستری Phantom
اپل iPhone 13 Pro Max,کارکرده,۲ عدد,اصل,۲۵۶ گیگابایت,۶ گیگابایت,۷۴٬۸۰۰٬۰۰۰ تومان (مقطوع),نقره‌ای
سونی Xperia C3 Dual,کارکرده,۲ عدد,اصل,۸ گیگابایت,۱ گیگابایت,۱٬۰۰۰٬۰۰۰ تومان (مقطوع),
سامسونگ Galaxy A51,در حد نو,۲ عدد,اصل,,,۶٬۳۰۰٬۰۰۰ تومان,
اپل iPhone 12,در حد نو,۱ عدد,اصل,۱۲۸ گیگابایت,۴ گیگابایت,۲۸٬۰۰۰٬۰۰۰ تومان,سفید
اپل iPhone 13,در حد نو,۲ عدد,اصل,۱۲۸ گیگابایت,۴ گیگابایت,۳۹٬۴۰۰٬۰۰۰ تومان,سفید starlight
هواوی Y5 (2019),در حد نو,۲ عدد,اصل,۳۲ گیگابایت,۲ گیگابایت,۲٬۱۰۰٬۰۰۰ تومان,مشکی Modern
اپل iPhone 13,نو,۲ عدد,اصل,۱۲۸ گیگابایت,۴ گیگابایت,۴۲٬۰۰۰٬۰۰۰ تومان,صورتی
اپل iPhone 13,در حد نو,۲ عدد,اصل,۱۲۸ گیگابایت,۴ گیگابایت,۲۰٬۰۰۰٬۰۰۰ تومان,آبی
اپل,نیاز به تعمیر,۲ عدد,اصل,مطرح نیست,مطرح نیست,۲۰۰٬۰۰۰ تومان,
اپل,نو,۲ عدد,اصل,مطرح نیست,مطرح نیست,۲۹٬۰۰۰٬۰۰۰ تومان,مشکی Titanium
اپل iPhone 11 Pro Max,در حد نو,۲ عدد,اصل,۲۵۶ گیگابایت,۴ گیگابایت,۱۸٬۰۰۰٬۰۰۰ تومان,سبز Matte Midnight
شیائومی 11T,در حد نو,۲ عدد,اصل,۱۲۸ گیگابایت,۸ گیگابایت,۱۲٬۰۰۰٬۰۰۰ تومان,خاکستری Meteorite
اپل iPhone 12,در حد نو,۲ عدد,اصل,۱۲۸ گیگابایت,۴ گیگابایت,۱۱٬۰۰۰٬۰۰۰ تومان,سفید
سایر,نو,۱ عدد,اصل,,,۹۹۸٬۰۰۰ تومان,
سایر,نو,۱ عدد,اصل,,,۹۹۷٬۰۰۰ تومان,
سایر,نو,۱ عدد,اصل,,,۹۹۸٬۰۰۰ تومان,
سامسونگ Galaxy A12,در حد نو,۲ عدد,اصل,۱۲۸ گیگابایت,۴ گیگابایت,۴٬۸۵۰٬۰۰۰ تومان,مشکی
اپل iPhone 12 Pro,در حد نو,۲ عدد,اصل,۲۵۶ گیگابایت,۶ گیگابایت,۴۴٬۵۰۰٬۰۰۰ تومان (مقطوع),آبی Pacific
سامسونگ Galaxy A52,نو,۲ عدد,اصل,۲۵۶ گیگابایت,۸ گیگابایت,۲٬۰۰۰٬۰۰۰ تومان,مشکی Awesome
اپل iPhone 13 Pro Max,در حد نو,۲ عدد,اصل,۲۵۶ گیگابایت,۶ گیگابایت,۱۹٬۰۰۰٬۰۰۰ تومان,طلایی
اپل iPhone X,در حد نو,۱ عدد,اصل,۲۵۶ گیگابایت,۳ گیگابایت,۱۳٬۵۰۰٬۰۰۰ تومان (مقطوع),خاکستری Space
اپل iPhone 13 Pro Max,کارکرده,۲ عدد,اصل,۲۵۶ گیگابایت,۶ گیگابایت,۲۸٬۰۰۰٬۰۰۰ تومان,طلایی
اپل iPhone 13,نو,۲ عدد,اصل,۱۲۸ گیگابایت,۴ گیگابایت,۱۵٬۰۰۰٬۰۰۰ تومان,
سایر,نو,۲ عدد,اصل,۶۴ گیگابایت,۴ گیگابایت,۱٬۲۳۴ تومان,
سامسونگ,در حد نو,,اصل,,,۴٬۵۰۰٬۰۰۰ تومان,
اپل iPhone 6s Plus,کارکرده,۱ عدد,اصل,۶۴ گیگابایت,۲ گیگابایت,۲٬۵۰۰٬۰۰۰ تومان (مقطوع),نقره‌ای
اپل iPhone 7 Plus,در حد نو,۱ عدد,اصل,۲۵۶ گیگابایت,۳ گیگابایت,۸٬۳۵۰٬۰۰۰ تومان,مشکی Jet
اپل iPhone 13 Pro Max,در حد نو,۲ عدد,اصل,۲۵۶ گیگابایت,۶ گیگابایت,۳۰٬۰۰۰٬۰۰۰ تومان,graphite
اپل iPhone 11 Pro Max,نو,۱ عدد,اصل,۵۱۲ گیگابایت,۴ گیگابایت,۷۳٬۷۰۰٬۰۰۰ تومان,خاکستری Matte Space
اپل iPhone 12 Pro,کارکرده,۲ عدد,اصل,۲۵۶ گیگابایت,۶ گیگابایت,۱۹٬۰۰۰٬۰۰۰ تومان,طلایی
اپل iPhone 13,نو,۲ عدد,اصل,۱۲۸ گیگابایت,۴ گیگابایت,۹٬۰۰۰٬۰۰۰ تومان,سفید starlight
اپل iPhone 11 Pro,در حد نو,۱ عدد,اصل,۲۵۶ گیگابایت,۴ گیگابایت,۱۶٬۰۰۰٬۰۰۰ تومان,نقره‌ای Matte
اپل iPhone 12 Pro Max,در حد نو,۲ عدد,اصل,۲۵۶ گیگابایت,۶ گیگابایت,۲۷٬۰۰۰٬۰۰۰ تومان,آبی Pacific
اپل iPhone 11,در حد نو,۲ عدد,اصل,۱۲۸ گیگابایت,۴ گیگابایت,۱۳٬۰۰۰٬۰۰۰ تومان,مشکی
اپل iPhone 13,در حد نو,۲ عدد,اصل,۱۲۸ گیگابایت,۴ گیگابایت,۷٬۶۰۰٬۰۰۰ تومان,سفید starlight
اپل iPhone 13 Pro,در حد نو,۲ عدد,اصل,۲۵۶ گیگابایت,۶ گیگابایت,۱۶٬۰۰۰٬۰۰۰ تومان,آبی Sierra
سامسونگ Galaxy A10s,کارکرده,۲ عدد,اصل,۳۲ گیگابایت,,۲٬۵۰۰٬۰۰۰ تومان,
اپل,نو,۲ عدد,غیر اصل,۱۲۸ گیگابایت,۶ گیگابایت,۴٬۱۹۰٬۰۰۰ تومان,مشکی Space
اپل iPhone 13,نو,۲ عدد,اصل,۱۲۸ گیگابایت,۴ گیگابایت,۱٬۰۰۰٬۰۰۰ تومان,
سامسونگ Galaxy A3 (2017),نو,۲ عدد,اصل,۱۶ گیگابایت,۲ گیگابایت,۳٬۷۰۰٬۰۰۰ تومان (مقطوع),مشکی Sky
سامسونگ,نو,۲ عدد,اصل,۲۵۶ گیگابایت,۱۲ گیگابایت,۲٬۸۰۰٬۰۰۰ تومان,
اپل,نو,۲ عدد,اصل,,,۱٬۰۰۰ تومان,
اپل iPhone 7,در حد نو,۱ عدد,اصل,۱۲۸ گیگابایت,۲ گیگابایت,۵٬۴۰۰٬۰۰۰ تومان,نقره‌ای
سامسونگ Galaxy Note10+,کارکرده,۲ عدد,اصل,۲۵۶ گیگابایت,۱۲ گیگابایت,۱۵٬۸۰۰٬۰۰۰ تومان,سفید
نوکیا,در حد نو,,اصل,,,۵٬۵۰۰٬۰۰۰ تومان (مقطوع),
سایر,نو,۲ عدد,اصل,۲۵۶ گیگابایت,۸ گیگابایت,۱٬۱۰۰٬۰۰۰ تومان,
اپل iPhone 13 Pro Max,نو,۱ عدد,اصل,۵۱۲ گیگابایت,۶ گیگابایت,۷۶٬۰۰۰٬۰۰۰ تومان,graphite
اپل iPhone 11,در حد نو,۲ عدد,اصل,۱۲۸ گیگابایت,۴ گیگابایت,۵٬۰۰۰٬۰۰۰ تومان,سفید
سایر,نو,۲ عدد,غیر اصل,,۶ گیگابایت,۳٬۳۰۰٬۰۰۰ تومان,
اپل iPhone 13,در حد نو,۲ عدد,اصل,۱۲۸ گیگابایت,۴ گیگابایت,۴۴٬۰۰۰٬۰۰۰ تومان (مقطوع),مشکی
سامسونگ Galaxy Note10+,در حد نو,۲ عدد,اصل,۲۵۶ گیگابایت,۱۲ گیگابایت,۱۵٬۰۰۰٬۰۰۰ تومان,مشکی Aura
شیائومی Poco X3 Pro,در حد نو,۲ عدد,اصل,۱۲۸ گیگابایت,۸ گیگابایت,۶٬۰۰۰٬۰۰۰ تومان,آبی Frost
اپل iPhone 6s,در حد نو,۱ عدد,اصل,۶۴ گیگابایت,۲ گیگابایت,۴٬۰۰۰٬۰۰۰ تومان (مقطوع),خاکستری Space
اپل iPhone 13,نو,۲ عدد,اصل,۱۲۸ گیگابایت,۴ گیگابایت,۱۰٬۰۰۰٬۰۰۰ تومان,مشکی
اپل iPhone 13 Pro,در حد نو,۲ عدد,اصل,۲۵۶ گیگابایت,۶ گیگابایت,۱۵٬۰۰۰٬۰۰۰ تومان,نقره‌ای
اپل iPhone 13,در حد نو,۲ عدد,اصل,۲۵۶ گیگابایت,۴ گیگابایت,۱۶٬۰۰۰٬۰۰۰ تومان,
اپل iPhone 13,نو,۲ عدد,اصل,۱۲۸ گیگابایت,۴ گیگابایت,۱۴٬۰۰۰٬۰۰۰ تومان,صورتی
اپل iPhone 13,نو,۲ عدد,اصل,۱۲۸ گیگابایت,۴ گیگابایت,۱۵٬۰۰۰٬۰۰۰ تومان,سفید starlight
شیائومی Mi 11i,در حد نو,۲ عدد,اصل,۲۵۶ گیگابایت,۸ گیگابایت,۲۵٬۸۰۰٬۰۰۰ تومان,مشکی Cosmic
شیائومی Redmi Note 10 Pro Max,در حد نو,۲ عدد,اصل,۱۲۸ گیگابایت,۶ گیگابایت,۵٬۹۰۰٬۰۰۰ تومان (مقطوع),آبی Glacial
اپل iPhone 13,نو,۲ عدد,اصل,۱۲۸ گیگابایت,۴ گیگابایت,۱٬۱۱۱٬۱۱۱ تومان,آبیmidnight
شیائومی,نو,۲ عدد,اصل,۵۱۲ گیگابایت,۱۲ گیگابایت,۱٬۱۱۱٬۱۱۱ تومان,
اپل iPhone 12 Pro Max,کارکرده,۲ عدد,اصل,۲۵۶ گیگابایت,۶ گیگابایت,۴۷٬۵۰۰٬۰۰۰ تومان,آبی Pacific
https://www.instagram.com/limookatell1?igsh=MXNsZnlmZTNubXdzaQ==,نو,۲ عدد,غیر اصل,۱ ترابایت,۸ گیگابایت,۳٬۱۰۰٬۰۰۰ تومان,
سامسونگ Galaxy A32,در حد نو,۲ عدد,اصل,۱۲۸ گیگابایت,۶ گیگابایت,۵٬۸۰۰٬۰۰۰ تومان,مشکی Awesome
اپل iPhone 6 Plus,در حد نو,۱ عدد,اصل,,۱ گیگابایت,۳٬۵۰۰٬۰۰۰ تومان (مقطوع),
اپل iPhone 11 Pro Max,در حد نو,۲ عدد,اصل,۲۵۶ گیگابایت,۴ گیگابایت,۱۰٬۰۰۰٬۰۰۰ تومان,خاکستری Matte Space
اپل iPhone 11 Pro,در حد نو,۲ عدد,اصل,۲۵۶ گیگابایت,۴ گیگابایت,۸٬۰۰۰٬۰۰۰ تومان,خاکستری Matte Space
اپل iPhone 11,در حد نو,۲ عدد,اصل,۱۲۸ گیگابایت,۴ گیگابایت,۷٬۰۰۰٬۰۰۰ تومان,سبز
نوکیا,نیاز به تعمیر,,اصل,,,۲۸۰٬۰۰۰ تومان,
اپل iPhone 12 Pro Max,در حد نو,۲ عدد,اصل,۲۵۶ گیگابایت,۶ گیگابایت,۲۰٬۰۰۰٬۰۰۰ تومان,graphite
شیائومی,نو,,اصل,,,۱۱٬۱۰۰٬۰۰۰ تومان,
اپل iPhone 13 Pro Max,در حد نو,۲ عدد,اصل,۲۵۶ گیگابایت,۶ گیگابایت,۴۰٬۰۰۰٬۰۰۰ تومان,آبی Sierra
سایر,نو,۲ عدد,اصل,۶۴ گیگابایت,۸ گیگابایت,۱۱۱٬۲۲۲٬۳۳۳ تومان,مشکی
اپل iPhone XS Max,در حد نو,۲ عدد,اصل,۲۵۶ گیگابایت,۴ گیگابایت,۱۰٬۰۰۰٬۰۰۰ تومان,خاکستری Space
اپل iPhone XS Max,کارکرده,۱ عدد,اصل,۲۵۶ گیگابایت,۴ گیگابایت,۱۹٬۰۰۰٬۰۰۰ تومان,طلایی
شیائومی,در حد نو,,اصل,,,۴٬۹۰۰٬۰۰۰ تومان (مقطوع),
اپل iPhone XS Max,کارکرده,۲ عدد,اصل,۲۵۶ گیگابایت,۴ گیگابایت,۱۰٬۰۰۰٬۰۰۰ تومان,خاکستری Space
اپل iPhone 12 Pro Max,در حد نو,۲ عدد,اصل,۲۵۶ گیگابایت,۶ گیگابایت,۲۵٬۰۰۰٬۰۰۰ تومان,طلایی
اپل iPhone 13,در حد نو,۲ عدد,اصل,۱۲۸ گیگابایت,۴ گیگابایت,۱۷٬۰۰۰٬۰۰۰ تومان,صورتی
اپل iPhone 7 Plus,نیاز به تعمیر,۱ عدد,اصل,,۳ گیگابایت,۱٬۰۰۰٬۰۰۰ تومان (مقطوع),
اپل iPhone 11 Pro,کارکرده,۱ عدد,اصل,۲۵۶ گیگابایت,۴ گیگابایت,۲۵٬۰۰۰٬۰۰۰ تومان (مقطوع),نقره‌ای Matte
اپل iPhone 12 Pro,در حد نو,۲ عدد,اصل,۲۵۶ گیگابایت,۶ گیگابایت,۱۵٬۰۰۰٬۰۰۰ تومان,graphite
اپل,در حد نو,۳ و بیشتر,اصل,مطرح نیست,مطرح نیست,۱۰٬۰۰۰٬۰۰۰٬۰۰۰ تومان,
اپل,نو,۲ عدد,اصل,۲۵۶ گیگابایت,۸ گیگابایت,۳۰٬۰۰۰٬۰۰۰ تومان,
اپل iPhone X,در حد نو,۱ عدد,اصل,۶۴ گیگابایت,۳ گیگابایت,۱۳٬۵۰۰٬۰۰۰ تومان,خاکستری Space
اپل iPhone XS Max,کارکرده,۲ عدد,اصل,,۴ گیگابایت,۲۵٬۰۰۰٬۰۰۰ تومان,
نوکیا,کارکرده,,اصل,,,۱۱٬۰۰۰٬۰۰۰ تومان (مقطوع),
شیائومی Redmi Note 8,در حد نو,۲ عدد,اصل,۶۴ گیگابایت,۴ گیگابایت,۴٬۲۰۰٬۰۰۰ تومان (مقطوع),آبی Neptune
سامسونگ Galaxy Note10+ 5G,در حد نو,۱ عدد,اصل,۲۵۶ گیگابایت,۱۲ گیگابایت,۱۶٬۰۰۰٬۰۰۰ تومان,مشکی Aura
اپل iPhone 6,در حد نو,۱ عدد,اصل,۶۴ گیگابایت,۱ گیگابایت,۳٬۵۰۰٬۰۰۰ تومان (مقطوع),طلایی
سایر,نو,۲ عدد,غیر اصل,۲۵۶ گیگابایت,۸ گیگابایت,۶٬۲۰۰ تومان,
اپل iPhone 13,نو,۲ عدد,اصل,۱۲۸ گیگابایت,۴ گیگابایت,۱۵٬۰۰۰٬۰۰۰ تومان,مشکی
اپل iPhone 11 Pro,در حد نو,۱ عدد,اصل,۶۴ گیگابایت,۴ گیگابایت,۲۲٬۵۰۰٬۰۰۰ تومان,سبز Matte Midnight
اپل iPhone 11 Pro,در حد نو,۲ عدد,اصل,۲۵۶ گیگابایت,۴ گیگابایت,۲۶٬۵۰۰٬۰۰۰ تومان,
اپل iPhone 12 Pro,در حد نو,۲ عدد,اصل,۲۵۶ گیگابایت,۶ گیگابایت,۱۰٬۰۰۰٬۰۰۰ تومان,آبی Pacific
اپل iPhone 11,در حد نو,۲ عدد,اصل,۲۵۶ گیگابایت,۴ گیگابایت,۸٬۰۰۰٬۰۰۰ تومان,مشکی
اپل iPhone 13,نو,۲ عدد,اصل,۱۲۸ گیگابایت,۴ گیگابایت,۱۰٬۰۰۰٬۰۰۰ تومان,آبی
اپل iPhone 13 Pro Max,در حد نو,۲ عدد,اصل,۱۲۸ گیگابایت,۶ گیگابایت,۷۴٬۸۰۰٬۰۰۰ تومان,graphite
سایر,نو,۱ عدد,غیر اصل,۴ گیگابایت,مطرح نیست,۱۲٬۰۰۰٬۰۰۰ تومان,
اپل iPhone 8,نو,۱ عدد,اصل,,۲ گیگابایت,۸٬۸۰۰٬۰۰۰ تومان,
اپل iPhone 13 Pro,در حد نو,۲ عدد,اصل,,۶ گیگابایت,۶۷٬۸۰۰٬۰۰۰ تومان,
اپل iPhone XS Max,در حد نو,۲ عدد,اصل,۲۵۶ گیگابایت,۴ گیگابایت,۹٬۰۰۰٬۰۰۰ تومان,طلایی
اپل iPhone 11 Pro Max,در حد نو,۲ عدد,اصل,۲۵۶ گیگابایت,۴ گیگابایت,۱۱٬۵۰۰٬۰۰۰ تومان,سبز Matte Midnight
اپل iPhone 12 Pro,در حد نو,۲ عدد,اصل,۲۵۶ گیگابایت,۶ گیگابایت,۱۳٬۵۰۰٬۰۰۰ تومان,graphite
اپل iPhone 6s Plus,در حد نو,۱ عدد,اصل,,۲ گیگابایت,۵٬۰۰۰٬۰۰۰ تومان,
اپل iPhone XR,در حد نو,۲ عدد,اصل,۱۲۸ گیگابایت,۳ گیگابایت,۱۵٬۵۰۰٬۰۰۰ تومان,سفید
بلک‌بری,کارکرده,,اصل,,,۲٬۵۰۰٬۰۰۰ تومان (مقطوع),
اپل iPhone 13,در حد نو,۲ عدد,اصل,۱۲۸ گیگابایت,۴ گیگابایت,۴۱٬۰۰۰٬۰۰۰ تومان (مقطوع),
اپل iPhone 13 Pro Max,نو,۱ عدد,اصل,۲۵۶ گیگابایت,۶ گیگابایت,۸٬۹۰۰ تومان,آبی Sierra
موتورولا RAZR HD XT925,کارکرده,۱ عدد,اصل,۱۶ گیگابایت,۱ گیگابایت,۳٬۰۰۰٬۰۰۰ تومان,مشکی
سایر,در حد نو,۱ عدد,اصل,۸ گیگابایت,,۱٬۰۰۰ تومان,
اپل iPhone 12 Pro Max,در حد نو,۲ عدد,اصل,۲۵۶ گیگابایت,۶ گیگابایت,۲۰٬۰۰۰٬۰۰۰ تومان,طلایی
اپل iPhone 11,کارکرده,۲ عدد,اصل,۱۲۸ گیگابایت,۴ گیگابایت,۹٬۵۰۰٬۰۰۰ تومان,مشکی
سایر,در حد نو,۲ عدد,اصل,,,۷۰۰٬۰۰۰ تومان,مشکی
اپل iPhone 11 Pro Max,در حد نو,۲ عدد,اصل,۲۵۶ گیگابایت,۴ گیگابایت,۳۱٬۰۰۰٬۰۰۰ تومان,خاکستری Matte Space
اپل iPhone 13,کارکرده,۲ عدد,اصل,۱۲۸ گیگابایت,۴ گیگابایت,۳۵٬۰۰۰٬۰۰۰ تومان (مقطوع),آبی
سامسونگ Galaxy J3 (2017),کارکرده,۲ عدد,اصل,۱۶ گیگابایت,۲ گیگابایت,۱٬۰۵۰٬۰۰۰ تومان,
اپل iPhone 12 Pro Max,در حد نو,۲ عدد,اصل,۲۵۶ گیگابایت,۶ گیگابایت,۵۲٬۰۰۰٬۰۰۰ تومان,graphite
سایر,کارکرده,۲ عدد,اصل,,,۱۱۱٬۱۱۱٬۱۱۱ تومان,
سامسونگ Galaxy S20+ 5G,نو,۲ عدد,اصل,۱۲۸ گیگابایت,۱۲ گیگابایت,۱۷٬۰۰۰٬۰۰۰ تومان,آبی Aura
سامسونگ Galaxy A03s,نو,۲ عدد,اصل,۳۲ گیگابایت,,۴٬۱۰۰٬۰۰۰ تومان,مشکی
شیائومی Redmi Note 8 Pro,در حد نو,۲ عدد,اصل,۶۴ گیگابایت,۸ گیگابایت,۵٬۵۰۰٬۰۰۰ تومان,سفید
اپل iPhone 12 Pro Max,در حد نو,۲ عدد,اصل,۲۵۶ گیگابایت,۶ گیگابایت,۴۹٬۰۰۰٬۰۰۰ تومان,graphite
سایر,نو,۲ عدد,اصل,۲۵۶ گیگابایت,۱۲ گیگابایت,۲۰٬۰۰۰٬۰۰۰ تومان,
اپل iPhone 13,در حد نو,۲ عدد,اصل,۱۲۸ گیگابایت,۴ گیگابایت,۴۴٬۰۰۰٬۰۰۰ تومان (مقطوع),آبیmidnight
سامسونگ Galaxy J7,کارکرده,۲ عدد,اصل,۱۶ گیگابایت,۱.۵ گیگابایت,۲٬۰۰۰٬۰۰۰ تومان,طلایی
اپل iPhone 11 Pro Max,نیاز به تعمیر,۱ عدد,اصل,۶۴ گیگابایت,۴ گیگابایت,۱۰٬۰۰۰٬۰۰۰ تومان,خاکستری Matte Space
اپل iPhone 7,در حد نو,۱ عدد,اصل,,۲ گیگابایت,۵٬۰۰۰٬۰۰۰ تومان (مقطوع),
ایسر Liquid Glow E330,نو,۱ عدد,اصل,۱ گیگابایت,۵۱۲ مگابایت,۵٬۰۰۰٬۰۰۰ تومان (مقطوع),
اپل iPhone 13,نو,۲ عدد,اصل,,۴ گیگابایت,۴۵٬۰۰۰٬۰۰۰ تومان,
موتورولا Moto Z,در حد نو,۱ عدد,اصل,۳۲ گیگابایت,۴ گیگابایت,۴٬۹۰۰٬۰۰۰ تومان,مشکی خاکستری
اپل iPhone 8,کارکرده,۱ عدد,اصل,۶۴ گیگابایت,۲ گیگابایت,۵٬۰۰۰٬۰۰۰ تومان,خاکستری Space
نوکیا C1,نو,۲ عدد,اصل,۱۶ گیگابایت,۱ گیگابایت,۶۵۰٬۰۰۰ تومان,مشکی
سایر,نو,۲ عدد,اصل,۳۲ گیگابایت,۳ گیگابایت,۴٬۲۹۹٬۰۰۰ تومان,مشکی Phantom
اپل iPhone 11,در حد نو,۲ عدد,اصل,۱۲۸ گیگابایت,۴ گیگابایت,۲۵٬۲۰۰٬۰۰۰ تومان (مقطوع),سفید
اپل iPhone 13,در حد نو,۲ عدد,اصل,۱۲۸ گیگابایت,۴ گیگابایت,۴۳٬۵۰۰٬۰۰۰ تومان,سفید starlight
اپل iPhone 13,در حد نو,۲ عدد,اصل,۱۲۸ گیگابایت,۴ گیگابایت,۴۳٬۰۰۰٬۰۰۰ تومان (مقطوع),سفید starlight
اپل iPhone 13,در حد نو,۲ عدد,اصل,۱۲۸ گیگابایت,۴ گیگابایت,۹٬۲۰۰٬۰۰۰ تومان,مشکی
نوکیا,نو,۲ عدد,اصل,,,۳۹۰٬۰۰۰ تومان,
نوکیا 6300 4G,نو,۲ عدد,اصل,۴ گیگابایت,۵۱۲ مگابایت,۱٬۲۰۰٬۰۰۰ تومان,مشکی
نوکیا 220 4G,در حد نو,۲ عدد,اصل,مطرح نیست,مطرح نیست,۱٬۱۵۰٬۰۰۰ تومان,مشکی
هواوی P9 lite,در حد نو,۲ عدد,اصل,۱۶ گیگابایت,۳ گیگابایت,۱٬۶۵۰٬۰۰۰ تومان,مشکی
سامسونگ,در حد نو,,اصل,,,۱٬۲۰۰٬۰۰۰ تومان (مقطوع),
شیائومی Redmi Note 10 Pro Max,نیاز به تعمیر,۲ عدد,اصل,۱۲۸ گیگابایت,۶ گیگابایت,۱٬۸۰۰٬۰۰۰ تومان,آبی Glacial
سامسونگ Galaxy A70,کارکرده,۲ عدد,اصل,۱۲۸ گیگابایت,,۵٬۵۰۰٬۰۰۰ تومان,مشکی
سایر,نو,۲ عدد,اصل,,,۱۲۳٬۴۵۶ تومان,
سامسونگ Galaxy J3 (2017),در حد نو,۲ عدد,اصل,۱۶ گیگابایت,۲ گیگابایت,۱٬۰۰۰٬۰۰۰ تومان,مشکی
سامسونگ,در حد نو,,اصل,,,۱۵٬۵۰۰٬۰۰۰ تومان,
سامسونگ Galaxy A10,در حد نو,۲ عدد,اصل,۳۲ گیگابایت,۴ گیگابایت,۲٬۳۰۰٬۰۰۰ تومان,آبی
اپل iPhone 7 Plus,در حد نو,۱ عدد,اصل,۲۵۶ گیگابایت,۳ گیگابایت,۷٬۲۰۰٬۰۰۰ تومان,قرمز
اچ‌تی‌سی U11,کارکرده,۲ عدد,اصل,۱۲۸ گیگابایت,۶ گیگابایت,۳٬۶۰۰٬۰۰۰ تومان,آبی Sapphire
سامسونگ Galaxy M52 5G,در حد نو,۲ عدد,اصل,۱۲۸ گیگابایت,۸ گیگابایت,۸٬۷۰۰٬۰۰۰ تومان,آبی Icy
اپل iPhone 13 Pro Max,در حد نو,۲ عدد,اصل,۲۵۶ گیگابایت,۶ گیگابایت,۸۵٬۰۰۰٬۰۰۰ تومان (مقطوع),graphite
اپل iPhone 13 Pro Max,در حد نو,۲ عدد,اصل,۱۲۸ گیگابایت,۶ گیگابایت,۱۲۰٬۰۰۰٬۰۰۰ تومان,آبی Sierra
شیائومی Redmi Note 8,کارکرده,۲ عدد,اصل,۱۲۸ گیگابایت,۴ گیگابایت,۴٬۰۰۰٬۰۰۰ تومان (مقطوع),مشکی Space
شیائومی Redmi Note 9S,در حد نو,۲ عدد,اصل,۱۲۸ گیگابایت,۶ گیگابایت,۴٬۶۰۰٬۰۰۰ تومان,آبی Aurora
شیائومی Redmi Note 9S,در حد نو,۲ عدد,اصل,۶۴ گیگابایت,۶ گیگابایت,۴٬۴۰۰٬۰۰۰ تومان,آبی Aurora
اپل iPhone 7,در حد نو,۱ عدد,اصل,۱۲۸ گیگابایت,۲ گیگابایت,۳٬۸۰۰٬۰۰۰ تومان,قرمز
سامسونگ Galaxy S20 FE,کارکرده,۲ عدد,اصل,,,۹٬۰۰۰٬۰۰۰ تومان (مقطوع),
اپل iPhone 12 Pro Max,در حد نو,۱ عدد,اصل,۲۵۶ گیگابایت,۶ گیگابایت,۴۸٬۰۰۰٬۰۰۰ تومان,
اپل iPhone X,در حد نو,۱ عدد,اصل,۲۵۶ گیگابایت,۳ گیگابایت,۱۳٬۸۰۰٬۰۰۰ تومان,خاکستری Space
شیائومی Poco M3,کارکرده,۲ عدد,اصل,۱۲۸ گیگابایت,۴ گیگابایت,۴٬۰۰۰٬۰۰۰ تومان,زرد Poco
اپل iPhone 13 Pro Max,در حد نو,۱ عدد,اصل,۱ ترابایت,۶ گیگابایت,۸۵٬۰۰۰٬۰۰۰ تومان,آبی Sierra
نوکیا X,در حد نو,۲ عدد,اصل,۴ گیگابایت,۵۱۲ مگابایت,۱٬۲۵۰٬۰۰۰ تومان,
نوکیا,نو,,اصل,,,۶۰۰٬۰۰۰ تومان,
اپل iPhone X,کارکرده,۱ عدد,اصل,۶۴ گیگابایت,۳ گیگابایت,۱۱٬۵۰۰٬۰۰۰ تومان,
سامسونگ Galaxy A10s,در حد نو,۲ عدد,اصل,۳۲ گیگابایت,,۲٬۰۰۰٬۰۰۰ تومان,
اپل iPhone 11 Pro,در حد نو,۱ عدد,اصل,,۴ گیگابایت,۲۵٬۰۰۰٬۰۰۰ تومان,
اپل iPhone 13,نو,۲ عدد,اصل,,۴ گیگابایت,۴۹٬۰۰۰٬۰۰۰ تومان (مقطوع),
کت,نو,,اصل,,,۲٬۱۵۰٬۰۰۰ تومان,
شیائومی Mi Note 10,در حد نو,۲ عدد,اصل,۱۲۸ گیگابایت,۶ گیگابایت,۱۰٬۰۰۰٬۰۰۰ تومان (مقطوع),مشکی Midnight
شیائومی Redmi 9T,کارکرده,۲ عدد,اصل,۱۲۸ گیگابایت,۴ گیگابایت,۴٬۶۰۰٬۰۰۰ تومان,خاکستری Carbon
اپل iPhone 7,کارکرده,۱ عدد,اصل,۱۲۸ گیگابایت,۲ گیگابایت,۵٬۴۰۰٬۰۰۰ تومان,مشکی
سامسونگ Galaxy A70,کارکرده,۲ عدد,اصل,۱۲۸ گیگابایت,۶ گیگابایت,۵٬۷۰۰٬۰۰۰ تومان,مشکی
نوکیا,در حد نو,,اصل,,,۵۰۰٬۰۰۰ تومان (مقطوع),
نوکیا 6300 4G,در حد نو,۲ عدد,اصل,۴ گیگابایت,۵۱۲ مگابایت,۱٬۰۰۰٬۰۰۰ تومان (مقطوع),
سامسونگ Galaxy A32,در حد نو,۲ عدد,اصل,۱۲۸ گیگابایت,۶ گیگابایت,۸٬۰۰۰٬۰۰۰ تومان,مشکی Awesome
شیائومی Redmi Note 10S,کارکرده,۲ عدد,اصل,۱۲۸ گیگابایت,۸ گیگابایت,۶٬۰۰۰٬۰۰۰ تومان (مقطوع),آبی Ocean
سامسونگ,کارکرده,,اصل,,,۲٬۰۰۰٬۰۰۰ تومان,
اپل iPhone 11 Pro Max,کارکرده,۲ عدد,اصل,۲۵۶ گیگابایت,۴ گیگابایت,۳۲٬۳۰۰٬۰۰۰ تومان,سبز Matte Midnight
هواوی G10,در حد نو,۲ عدد,اصل,۶۴ گیگابایت,۴ گیگابایت,۲٬۸۰۰٬۰۰۰ تومان (مقطوع),
اپل iPhone SE,در حد نو,۱ عدد,اصل,۶۴ گیگابایت,۲ گیگابایت,۲٬۵۰۰٬۰۰۰ تومان,نقره‌ای
سامسونگ Galaxy A02,نو,۲ عدد,اصل,۶۴ گیگابایت,۳ گیگابایت,۳٬۲۰۰٬۰۰۰ تومان,مشکی
اپل iPhone SE (2020),کارکرده,۱ عدد,اصل,۱۲۸ گیگابایت,۳ گیگابایت,۹٬۰۰۰٬۰۰۰ تومان (مقطوع),مشکی
اپل iPhone 13,نو,۲ عدد,اصل,۱۲۸ گیگابایت,۴ گیگابایت,۴۵٬۰۰۰٬۰۰۰ تومان (مقطوع),صورتی
سامسونگ Galaxy A51,کارکرده,۲ عدد,اصل,,,۷٬۵۰۰٬۰۰۰ تومان,
اپل iPhone 7,در حد نو,۱ عدد,اصل,۱۲۸ گیگابایت,۲ گیگابایت,۴٬۵۰۰٬۰۰۰ تومان,مشکی
اپل iPhone 13 Pro Max,در حد نو,۲ عدد,اصل,,۶ گیگابایت,۸۰٬۰۰۰٬۰۰۰ تومان,
اپل iPhone 6,در حد نو,۱ عدد,اصل,۶۴ گیگابایت,۱ گیگابایت,۲٬۸۰۰٬۰۰۰ تومان,نقره‌ای
اپل iPhone 12 Pro Max,نو,۱ عدد,اصل,۲۵۶ گیگابایت,۶ گیگابایت,۴۲٬۰۰۰٬۰۰۰ تومان,طلایی
شیائومی Redmi Note 9S,در حد نو,۲ عدد,اصل,۶۴ گیگابایت,۴ گیگابایت,۴٬۴۰۰٬۰۰۰ تومان,آبی Aurora
اپل iPhone X,در حد نو,۱ عدد,اصل,۲۵۶ گیگابایت,۳ گیگابایت,۱۴٬۰۰۰٬۰۰۰ تومان,خاکستری Space
اپل iPhone 13,در حد نو,۲ عدد,اصل,۱۲۸ گیگابایت,۴ گیگابایت,۴۲٬۵۰۰٬۰۰۰ تومان,مشکی
نوکیا N95 8GB,در حد نو,۱ عدد,اصل,۸ گیگابایت,مطرح نیست,۲٬۵۰۰٬۰۰۰ تومان,مشکی
اپل iPhone 13 Pro Max,در حد نو,۱ عدد,اصل,۲۵۶ گیگابایت,۶ گیگابایت,۸۳٬۰۰۰٬۰۰۰ تومان,آبی Sierra
شیائومی Redmi Note 8 Pro,در حد نو,۲ عدد,اصل,۱۲۸ گیگابایت,۶ گیگابایت,۳٬۲۰۰٬۰۰۰ تومان (مقطوع),آبی Midnight
سامسونگ,نو,۲ عدد,اصل,,,۱٬۷۹۹٬۰۰۰ تومان,
اپل iPhone 6,در حد نو,۱ عدد,اصل,۶۴ گیگابایت,۱ گیگابایت,۳٬۹۰۰٬۰۰۰ تومان,طلایی
سامسونگ Galaxy S7 edge,نیاز به تعمیر,۲ عدد,اصل,۳۲ گیگابایت,۴ گیگابایت,۳٬۰۰۰٬۰۰۰ تومان (مقطوع),
اپل iPhone 7 Plus,در حد نو,۱ عدد,اصل,۱۲۸ گیگابایت,۳ گیگابایت,۶٬۷۰۰٬۰۰۰ تومان,مشکی
اپل iPhone 13 Pro,نو,۲ عدد,اصل,۱۲۸ گیگابایت,۶ گیگابایت,۳۰٬۰۰۰٬۰۰۰ تومان,نقره‌ای
نوکیا Lumia 520,کارکرده,۱ عدد,اصل,۸ گیگابایت,۵۱۲ مگابایت,۳۵۰٬۰۰۰ تومان,زرد
نوکیا Lumia 620,کارکرده,۱ عدد,اصل,۸ گیگابایت,۵۱۲ مگابایت,۳۸۰٬۰۰۰ تومان,زرد
نوکیا Lumia 925,کارکرده,۱ عدد,اصل,۳۲ گیگابایت,۱ گیگابایت,۴۵۰٬۰۰۰ تومان,خاکستری
شیائومی,نو,,اصل,,,۱۱٬۰۰۰٬۰۰۰ تومان (مقطوع),
سامسونگ Galaxy J7 Prime,نو,۲ عدد,اصل,۱۶ گیگابایت,۳ گیگابایت,۲٬۲۰۰٬۰۰۰ تومان (مقطوع),طلایی
اپل iPhone XS,کارکرده,۱ عدد,اصل,۲۵۶ گیگابایت,۴ گیگابایت,۱۵٬۸۰۰٬۰۰۰ تومان,خاکستری Space
اپل iPhone 8 Plus,کارکرده,۱ عدد,اصل,۶۴ گیگابایت,۳ گیگابایت,۸٬۸۰۰٬۰۰۰ تومان (مقطوع),خاکستری Space
اپل iPhone X,کارکرده,۱ عدد,اصل,۲۵۶ گیگابایت,۳ گیگابایت,۱۱٬۰۰۰٬۰۰۰ تومان,خاکستری Space
سامسونگ Galaxy A02s,کارکرده,۲ عدد,اصل,۶۴ گیگابایت,۴ گیگابایت,۴٬۰۰۰٬۰۰۰ تومان,مشکی
سامسونگ Galaxy S20,در حد نو,۲ عدد,اصل,۱۲۸ گیگابایت,۸ گیگابایت,۱۲٬۵۰۰٬۰۰۰ تومان,خاکستری Cosmic
اپل iPhone 13,در حد نو,۲ عدد,اصل,۱۲۸ گیگابایت,۴ گیگابایت,۳۹٬۰۰۰٬۰۰۰ تومان,آبیmidnight
سامسونگ Galaxy A11,در حد نو,۲ عدد,اصل,,,۲٬۹۰۰٬۰۰۰ تومان (مقطوع),
شیائومی Redmi Note 10 Pro,در حد نو,۲ عدد,اصل,۱۲۸ گیگابایت,۸ گیگابایت,۵٬۸۰۰٬۰۰۰ تومان (مقطوع),
اپل iPhone 13 Pro Max,در حد نو,۲ عدد,اصل,۵۱۲ گیگابایت,۶ گیگابایت,۸۱٬۰۰۰٬۰۰۰ تومان,آبی Sierra
سامسونگ Galaxy A6 (2018),در حد نو,۲ عدد,اصل,,,۳٬۳۵۰٬۰۰۰ تومان,
نوکیا,کارکرده,,اصل,,,۱۲۳٬۴۵۶ تومان (مقطوع),
سامسونگ Galaxy A20s,در حد نو,۲ عدد,اصل,,,۱٬۰۰۰٬۰۰۰ تومان,
اپل iPhone 13 Pro,در حد نو,۲ عدد,اصل,۱ ترابایت,۶ گیگابایت,۵۵٬۰۰۰٬۰۰۰ تومان,آبی Sierra
اپل iPhone 13,در حد نو,۲ عدد,اصل,۱۲۸ گیگابایت,۴ گیگابایت,۴۰٬۰۰۰٬۰۰۰ تومان (مقطوع),آبیmidnight
اپل iPhone 13,نو,۲ عدد,اصل,۱۲۸ گیگابایت,۴ گیگابایت,۴۸٬۰۰۰٬۰۰۰ تومان (مقطوع),آبی
اپل iPhone X,در حد نو,۱ عدد,اصل,۶۴ گیگابایت,۳ گیگابایت,۱۲٬۰۰۰٬۰۰۰ تومان,خاکستری Space
اپل,کارکرده,,اصل,,,۱۴٬۰۰۰٬۰۰۰ تومان (مقطوع),
اپل iPhone 13,در حد نو,۲ عدد,اصل,۱۲۸ گیگابایت,۴ گیگابایت,۳۸٬۸۰۰٬۰۰۰ تومان,مشکی
اپل iPhone 13,نو,۲ عدد,اصل,۱۲۸ گیگابایت,۴ گیگابایت,۴۸٬۰۰۰٬۰۰۰ تومان (مقطوع),مشکی
سامسونگ Galaxy A02s,در حد نو,۲ عدد,اصل,۶۴ گیگابایت,۴ گیگابایت,۳٬۵۰۰٬۰۰۰ تومان,مشکی
شیائومی Redmi Note 10,نو,۲ عدد,اصل,۱۲۸ گیگابایت,۶ گیگابایت,۹٬۰۰۰٬۰۰۰ تومان,
اپل iPhone 13 Pro Max,در حد نو,۲ عدد,اصل,,۶ گیگابایت,۷۵٬۳۰۰٬۰۰۰ تومان,
اپل iPhone 13 Pro Max,نو,۲ عدد,اصل,۲۵۶ گیگابایت,۶ گیگابایت,۱۳۵٬۰۰۰٬۰۰۰ تومان,آبی Sierra
هواوی Y8p,در حد نو,۲ عدد,اصل,۱۲۸ گیگابایت,۶ گیگابایت,۵٬۰۰۰٬۰۰۰ تومان,آبی
شیائومی Poco X3 NFC,در حد نو,۲ عدد,اصل,۱۲۸ گیگابایت,۸ گیگابایت,۵٬۹۰۰٬۰۰۰ تومان,خاکستری Shadow
اپل iPhone 11 Pro,در حد نو,۲ عدد,اصل,۲۵۶ گیگابایت,۴ گیگابایت,۸٬۰۰۰٬۰۰۰ تومان,طلایی Matte
اپل iPhone 13,نو,۲ عدد,اصل,۲۵۶ گیگابایت,۴ گیگابایت,۱۰٬۰۰۰٬۰۰۰ تومان,سفید starlight
سامسونگ Galaxy A10s,نو,۲ عدد,اصل,۳۲ گیگابایت,,۲٬۸۰۰٬۰۰۰ تومان (مقطوع),
سامسونگ Galaxy J7,در حد نو,۲ عدد,اصل,۱۶ گیگابایت,۱.۵ گیگابایت,۱٬۸۰۰٬۰۰۰ تومان,
سامسونگ Galaxy A12,در حد نو,۲ عدد,اصل,۶۴ گیگابایت,۴ گیگابایت,۳٬۹۰۰٬۰۰۰ تومان (مقطوع),آبی
اپل iPhone 13,در حد نو,۲ عدد,اصل,۲۵۶ گیگابایت,۴ گیگابایت,۱۸٬۰۰۰٬۰۰۰ تومان,مشکی
اپل iPhone 13 Pro Max,در حد نو,۲ عدد,اصل,۲۵۶ گیگابایت,۶ گیگابایت,۸۳٬۰۰۰٬۰۰۰ تومان,آبی Sierra
اپل iPhone 7 Plus,در حد نو,۱ عدد,اصل,۱۲۸ گیگابایت,۳ گیگابایت,۸٬۱۰۰٬۰۰۰ تومان,قرمز
اپل iPhone 11 Pro,در حد نو,۲ عدد,اصل,۲۵۶ گیگابایت,۴ گیگابایت,۲۳٬۰۰۰٬۰۰۰ تومان (مقطوع),طلایی Matte
سامسونگ Galaxy A50,در حد نو,۲ عدد,اصل,,,۴٬۷۰۰٬۰۰۰ تومان,
اپل iPhone 13,نو,۲ عدد,اصل,۲۵۶ گیگابایت,۴ گیگابایت,۲۰٬۰۰۰٬۰۰۰ تومان,
اپل iPhone 12 Pro,در حد نو,۲ عدد,اصل,۲۵۶ گیگابایت,۶ گیگابایت,۱۵٬۰۰۰٬۰۰۰ تومان,آبی Pacific
اپل iPhone 13,نو,۲ عدد,اصل,۱۲۸ گیگابایت,۴ گیگابایت,۲۰٬۰۰۰٬۰۰۰ تومان,آبی
اپل iPhone 12 Pro,در حد نو,۲ عدد,اصل,۲۵۶ گیگابایت,۶ گیگابایت,۱۵٬۰۰۰٬۰۰۰ تومان,آبی Pacific
اپل iPhone 11 Pro Max,در حد نو,۲ عدد,اصل,۲۵۶ گیگابایت,۴ گیگابایت,۶٬۲۰۰٬۰۰۰ تومان,نقره‌ای Matte
اپل iPhone 13 Pro Max,نو,۲ عدد,اصل,۲۵۶ گیگابایت,۶ گیگابایت,۴۰٬۰۰۰٬۰۰۰ تومان,آبی Sierra
اپل iPhone 12 Pro,در حد نو,۲ عدد,اصل,۲۵۶ گیگابایت,۶ گیگابایت,۱۱٬۲۰۰٬۰۰۰ تومان,آبی Pacific
اپل iPhone 12,در حد نو,۲ عدد,اصل,۱۲۸ گیگابایت,۴ گیگابایت,۱۵٬۰۰۰٬۰۰۰ تومان,مشکی
هواوی Y9 Prime (2019),در حد نو,۲ عدد,اصل,۱۲۸ گیگابایت,۴ گیگابایت,۴٬۰۰۰٬۰۰۰ تومان (مقطوع),آبی Sapphire
اپل iPhone 13,نو,۲ عدد,اصل,۱۲۸ گیگابایت,۴ گیگابایت,۱۹٬۰۰۰٬۰۰۰ تومان,آبی
اپل iPhone 13 Pro Max,نو,۲ عدد,اصل,۱۲۸ گیگابایت,۶ گیگابایت,۵٬۵۰۰٬۰۰۰ تومان,طلایی
اپل iPhone 11,کارکرده,۲ عدد,اصل,۱۲۸ گیگابایت,۴ گیگابایت,۱۲٬۰۰۰٬۰۰۰ تومان,بنفش
اپل iPhone 13 Pro,نو,۲ عدد,اصل,۲۵۶ گیگابایت,۶ گیگابایت,۴۵٬۰۰۰٬۰۰۰ تومان,
اپل iPhone 11 Pro Max,کارکرده,۲ عدد,اصل,۲۵۶ گیگابایت,۴ گیگابایت,۱۶٬۰۰۰٬۰۰۰ تومان,سبز Matte Midnight
اپل iPhone 13,نو,۲ عدد,اصل,۱۲۸ گیگابایت,۴ گیگابایت,۲۵٬۰۰۰٬۰۰۰ تومان,آبی
اپل iPhone 13 Pro Max,در حد نو,۲ عدد,اصل,۲۵۶ گیگابایت,۶ گیگابایت,۴۵٬۰۰۰٬۰۰۰ تومان,graphite
سایر,نو,۲ عدد,غیر اصل,,,۳٬۴۰۰٬۰۰۰ تومان,
سامسونگ,نو,۲ عدد,اصل,۱۲۸ گیگابایت,۶ گیگابایت,۶٬۳۰۰٬۰۰۰ تومان,
اپل iPhone 13 Pro Max,در حد نو,۲ عدد,اصل,۲۵۶ گیگابایت,۶ گیگابایت,۹۴٬۰۰۰٬۰۰۰ تومان (مقطوع),طلایی
سامسونگ Galaxy A11,کارکرده,۲ عدد,اصل,۳۲ گیگابایت,۳ گیگابایت,۴٬۴۰۰٬۰۰۰ تومان (مقطوع),آبی
سامسونگ Galaxy S5,نیاز به تعمیر,۱ عدد,اصل,,۲ گیگابایت,۱٬۰۰۰٬۰۰۰ تومان,
سامسونگ Z4,نیاز به تعمیر,۲ عدد,اصل,۸ گیگابایت,۱ گیگابایت,۱٬۵۰۰٬۰۰۰ تومان,
شیائومی,نو,۲ عدد,اصل,۵۱۲ گیگابایت,۱۲ گیگابایت,۳٬۵۰۰٬۰۰۰ تومان,
سامسونگ Galaxy A12,در حد نو,۲ عدد,اصل,,,۵٬۰۰۰٬۰۰۰ تومان,
اپل iPhone 11 Pro Max,در حد نو,۲ عدد,اصل,۲۵۶ گیگابایت,۴ گیگابایت,۱۸٬۰۰۰٬۰۰۰ تومان,خاکستری Matte Space
اپل iPhone 7 Plus,نو,۱ عدد,اصل,,۳ گیگابایت,۶٬۰۰۰٬۰۰۰ تومان (مقطوع),
هواوی Y625,در حد نو,۲ عدد,اصل,۴ گیگابایت,۱ گیگابایت,۵۵۰٬۰۰۰ تومان,
سامسونگ I9502 Galaxy S4,نیاز به تعمیر,۲ عدد,اصل,۶۴ گیگابایت,۲ گیگابایت,۱٬۸۰۰٬۰۰۰ تومان,مشکی Mist
سامسونگ Galaxy A32 5G,در حد نو,۲ عدد,اصل,۱۲۸ گیگابایت,۸ گیگابایت,۶۰٬۰۰۰٬۰۰۰ تومان (مقطوع),آبی Awesome
سامسونگ Galaxy J7,کارکرده,۲ عدد,اصل,۱۶ گیگابایت,۱.۵ گیگابایت,۲٬۵۰۰٬۰۰۰ تومان (مقطوع),طلایی
اپل iPhone 11 Pro Max,کارکرده,۲ عدد,اصل,۲۵۶ گیگابایت,۴ گیگابایت,۳۳٬۰۰۰٬۰۰۰ تومان (مقطوع),سبز Matte Midnight
اپل,نو,۲ عدد,اصل,۲۵۶ گیگابایت,۶ گیگابایت,۴۵٬۰۰۰٬۰۰۰ تومان,
اپل iPhone 13 Pro,نو,۲ عدد,اصل,۲۵۶ گیگابایت,۶ گیگابایت,۴۰٬۰۰۰٬۰۰۰ تومان,آبی Sierra
اپل iPhone 13,نو,۲ عدد,اصل,۱۲۸ گیگابایت,۴ گیگابایت,۱۹٬۰۰۰٬۰۰۰ تومان,آبی
شیائومی Mi 11 Lite 5G,در حد نو,۲ عدد,اصل,۲۵۶ گیگابایت,۸ گیگابایت,۱۰٬۰۰۰٬۰۰۰ تومان,مشکی Truffle
سامسونگ Galaxy S20 Ultra,در حد نو,۲ عدد,اصل,۱۲۸ گیگابایت,۱۲ گیگابایت,۱۶٬۰۰۰٬۰۰۰ تومان (مقطوع),مشکی Cosmic
سامسونگ Galaxy A31,نو,۲ عدد,اصل,۱۲۸ گیگابایت,۴ گیگابایت,۵٬۴۵۰٬۰۰۰ تومان,مشکی Prism Crush
اپل iPhone 12,در حد نو,۲ عدد,اصل,۱۲۸ گیگابایت,۴ گیگابایت,۱۵٬۰۰۰٬۰۰۰ تومان,
اپل iPhone XS Max,در حد نو,۲ عدد,اصل,۲۵۶ گیگابایت,۴ گیگابایت,۱۱٬۰۰۰٬۰۰۰ تومان,خاکستری Space
اپل iPhone XR,کارکرده,۱ عدد,اصل,,۳ گیگابایت,۱۳٬۵۰۰٬۰۰۰ تومان,
سامسونگ Galaxy A50,نیاز به تعمیر,۲ عدد,اصل,۱۲۸ گیگابایت,۴ گیگابایت,۳٬۵۰۰٬۰۰۰ تومان,آبی
اپل iPhone 7 Plus,کارکرده,۱ عدد,اصل,۱۲۸ گیگابایت,۳ گیگابایت,۹٬۰۰۰٬۰۰۰ تومان,مشکی Jet
اپل iPhone 12 Pro Max,نیاز به تعمیر,۲ عدد,اصل,۲۵۶ گیگابایت,۶ گیگابایت,۳۲٬۰۰۰٬۰۰۰ تومان,graphite
اپل iPhone 13,کارکرده,۲ عدد,اصل,۱۲۸ گیگابایت,۴ گیگابایت,۴۵٬۲۰۰٬۰۰۰ تومان,سفید starlight
آنر 8X,در حد نو,۲ عدد,اصل,۱۲۸ گیگابایت,۴ گیگابایت,۴٬۸۰۰٬۰۰۰ تومان,آبی
سامسونگ Galaxy J7 Pro,در حد نو,۲ عدد,اصل,۶۴ گیگابایت,۳ گیگابایت,۳٬۹۰۰٬۰۰۰ تومان,مشکی
اپل iPhone 13,در حد نو,۲ عدد,اصل,۱۲۸ گیگابایت,۴ گیگابایت,۱۶٬۰۰۰٬۰۰۰ تومان,سفید starlight
سایر,نو,۲ عدد,اصل,۶۴ گیگابایت,۲ گیگابایت,۴٬۲۵۰٬۰۰۰ تومان (مقطوع),
اپل iPhone 13 Pro Max,نو,۲ عدد,اصل,,۶ گیگابایت,۱۱٬۴۰۰٬۰۰۰ تومان,
اپل iPhone 13 Pro Max,کارکرده,۲ عدد,اصل,۲۵۶ گیگابایت,۶ گیگابایت,۹۴٬۰۰۰٬۰۰۰ تومان,graphite
سونی اریکسون,کارکرده,,اصل,,,۳۲۰٬۰۰۰ تومان,
سامسونگ Galaxy J7,در حد نو,۲ عدد,اصل,۱۶ گیگابایت,۱.۵ گیگابایت,۲٬۲۰۰٬۰۰۰ تومان,طلایی
اپل iPhone 11 Pro Max,در حد نو,۲ عدد,اصل,۲۵۶ گیگابایت,۴ گیگابایت,۸٬۰۰۰٬۰۰۰ تومان,طلایی Matte
اپل iPhone 12,در حد نو,۲ عدد,اصل,۱۲۸ گیگابایت,۴ گیگابایت,۱۰٬۰۰۰٬۰۰۰ تومان,
اپل iPhone 7,در حد نو,۱ عدد,اصل,۳۲ گیگابایت,۲ گیگابایت,۴٬۶۰۰٬۰۰۰ تومان,نقره‌ای
اپل iPhone 12 Pro,در حد نو,۲ عدد,اصل,۲۵۶ گیگابایت,۶ گیگابایت,۱۵٬۰۰۰٬۰۰۰ تومان,نقره‌ای
اپل iPhone 13,نو,۲ عدد,اصل,۱۲۸ گیگابایت,۴ گیگابایت,۱۵٬۰۰۰٬۰۰۰ تومان,آبیmidnight
اپل iPhone 11 Pro,در حد نو,۱ عدد,اصل,۲۵۶ گیگابایت,۴ گیگابایت,۲۵٬۵۰۰٬۰۰۰ تومان,نقره‌ای Matte
اپل iPhone 13,نو,۲ عدد,اصل,۱۲۸ گیگابایت,۴ گیگابایت,۱۵٬۰۰۰٬۰۰۰ تومان,سفید starlight
نوکیا,نیاز به تعمیر,,اصل,,,۴۰۰٬۰۰۰ تومان (مقطوع),
سامسونگ,نو,۲ عدد,اصل,۲۵۶ گیگابایت,۱۲ گیگابایت,۶۰٬۰۰۰٬۰۰۰ تومان,
اپل iPhone 11,در حد نو,۲ عدد,اصل,۱۲۸ گیگابایت,۴ گیگابایت,۱۰٬۰۰۰٬۰۰۰ تومان,
اپل iPhone 13,در حد نو,۲ عدد,اصل,۱۲۸ گیگابایت,۴ گیگابایت,۴۳٬۰۰۰٬۰۰۰ تومان (مقطوع),مشکی
اپل iPhone 12,در حد نو,۲ عدد,اصل,۲۵۶ گیگابایت,۴ گیگابایت,۱۲٬۰۰۰٬۰۰۰ تومان,سفید
اپل iPhone 13,در حد نو,۲ عدد,اصل,۱۲۸ گیگابایت,۴ گیگابایت,۳۶٬۰۰۰٬۰۰۰ تومان,سفید starlight
اپل iPhone 13 Pro Max,نو,۲ عدد,اصل,۲۵۶ گیگابایت,۶ گیگابایت,۵۵٬۰۰۰٬۰۰۰ تومان,آبی Sierra
سونی اریکسون,در حد نو,,اصل,,,۳۵۰٬۰۰۰ تومان,
جی‌پلاس,در حد نو,,اصل,,,۱٬۹۰۰٬۰۰۰ تومان (مقطوع),
اپل iPhone 13 Pro Max,در حد نو,۲ عدد,اصل,۲۵۶ گیگابایت,۶ گیگابایت,۱۸٬۰۰۰٬۰۰۰ تومان,graphite
اپل iPhone 7,کارکرده,۱ عدد,اصل,۳۲ گیگابایت,۲ گیگابایت,۶٬۳۰۰٬۰۰۰ تومان,مشکی
اپل iPhone 13,در حد نو,۲ عدد,اصل,۱۲۸ گیگابایت,۴ گیگابایت,۴۰٬۰۰۰٬۰۰۰ تومان,مشکی
سامسونگ Galaxy A7 (2018),کارکرده,۲ عدد,اصل,۱۲۸ گیگابایت,۴ گیگابایت,۳٬۵۰۰٬۰۰۰ تومان,طلایی
سایر,در حد نو,۲ عدد,اصل,۶۴ گیگابایت,۴ گیگابایت,۴٬۸۰۰٬۰۰۰ تومان,
سامسونگ Galaxy Note20 Ultra 5G,در حد نو,۲ عدد,اصل,۲۵۶ گیگابایت,۱۲ گیگابایت,۲۴٬۹۰۰٬۰۰۰ تومان,قهوه‌ای
اپل,نو,۲ عدد,اصل,۱۲۸ گیگابایت,۴ گیگابایت,۲۱٬۰۰۰٬۰۰۰ تومان,
اپل iPhone 6s Plus,در حد نو,۱ عدد,اصل,۱۶ گیگابایت,۲ گیگابایت,۳٬۸۰۰٬۰۰۰ تومان,خاکستری Space
اپل iPhone 13,نو,۲ عدد,اصل,۱۲۸ گیگابایت,۴ گیگابایت,۲۰٬۰۰۰٬۰۰۰ تومان,آبیmidnight
اپل iPhone 12 Pro Max,در حد نو,۲ عدد,اصل,۲۵۶ گیگابایت,۶ گیگابایت,۲۰٬۰۰۰٬۰۰۰ تومان,graphite
اپل iPhone X,در حد نو,۱ عدد,اصل,۶۴ گیگابایت,۳ گیگابایت,۱۲٬۰۰۰٬۰۰۰ تومان (مقطوع),نقره‌ای
اپل,نو,۲ عدد,غیر اصل,,,۳٬۹۰۰٬۰۰۰ تومان,
اپل iPhone 13,نو,۲ عدد,اصل,۱۲۸ گیگابایت,۴ گیگابایت,۱۸٬۰۰۰٬۰۰۰ تومان,سفید starlight
سامسونگ Galaxy A50,نیاز به تعمیر,۲ عدد,اصل,,,۲٬۰۰۰٬۰۰۰ تومان (مقطوع),
شیائومی Redmi 9A,نو,۲ عدد,اصل,۳۲ گیگابایت,۲ گیگابایت,۴٬۶۰۰٬۰۰۰ تومان,
اپل iPhone SE,کارکرده,۱ عدد,اصل,۱۲۸ گیگابایت,۲ گیگابایت,۱۰٬۵۰۰٬۰۰۰ تومان,
سامسونگ Galaxy A22,نیاز به تعمیر,۲ عدد,اصل,,,۲٬۰۰۰٬۰۰۰ تومان (مقطوع),
اپل iPhone X,در حد نو,۱ عدد,اصل,۲۵۶ گیگابایت,۳ گیگابایت,۱۴٬۹۰۰٬۰۰۰ تومان,خاکستری Space
اپل iPhone 5s,کارکرده,۱ عدد,اصل,,۱ گیگابایت,۳٬۲۵۰٬۰۰۰ تومان,
سامسونگ,در حد نو,۲ عدد,اصل,۱۲۸ گیگابایت,۶ گیگابایت,۱٬۱۱۱ تومان,
اپل iPhone 13 Pro,کارکرده,۲ عدد,اصل,۲۵۶ گیگابایت,۶ گیگابایت,۴۳٬۵۰۰٬۰۰۰ تومان (مقطوع),آبی Sierra
اپل iPhone 13 Pro Max,نو,۲ عدد,اصل,۲۵۶ گیگابایت,۶ گیگابایت,۹۳٬۰۰۰٬۰۰۰ تومان,graphite
اپل iPhone 11,در حد نو,۱ عدد,اصل,۱۲۸ گیگابایت,۴ گیگابایت,۲۱٬۰۰۰٬۰۰۰ تومان (مقطوع),زرد
اپل iPhone XS Max,در حد نو,۱ عدد,اصل,,۴ گیگابایت,۲۰٬۰۰۰٬۰۰۰ تومان,خاکستری Space
سامسونگ Galaxy Note10 Lite,در حد نو,۲ عدد,اصل,۱۲۸ گیگابایت,۸ گیگابایت,۹٬۵۰۰٬۰۰۰ تومان,مشکی Aura
سامسونگ Galaxy A22,کارکرده,۲ عدد,اصل,۱۲۸ گیگابایت,۴ گیگابایت,۵٬۰۰۰٬۰۰۰ تومان (مقطوع),مشکی
شیائومی Redmi Note 10S,در حد نو,۲ عدد,اصل,۱۲۸ گیگابایت,۶ گیگابایت,۵٬۷۰۰٬۰۰۰ تومان,آبی Ocean
اپل iPhone 11,در حد نو,۲ عدد,اصل,۱۲۸ گیگابایت,۴ گیگابایت,۱۲٬۰۰۰٬۰۰۰ تومان,سفید
اپل iPhone 12 Pro Max,در حد نو,۲ عدد,اصل,۲۵۶ گیگابایت,۶ گیگابایت,۲۱٬۰۰۰٬۰۰۰ تومان,طلایی
اپل iPhone 13,نو,۲ عدد,اصل,۱۲۸ گیگابایت,۴ گیگابایت,۴۷٬۵۰۰٬۰۰۰ تومان (مقطوع),سفید starlight
اپل iPhone 13 Pro,در حد نو,۲ عدد,غیر اصل,۲۵۶ گیگابایت,۶ گیگابایت,۲٬۵۰۰٬۰۰۰ تومان (مقطوع),نقره‌ای
سامسونگ Galaxy Note10 Lite,در حد نو,۲ عدد,اصل,۱۲۸ گیگابایت,۸ گیگابایت,۹٬۵۰۰٬۰۰۰ تومان,مشکی Aura
سایر,نو,۲ عدد,اصل,۶۴ گیگابایت,۸ گیگابایت,۱۰۰٬۰۰۰ تومان (مقطوع),مشکی
هواوی nova 9,در حد نو,۲ عدد,اصل,۱۲۸ گیگابایت,۸ گیگابایت,۱۲٬۰۰۰٬۰۰۰ تومان,آبی
سامسونگ Galaxy A30,در حد نو,۲ عدد,اصل,۶۴ گیگابایت,۴ گیگابایت,۳٬۸۵۰٬۰۰۰ تومان,سفید
ال‌جی G4,نیاز به تعمیر,۱ عدد,اصل,۳۲ گیگابایت,۳ گیگابایت,۷۵۰٬۰۰۰ تومان,خاکستری
سامسونگ Galaxy A7 (2016),در حد نو,۲ عدد,اصل,۱۶ گیگابایت,۳ گیگابایت,۱۱٬۱۱۱٬۱۱۱ تومان (مقطوع),سفید
اپل iPhone 13 Pro Max,در حد نو,۲ عدد,اصل,۲۵۶ گیگابایت,۶ گیگابایت,۱۰۰٬۰۰۰٬۰۰۰ تومان,نقره‌ای
اپل iPhone 13 Pro Max,در حد نو,۱ عدد,اصل,۵۱۲ گیگابایت,۶ گیگابایت,۷۰٬۰۰۰٬۰۰۰ تومان (مقطوع),graphite
شیائومی,نو,۲ عدد,اصل,۲۵۶ گیگابایت,۶ گیگابایت,۱٬۱۱۱٬۱۱۱ تومان,
اپل iPhone 12 Pro Max,در حد نو,۲ عدد,اصل,۲۵۶ گیگابایت,۶ گیگابایت,۴۶٬۰۰۰٬۰۰۰ تومان (مقطوع),graphite
اپل iPhone 6s Plus,کارکرده,۱ عدد,اصل,۱۲۸ گیگابایت,۲ گیگابایت,۴٬۵۰۰٬۰۰۰ تومان,خاکستری Space
اپل iPhone XS Max,در حد نو,۱ عدد,اصل,۲۵۶ گیگابایت,۴ گیگابایت,۲۳٬۰۰۰٬۰۰۰ تومان,طلایی
سامسونگ,نو,۲ عدد,اصل,۱۲۸ گیگابایت,۶ گیگابایت,۱٬۰۰۰٬۰۰۰ تومان,مشکی
اپل iPhone 11,در حد نو,۲ عدد,اصل,۱۲۸ گیگابایت,۴ گیگابایت,۲۰٬۰۰۰٬۰۰۰ تومان,مشکی
اپل iPhone 13,نو,۲ عدد,اصل,۱۲۸ گیگابایت,۴ گیگابایت,۱۹٬۰۰۰٬۰۰۰ تومان,سفید starlight
اپل iPhone 13,نو,۲ عدد,اصل,۱۲۸ گیگابایت,۴ گیگابایت,۱۲٬۰۰۰٬۰۰۰ تومان,
سایر,نو,۲ عدد,اصل,۲۵۶ گیگابایت,۸ گیگابایت,۱٬۰۰۰٬۰۰۰ تومان,
اپل iPhone 12 Pro Max,در حد نو,۱ عدد,اصل,۲۵۶ گیگابایت,۶ گیگابایت,۵۰٬۰۰۰٬۰۰۰ تومان,آبی Pacific
اپل iPhone 8,در حد نو,۱ عدد,اصل,۶۴ گیگابایت,۲ گیگابایت,۷٬۵۰۰٬۰۰۰ تومان,خاکستری Space
اپل iPhone XS,در حد نو,۱ عدد,اصل,۲۵۶ گیگابایت,۴ گیگابایت,۱۶٬۲۰۰٬۰۰۰ تومان,طلایی
اپل iPhone 13,نو,۲ عدد,اصل,۱۲۸ گیگابایت,۴ گیگابایت,۱۷٬۰۰۰٬۰۰۰ تومان,صورتی
سامسونگ,نو,۲ عدد,اصل,۲۵۶ گیگابایت,۸ گیگابایت,۱٬۰۰۰٬۰۰۰ تومان,graphite
اپل iPhone 13,نو,۲ عدد,اصل,۱۲۸ گیگابایت,۴ گیگابایت,۱۸٬۰۰۰٬۰۰۰ تومان,سفید starlight
نوکیا,در حد نو,,اصل,,,۸۰۰٬۰۰۰ تومان (مقطوع),
اپل,نو,۲ عدد,اصل,۲۵۶ گیگابایت,۸ گیگابایت,۳۰٬۰۰۰٬۰۰۰ تومان,
اپل iPhone 11 Pro Max,در حد نو,۱ عدد,اصل,۲۵۶ گیگابایت,۴ گیگابایت,۵٬۰۰۰٬۰۰۰ تومان,خاکستری Matte Space
سامسونگ,کارکرده,,اصل,,,۱۱٬۱۱۱ تومان,
سامسونگ Galaxy S21,در حد نو,۲ عدد,اصل,۱۲۸ گیگابایت,۸ گیگابایت,۱۶٬۰۰۰٬۰۰۰ تومان (مقطوع),خاکستری Phantom
اپل iPhone 13,در حد نو,۲ عدد,اصل,۱۲۸ گیگابایت,۴ گیگابایت,۴۱٬۰۰۰٬۰۰۰ تومان,مشکی
اپل iPhone 13,در حد نو,۱ عدد,اصل,۱۲۸ گیگابایت,۴ گیگابایت,۳۸٬۰۰۰٬۰۰۰ تومان (مقطوع),مشکی
اپل iPhone 12 Pro,در حد نو,۱ عدد,اصل,۲۵۶ گیگابایت,۶ گیگابایت,۳۵٬۸۰۰٬۰۰۰ تومان,آبی Pacific
اپل iPhone 13,نو,۲ عدد,اصل,۱۲۸ گیگابایت,۴ گیگابایت,۴۸٬۶۰۰٬۰۰۰ تومان,
سامسونگ Galaxy S20+,در حد نو,۲ عدد,اصل,۱۲۸ گیگابایت,۸ گیگابایت,۳۳۳٬۳۳۳ تومان,مشکی Cosmic
هواوی Y6,در حد نو,۲ عدد,اصل,۸ گیگابایت,,۱٬۴۷۰٬۰۰۰ تومان (مقطوع),
اپل iPhone 12 Pro,در حد نو,۲ عدد,اصل,۲۵۶ گیگابایت,۶ گیگابایت,۴۰٬۵۰۰٬۰۰۰ تومان,آبی Pacific
شیائومی Poco X3 Pro,کارکرده,۲ عدد,اصل,۱۲۸ گیگابایت,۶ گیگابایت,۶٬۵۰۰٬۰۰۰ تومان,آبی Frost
اپل iPhone 11,در حد نو,۱ عدد,اصل,۱۲۸ گیگابایت,۴ گیگابایت,۱۰٬۰۰۰٬۰۰۰ تومان,سبز
اپل iPhone 12 Pro Max,در حد نو,۲ عدد,اصل,۲۵۶ گیگابایت,۶ گیگابایت,۵۱٬۸۰۰٬۰۰۰ تومان,طلایی
اپل iPhone 13 Pro Max,در حد نو,۲ عدد,اصل,۲۵۶ گیگابایت,۶ گیگابایت,۴۵٬۰۰۰٬۰۰۰ تومان,طلایی
اپل iPhone 11,در حد نو,۱ عدد,اصل,۱۲۸ گیگابایت,۴ گیگابایت,۱۱۱٬۱۵۵ تومان,مشکی
اپل iPhone 6s,کارکرده,۱ عدد,اصل,۶۴ گیگابایت,۲ گیگابایت,۴٬۰۰۰٬۰۰۰ تومان (مقطوع),نقره‌ای
اپل iPhone 11,کارکرده,۲ عدد,اصل,۱۲۸ گیگابایت,۴ گیگابایت,۱۲٬۰۰۰٬۰۰۰ تومان,زرد
اپل iPhone 13,کارکرده,۲ عدد,اصل,۲۵۶ گیگابایت,۴ گیگابایت,۱٬۱۱۱ تومان,
اپل iPhone 13 Pro,در حد نو,۲ عدد,اصل,۲۵۶ گیگابایت,۶ گیگابایت,۳۵٬۰۰۰٬۰۰۰ تومان,آبی Sierra
اپل iPhone 13,نو,۲ عدد,اصل,۱۲۸ گیگابایت,۴ گیگابایت,۲۳٬۰۰۰٬۰۰۰ تومان,
اپل iPhone 11 Pro Max,کارکرده,۲ عدد,اصل,۲۵۶ گیگابایت,۴ گیگابایت,۱۵٬۰۰۰٬۰۰۰ تومان,خاکستری Matte Space
اپل iPhone 13,در حد نو,۲ عدد,اصل,۱۲۸ گیگابایت,۴ گیگابایت,۱۶٬۰۰۰٬۰۰۰ تومان,مشکی
اپل iPhone 13 Pro,در حد نو,۲ عدد,اصل,۲۵۶ گیگابایت,۶ گیگابایت,۲۹٬۰۰۰٬۰۰۰ تومان,آبی Sierra
اپل iPhone 13 Pro,در حد نو,۲ عدد,اصل,۲۵۶ گیگابایت,۶ گیگابایت,۲۹٬۰۰۰٬۰۰۰ تومان,graphite
سامسونگ Galaxy A51 5G UW,نیاز به تعمیر,۱ عدد,اصل,۱۲۸ گیگابایت,۶ گیگابایت,۳٬۰۰۰٬۰۰۰ تومان,آبی Prism Bricks
سامسونگ Galaxy Note 3,کارکرده,۱ عدد,اصل,۳۲ گیگابایت,۳ گیگابایت,۸۰۰٬۰۰۰ تومان (مقطوع),طلایی مشکی Rose
اپل,نو,۲ عدد,اصل,۱۲۸ گیگابایت,مطرح نیست,۱۷٬۵۰۰٬۰۰۰ تومان,
اپل iPhone 13,نو,۲ عدد,اصل,,۴ گیگابایت,۱۷٬۰۰۰٬۰۰۰ تومان,
شیائومی Redmi Note 8 Pro,در حد نو,۲ عدد,اصل,۱۲۸ گیگابایت,۶ گیگابایت,۵٬۵۰۰٬۰۰۰ تومان,مشکی
اپل iPhone SE (2020),نو,۱ عدد,اصل,۲۵۶ گیگابایت,۳ گیگابایت,۱۵٬۰۰۰٬۰۰۰ تومان,سفید
سامسونگ Galaxy A31,در حد نو,۲ عدد,اصل,۱۲۸ گیگابایت,۶ گیگابایت,۴٬۴۰۰٬۰۰۰ تومان (مقطوع),مشکی Prism Crush
سامسونگ,در حد نو,,اصل,,,۱۵٬۰۰۰٬۰۰۰ تومان,
اپل,نو,,غیر اصل,,,۳٬۵۰۰٬۰۰۰ تومان,
اپل iPhone 7,کارکرده,۱ عدد,اصل,,۲ گیگابایت,۵٬۰۰۰٬۰۰۰ تومان,
اپل iPhone 6s,کارکرده,۱ عدد,اصل,,۲ گیگابایت,۲٬۳۰۰٬۰۰۰ تومان,
اپل iPhone 11,در حد نو,۲ عدد,اصل,۱۲۸ گیگابایت,۴ گیگابایت,۱۰٬۰۰۰٬۰۰۰ تومان,سفید
اپل iPhone 11,کارکرده,۲ عدد,اصل,۲۵۶ گیگابایت,۴ گیگابایت,۱٬۱۱۱ تومان,
اپل iPhone 13,در حد نو,۲ عدد,اصل,۱۲۸ گیگابایت,۴ گیگابایت,۴۰٬۰۰۰٬۰۰۰ تومان (مقطوع),آبیmidnight
سایر,نو,۲ عدد,اصل,۲۵۶ گیگابایت,۸ گیگابایت,۱٬۰۰۰٬۰۰۰ تومان,
شیائومی Poco X3 Pro,در حد نو,۲ عدد,اصل,۱۲۸ گیگابایت,۶ گیگابایت,۶٬۵۰۰٬۰۰۰ تومان,مشکی Phantom
اپل iPhone 11,در حد نو,۲ عدد,اصل,۱۲۸ گیگابایت,۴ گیگابایت,۲۲٬۸۰۰٬۰۰۰ تومان,سفید
اپل iPhone 12 Pro Max,در حد نو,۲ عدد,اصل,۲۵۶ گیگابایت,۶ گیگابایت,۱۷٬۰۰۰٬۰۰۰ تومان,نقره‌ای
اپل iPhone 13,نو,۲ عدد,اصل,۱۲۸ گیگابایت,۴ گیگابایت,۱۵٬۰۰۰٬۰۰۰ تومان,صورتی
اپل iPhone 13,نو,۲ عدد,اصل,۱۲۸ گیگابایت,۴ گیگابایت,۱۵٬۰۰۰٬۰۰۰ تومان,
اپل iPhone XS,در حد نو,۱ عدد,اصل,۲۵۶ گیگابایت,۴ گیگابایت,۵٬۷۰۰٬۰۰۰ تومان,خاکستری Space
سامسونگ Galaxy S6 Plus,در حد نو,۱ عدد,اصل,۳۲ گیگابایت,۴ گیگابایت,۳٬۵۰۰٬۰۰۰ تومان,سفید Pearl
اپل iPhone 13,نو,۲ عدد,اصل,۱۲۸ گیگابایت,۴ گیگابایت,۱۰٬۰۰۰٬۰۰۰ تومان,سفید starlight
اپل iPhone 8,کارکرده,۱ عدد,اصل,۶۴ گیگابایت,۲ گیگابایت,۵٬۸۰۰٬۰۰۰ تومان,خاکستری Space
سامسونگ Galaxy J2 (2016),در حد نو,۲ عدد,اصل,۸ گیگابایت,۱.۵ گیگابایت,۲٬۵۰۰٬۰۰۰ تومان,مشکی
اپل iPhone 11 Pro,نو,۱ عدد,اصل,۲۵۶ گیگابایت,۴ گیگابایت,۱۰٬۰۰۰٬۰۰۰ تومان,سبز Matte Midnight
شیائومی Mi Note 10 Pro,در حد نو,۲ عدد,اصل,۲۵۶ گیگابایت,۸ گیگابایت,۱۵٬۰۰۰٬۰۰۰ تومان (مقطوع),سفید Glacier
اپل iPhone 6 Plus,کارکرده,۱ عدد,اصل,۱۲۸ گیگابایت,۱ گیگابایت,۳٬۹۰۰٬۰۰۰ تومان,
اپل iPhone 13,کارکرده,۲ عدد,اصل,۱۲۸ گیگابایت,۴ گیگابایت,۴۴٬۰۰۰٬۰۰۰ تومان (مقطوع),مشکی
سامسونگ Galaxy M51,در حد نو,۲ عدد,اصل,۱۲۸ گیگابایت,۸ گیگابایت,۷٬۸۰۰٬۰۰۰ تومان,آبی Electric
سامسونگ Galaxy S7,در حد نو,۱ عدد,اصل,۳۲ گیگابایت,۴ گیگابایت,۳٬۲۰۰٬۰۰۰ تومان (مقطوع),مشکی
اپل iPhone 5s,نیاز به تعمیر,۱ عدد,اصل,,۱ گیگابایت,۱٬۰۰۰٬۰۰۰ تومان (مقطوع),
اپل iPhone 13,در حد نو,۲ عدد,اصل,۱۲۸ گیگابایت,۴ گیگابایت,۳۹٬۸۰۰٬۰۰۰ تومان,مشکی
سایر,در حد نو,۲ عدد,اصل,,,۴۹٬۵۰۰٬۰۰۰ تومان (مقطوع),
اپل iPhone 13,در حد نو,۲ عدد,اصل,۱۲۸ گیگابایت,۴ گیگابایت,۴۴٬۰۰۰٬۰۰۰ تومان (مقطوع),آبیmidnight
اپل iPhone 13 Pro Max,در حد نو,۲ عدد,اصل,۲۵۶ گیگابایت,۶ گیگابایت,۱۰۰٬۰۰۰٬۰۰۰ تومان,طلایی
سایر,در حد نو,۲ عدد,اصل,,,۱٬۰۰۰٬۰۰۰ تومان (مقطوع),مشکی
اپل iPhone 13,در حد نو,۱ عدد,اصل,۱۲۸ گیگابایت,۴ گیگابایت,۴۴٬۷۹۳٬۰۰۰ تومان,سفید starlight
سامسونگ Galaxy A5,کارکرده,۱ عدد,اصل,۱۶ گیگابایت,۲ گیگابایت,۱٬۰۰۰٬۰۰۰ تومان (مقطوع),نقره‌ای Platinum
اپل iPhone 12,در حد نو,۲ عدد,اصل,۱۲۸ گیگابایت,۴ گیگابایت,۱۴٬۰۰۰٬۰۰۰ تومان,سفید
اپل iPhone 13 Pro,در حد نو,۲ عدد,اصل,۲۵۶ گیگابایت,۶ گیگابایت,۶۷٬۵۰۰٬۰۰۰ تومان,آبی Sierra
اپل iPhone 12 Pro Max,در حد نو,۲ عدد,اصل,۲۵۶ گیگابایت,۶ گیگابایت,۲۷٬۰۰۰٬۰۰۰ تومان,آبی Pacific
اپل iPhone 13,نو,۲ عدد,اصل,۱۲۸ گیگابایت,۴ گیگابایت,۲۳٬۰۰۰٬۰۰۰ تومان,سفید starlight
اپل iPhone 13,نو,۲ عدد,اصل,۱۲۸ گیگابایت,۴ گیگابایت,۳۶٬۵۰۰٬۰۰۰ تومان,
اپل iPhone 13 Pro Max,در حد نو,۲ عدد,اصل,۲۵۶ گیگابایت,۶ گیگابایت,۴۵٬۰۰۰٬۰۰۰ تومان,
اپل iPhone 11 Pro Max,در حد نو,۲ عدد,اصل,۲۵۶ گیگابایت,۴ گیگابایت,۱۵٬۰۰۰٬۰۰۰ تومان,طلایی Matte
اپل iPhone XS,در حد نو,۱ عدد,اصل,۶۴ گیگابایت,۴ گیگابایت,۱۶٬۵۰۰٬۰۰۰ تومان,نقره‌ای
اپل iPhone 13 Pro,در حد نو,۲ عدد,اصل,۲۵۶ گیگابایت,۶ گیگابایت,۵۵٬۰۰۰٬۰۰۰ تومان (مقطوع),طلایی
اپل iPhone 11,نو,۲ عدد,اصل,۱۲۸ گیگابایت,۴ گیگابایت,۱۴٬۰۰۰٬۰۰۰ تومان,مشکی
هواوی Ascend Y511,در حد نو,۲ عدد,اصل,۴ گیگابایت,۵۱۲ مگابایت,۱٬۸۰۰٬۰۰۰ تومان,سفید
سامسونگ Galaxy A52s 5G,کارکرده,۲ عدد,اصل,۱۲۸ گیگابایت,۸ گیگابایت,۸٬۰۰۰٬۰۰۰ تومان (مقطوع),مشکی Awesome
هواوی Y7p,در حد نو,۲ عدد,اصل,۶۴ گیگابایت,۴ گیگابایت,۴٬۵۰۰٬۰۰۰ تومان,مشکی Midnight
اپل iPhone 12 mini,در حد نو,۱ عدد,اصل,۱۲۸ گیگابایت,۴ گیگابایت,۲۳٬۰۰۰٬۰۰۰ تومان (مقطوع),مشکی
اپل iPhone 11,در حد نو,۲ عدد,اصل,۲۵۶ گیگابایت,۴ گیگابایت,۲۶٬۵۰۰٬۰۰۰ تومان,مشکی
شیائومی Poco M3,در حد نو,۲ عدد,اصل,۱۲۸ گیگابایت,۴ گیگابایت,۴٬۱۹۰٬۰۰۰ تومان,مشکی Power
اپل iPhone 13,در حد نو,۲ عدد,اصل,۱۲۸ گیگابایت,۴ گیگابایت,۴۲٬۸۰۰٬۰۰۰ تومان (مقطوع),سفید starlight
اپل iPhone 12 Pro,در حد نو,۲ عدد,اصل,۲۵۶ گیگابایت,۶ گیگابایت,۱۷٬۰۰۰٬۰۰۰ تومان,نقره‌ای
اپل iPhone 11,نو,۲ عدد,اصل,۲۵۶ گیگابایت,۴ گیگابایت,۶۹٬۰۰۰٬۰۰۰ تومان,
اپل iPhone 13,در حد نو,۲ عدد,اصل,۱۲۸ گیگابایت,۴ گیگابایت,۷٬۶۰۰٬۰۰۰ تومان,آبیmidnight
اپل iPhone 13 Pro Max,در حد نو,۲ عدد,اصل,۲۵۶ گیگابایت,۶ گیگابایت,۵۷٬۰۰۰٬۰۰۰ تومان,آبی Sierra
اپل iPhone 11,کارکرده,۲ عدد,اصل,۱۲۸ گیگابایت,۴ گیگابایت,۲۳٬۰۰۰٬۰۰۰ تومان,مشکی
سامسونگ Galaxy A12,در حد نو,۲ عدد,اصل,۶۴ گیگابایت,۴ گیگابایت,۴٬۵۰۰٬۰۰۰ تومان (مقطوع),مشکی
شیائومی Redmi Note 10,در حد نو,۲ عدد,اصل,,,۶٬۰۰۰٬۰۰۰ تومان (مقطوع),
اپل iPhone 13,نو,۲ عدد,اصل,۱۲۸ گیگابایت,۴ گیگابایت,۴۸٬۹۰۰٬۰۰۰ تومان,آبی
اپل iPhone 7 Plus,در حد نو,۱ عدد,اصل,۱۲۸ گیگابایت,۳ گیگابایت,۷٬۶۵۰٬۰۰۰ تومان,نقره‌ای
اپل iPhone 13,نو,۲ عدد,اصل,۲۵۶ گیگابایت,۴ گیگابایت,۶۱٬۹۸۰٬۰۰۰ تومان,مشکی
اپل iPhone 13 Pro Max,کارکرده,۲ عدد,اصل,۲۵۶ گیگابایت,۶ گیگابایت,۴۰٬۰۰۰٬۰۰۰ تومان,graphite
اپل iPhone 13 Pro Max,در حد نو,۱ عدد,اصل,۲۵۶ گیگابایت,۶ گیگابایت,۸۴٬۰۰۰٬۰۰۰ تومان,graphite
اپل iPhone 13,در حد نو,۲ عدد,اصل,۱۲۸ گیگابایت,۴ گیگابایت,۴۳٬۵۰۰٬۰۰۰ تومان,سفید starlight
آلکاتل,در حد نو,,اصل,,,۷۰۰٬۰۰۰ تومان (مقطوع),
شیائومی Redmi Note 8 Pro,در حد نو,۲ عدد,اصل,,,۵٬۰۰۰٬۰۰۰ تومان,
اپل iPhone 12,در حد نو,۲ عدد,اصل,۱۲۸ گیگابایت,۴ گیگابایت,۱۱٬۰۰۰٬۰۰۰ تومان,مشکی
اپل iPhone 11 Pro,در حد نو,۲ عدد,اصل,,۴ گیگابایت,۱۹٬۸۰۰٬۰۰۰ تومان,
اپل iPhone 13,نو,۲ عدد,اصل,۱۲۸ گیگابایت,۴ گیگابایت,۴۷٬۹۰۰٬۰۰۰ تومان,سفید starlight
اپل iPhone 13 Pro Max,در حد نو,۲ عدد,اصل,,۶ گیگابایت,۶۲٬۰۰۰٬۰۰۰ تومان,
اپل iPhone 12,در حد نو,۲ عدد,اصل,,۴ گیگابایت,۳۰٬۰۰۰٬۰۰۰ تومان (مقطوع),مشکی
سامسونگ Galaxy A21s,در حد نو,۲ عدد,اصل,۶۴ گیگابایت,۶ گیگابایت,۳٬۸۰۰٬۰۰۰ تومان,مشکی
اپل iPhone 13 Pro Max,در حد نو,۲ عدد,اصل,۲۵۶ گیگابایت,۶ گیگابایت,۹۴٬۵۰۰٬۰۰۰ تومان,آبی Sierra
سایر,نو,۲ عدد,اصل,,,۶٬۰۰۰٬۰۰۰ تومان,
سامسونگ Galaxy J5 (2016),کارکرده,۱ عدد,اصل,۱۶ گیگابایت,۲ گیگابایت,۱٬۷۰۰٬۰۰۰ تومان,سفید
اپل iPhone 11 Pro Max,در حد نو,۲ عدد,اصل,۲۵۶ گیگابایت,۴ گیگابایت,۲۷٬۰۰۰٬۰۰۰ تومان,سبز Matte Midnight
سایر,در حد نو,۲ عدد,اصل,۸ گیگابایت,۱ گیگابایت,۴۵٬۹۹۰٬۰۰۰ تومان (مقطوع),مشکی
اپل iPhone X,کارکرده,۱ عدد,اصل,۶۴ گیگابایت,۳ گیگابایت,۶٬۵۰۰٬۰۰۰ تومان,خاکستری Space
شیائومی Poco X3 GT,در حد نو,۲ عدد,اصل,۲۵۶ گیگابایت,۸ گیگابایت,۷٬۸۰۰٬۰۰۰ تومان,مشکی Stargaze
سایر,نو,۲ عدد,اصل,۸ گیگابایت,۱ گیگابایت,۶۲٬۹۹۰٬۰۰۰ تومان (مقطوع),مشکی
گوگل,در حد نو,,اصل,,,۳۳٬۰۰۰٬۰۰۰ تومان,
شیائومی,نو,۲ عدد,اصل,۲۵۶ گیگابایت,۸ گیگابایت,۱٬۰۶۰٬۰۰۰ تومان,
شیائومی Redmi Note 10 5G,در حد نو,۲ عدد,اصل,,,۵٬۰۰۰٬۰۰۰ تومان,
سونی,کارکرده,,اصل,,,۵٬۰۰۰٬۰۰۰ تومان,
اپل iPhone 13 Pro Max,در حد نو,۲ عدد,اصل,۲۵۶ گیگابایت,۶ گیگابایت,۳۵٬۰۰۰٬۰۰۰ تومان,آبی Sierra
اپل iPhone 13,نو,۲ عدد,اصل,۱۲۸ گیگابایت,۴ گیگابایت,۲۰٬۰۰۰٬۰۰۰ تومان,سفید starlight
اپل iPhone 6s Plus,در حد نو,۱ عدد,اصل,۱۲۸ گیگابایت,۲ گیگابایت,۶٬۴۵۰٬۰۰۰ تومان,طلایی Rose
اپل iPhone 12 Pro,در حد نو,۲ عدد,اصل,۲۵۶ گیگابایت,۶ گیگابایت,۱۴٬۰۰۰٬۰۰۰ تومان,آبی Pacific
سایر,نو,۲ عدد,اصل,۵۱۲ گیگابایت,۸ گیگابایت,۵۰٬۰۰۰ تومان,
اپل iPhone 13,نو,۲ عدد,اصل,۲۵۶ گیگابایت,۴ گیگابایت,۱۰٬۰۰۰٬۰۰۰ تومان,سفید starlight
اپل iPhone 13 Pro Max,در حد نو,۲ عدد,اصل,۵۱۲ گیگابایت,۶ گیگابایت,۷۶٬۰۰۰٬۰۰۰ تومان (مقطوع),نقره‌ای
سایر,نو,۱ عدد,اصل,,,۹۹۸٬۰۰۰ تومان,
اپل iPhone 13,در حد نو,۲ عدد,اصل,۱۲۸ گیگابایت,۴ گیگابایت,۴۰٬۰۰۰٬۰۰۰ تومان,سفید starlight
سامسونگ Galaxy J7 Pro,کارکرده,۲ عدد,اصل,۳۲ گیگابایت,۳ گیگابایت,۱٬۹۰۰٬۰۰۰ تومان,مشکی
سایر,نو,۲ عدد,اصل,,,۱٬۶۵۰٬۰۰۰ تومان (مقطوع),
اپل iPhone 12 Pro Max,در حد نو,۲ عدد,اصل,۲۵۶ گیگابایت,۶ گیگابایت,۴۳٬۰۰۰٬۰۰۰ تومان (مقطوع),graphite
اپل iPhone 8 Plus,در حد نو,۱ عدد,اصل,۲۵۶ گیگابایت,۳ گیگابایت,۱۳٬۰۰۰٬۰۰۰ تومان (مقطوع),
اپل iPhone 13,در حد نو,۲ عدد,اصل,۱۲۸ گیگابایت,۴ گیگابایت,۱۹٬۰۰۰٬۰۰۰ تومان,مشکی
نوکیا Asha 210,در حد نو,۲ عدد,اصل,مطرح نیست,مطرح نیست,۱٬۳۰۰٬۰۰۰ تومان,مشکی
اپل iPhone 13 Pro Max,در حد نو,۲ عدد,اصل,۲۵۶ گیگابایت,۶ گیگابایت,۷۸٬۰۰۰٬۰۰۰ تومان (مقطوع),نقره‌ای
اپل iPhone 13,نو,۲ عدد,اصل,۱۲۸ گیگابایت,۴ گیگابایت,۴۸٬۰۰۰٬۰۰۰ تومان,مشکی
آنر 9X,در حد نو,۲ عدد,اصل,۱۲۸ گیگابایت,۶ گیگابایت,۷٬۰۰۰٬۰۰۰ تومان,مشکی Midnight
اپل iPhone 7 Plus,در حد نو,۱ عدد,اصل,۱۲۸ گیگابایت,۳ گیگابایت,۶٬۹۰۰٬۰۰۰ تومان,
اپل iPhone 11 Pro,در حد نو,۱ عدد,اصل,۲۵۶ گیگابایت,۴ گیگابایت,۱۲٬۰۰۰٬۰۰۰ تومان,طلایی Matte
اپل iPhone 8,در حد نو,۱ عدد,اصل,۶۴ گیگابایت,۲ گیگابایت,۷٬۴۰۰٬۰۰۰ تومان,
اپل iPhone 8 Plus,در حد نو,۱ عدد,اصل,۶۴ گیگابایت,۳ گیگابایت,۹٬۴۰۰٬۰۰۰ تومان,
اپل iPhone 12,در حد نو,۲ عدد,اصل,۱۲۸ گیگابایت,۴ گیگابایت,۱۴٬۰۰۰٬۰۰۰ تومان,آبی
اپل iPhone X,در حد نو,۱ عدد,اصل,۶۴ گیگابایت,۳ گیگابایت,۱۰٬۹۰۰٬۰۰۰ تومان,خاکستری Space
اپل iPhone XR,در حد نو,۱ عدد,اصل,۶۴ گیگابایت,۳ گیگابایت,۱۲٬۹۰۰٬۰۰۰ تومان,
اپل iPhone XS Max,در حد نو,۲ عدد,اصل,۲۵۶ گیگابایت,۴ گیگابایت,۱۸٬۹۰۰٬۰۰۰ تومان,
سایر,نو,۱ عدد,اصل,,,۹۹۸٬۰۰۰ تومان,
سایر,نو,۱ عدد,اصل,,,۸۰۰٬۰۰۰ تومان,
سایر,نو,۱ عدد,اصل,,,۹۹۸٬۰۰۰ تومان,
اپل iPhone 13,در حد نو,۲ عدد,اصل,۱۲۸ گیگابایت,۴ گیگابایت,۴۱٬۰۰۰٬۰۰۰ تومان,مشکی
سامسونگ,در حد نو,,اصل,,,۱۶٬۹۰۰٬۰۰۰ تومان,
اپل iPhone 13,در حد نو,۲ عدد,اصل,۱۲۸ گیگابایت,۴ گیگابایت,۴۱٬۰۰۰٬۰۰۰ تومان,مشکی
اپل iPhone 11 Pro,در حد نو,۱ عدد,اصل,,۴ گیگابایت,۲۳٬۰۰۰٬۰۰۰ تومان,
اپل iPhone 13,نو,۲ عدد,اصل,۱۲۸ گیگابایت,۴ گیگابایت,۱۱٬۰۰۰٬۰۰۰ تومان,مشکی
اپل iPhone 11 Pro Max,در حد نو,۲ عدد,اصل,۲۵۶ گیگابایت,۴ گیگابایت,۱۱٬۰۰۰٬۰۰۰ تومان,سبز Matte Midnight
نوکیا 1 Plus,کارکرده,۲ عدد,اصل,۸ گیگابایت,۱ گیگابایت,۱٬۴۵۰٬۰۰۰ تومان,مشکی
اپل,نو,۲ عدد,اصل,۱۲۸ گیگابایت,۸ گیگابایت,۵۰٬۰۰۰٬۰۰۰ تومان,
هواوی Mate 40 Pro,در حد نو,۲ عدد,اصل,۲۵۶ گیگابایت,۸ گیگابایت,۲۸٬۰۰۰٬۰۰۰ تومان (مقطوع),نقره‌ای Mystic
اپل iPhone 13,نو,۲ عدد,اصل,۲۵۶ گیگابایت,۴ گیگابایت,۱۲٬۰۰۰٬۰۰۰ تومان,
اپل iPhone 13,نو,۲ عدد,اصل,۱۲۸ گیگابایت,۴ گیگابایت,۴۷٬۵۰۰٬۰۰۰ تومان (مقطوع),مشکی
اپل,نیاز به تعمیر,۲ عدد,اصل,۵۱۲ مگابایت,۴ گیگابایت,۱۰۰٬۰۰۰ تومان,
اپل iPhone 11,در حد نو,۲ عدد,اصل,۱۲۸ گیگابایت,۴ گیگابایت,۲۱٬۰۰۰٬۰۰۰ تومان,
اپل iPhone 12 Pro Max,در حد نو,۲ عدد,اصل,,۶ گیگابایت,۴۳٬۵۰۰٬۰۰۰ تومان,
اپل iPhone 13,در حد نو,۲ عدد,اصل,,۴ گیگابایت,۴۱٬۸۰۰٬۰۰۰ تومان,
سامسونگ Galaxy S21,نو,۲ عدد,اصل,۱۲۸ گیگابایت,۸ گیگابایت,۴٬۵۰۰٬۰۰۰ تومان,
اپل iPhone 11,در حد نو,۲ عدد,اصل,۱۲۸ گیگابایت,۴ گیگابایت,۱۰٬۰۰۰٬۰۰۰ تومان,سبز
اپل iPhone 13,نو,۲ عدد,اصل,۲۵۶ گیگابایت,۴ گیگابایت,۵۹٬۰۰۰٬۰۰۰ تومان,سفید starlight
موتورولا Moto G,در حد نو,۱ عدد,اصل,۱۶ گیگابایت,۱ گیگابایت,۲٬۹۵۰٬۰۰۰ تومان,مشکی
اپل iPhone 7,کارکرده,۱ عدد,اصل,۲۵۶ گیگابایت,۲ گیگابایت,۵٬۰۰۰٬۰۰۰ تومان (مقطوع),مشکی Jet
اپل iPhone 13,در حد نو,۱ عدد,اصل,۱۲۸ گیگابایت,۴ گیگابایت,۳۹٬۵۰۰٬۰۰۰ تومان (مقطوع),مشکی
اپل iPhone 13,در حد نو,۱ عدد,اصل,۱۲۸ گیگابایت,۴ گیگابایت,۴۳٬۰۰۰٬۰۰۰ تومان (مقطوع),مشکی
اپل iPhone 11,در حد نو,۱ عدد,اصل,۱۲۸ گیگابایت,۴ گیگابایت,۱۸٬۰۰۰٬۰۰۰ تومان,قرمز
سامسونگ Galaxy A71,در حد نو,۲ عدد,اصل,۱۲۸ گیگابایت,۸ گیگابایت,۷٬۳۰۰٬۰۰۰ تومان,مشکی Prism Crush
اپل iPhone 12 Pro Max,کارکرده,۲ عدد,اصل,۲۵۶ گیگابایت,۶ گیگابایت,۲۱٬۰۰۰٬۰۰۰ تومان,آبی Pacific
سامسونگ,نو,۲ عدد,اصل,۲۵۶ گیگابایت,۱۲ گیگابایت,۳٬۵۰۰٬۰۰۰ تومان,
اپل iPhone 13,نو,۲ عدد,اصل,۱۲۸ گیگابایت,۴ گیگابایت,۴۹٬۰۰۰٬۰۰۰ تومان,مشکی
سایر,نو,۲ عدد,اصل,۱۲۸ گیگابایت,۸ گیگابایت,۵۰٬۰۰۰ تومان,
سامسونگ I9506 Galaxy S4,کارکرده,۱ عدد,اصل,,۲ گیگابایت,۱٬۵۰۰٬۰۰۰ تومان,
اپل iPhone SE (2020),در حد نو,۱ عدد,اصل,۱۲۸ گیگابایت,۳ گیگابایت,۱۱٬۹۰۰٬۰۰۰ تومان,قرمز
سامسونگ Galaxy Note10+,نیاز به تعمیر,۲ عدد,اصل,,۱۲ گیگابایت,۳٬۰۰۰ تومان,
اچ‌تی‌سی,نیاز به تعمیر,,اصل,,,۵۰٬۰۰۰ تومان (مقطوع),
اپل iPhone 13,در حد نو,۲ عدد,اصل,۱۲۸ گیگابایت,۴ گیگابایت,۱۲۳٬۴۵۶ تومان,آبیmidnight
اپل iPhone XS Max,کارکرده,۲ عدد,اصل,,۴ گیگابایت,۱۲٬۰۰۰٬۰۰۰ تومان,خاکستری Space
اپل iPhone 7,در حد نو,۱ عدد,اصل,۳۲ گیگابایت,۲ گیگابایت,۵٬۰۰۰٬۰۰۰ تومان,مشکی Jet
اپل iPhone 13,در حد نو,۲ عدد,اصل,۱۲۸ گیگابایت,۴ گیگابایت,۴۲٬۵۰۰٬۰۰۰ تومان,سفید starlight
سامسونگ Galaxy A30,کارکرده,۲ عدد,اصل,,,۳٬۷۰۰٬۰۰۰ تومان (مقطوع),
سامسونگ I8190 Galaxy S III mini,در حد نو,۱ عدد,اصل,,۱ گیگابایت,۴۰۰٬۰۰۰ تومان,مشکی Onyx
ریلمی X7 Pro Ultra,در حد نو,۲ عدد,اصل,۲۵۶ گیگابایت,۱۲ گیگابایت,۲۲٬۰۰۰٬۰۰۰ تومان (مقطوع),مشکی
نوکیا 8110 4G,در حد نو,۲ عدد,غیر اصل,۴ گیگابایت,۵۱۲ مگابایت,۷۵۰٬۰۰۰ تومان,
سامسونگ Z2,نیاز به تعمیر,۲ عدد,اصل,۸ گیگابایت,۱ گیگابایت,۵۰۰٬۰۰۰ تومان (مقطوع),
اپل iPhone 11,در حد نو,۲ عدد,اصل,۱۲۸ گیگابایت,۴ گیگابایت,۲۳٬۸۰۰٬۰۰۰ تومان,سفید
اپل iPhone 12 Pro,در حد نو,۱ عدد,اصل,۲۵۶ گیگابایت,۶ گیگابایت,۳۸٬۰۰۰٬۰۰۰ تومان (مقطوع),graphite
اپل,نیاز به تعمیر,۲ عدد,اصل,۵۱۲ مگابایت,۴ گیگابایت,۱۰۰٬۰۰۰ تومان,
شیائومی Poco X3 NFC,در حد نو,۲ عدد,اصل,۱۲۸ گیگابایت,۶ گیگابایت,۵٬۱۰۰٬۰۰۰ تومان (مقطوع),خاکستری Shadow
اپل iPhone 12 Pro Max,در حد نو,۲ عدد,اصل,۲۵۶ گیگابایت,۶ گیگابایت,۴۹٬۵۰۰٬۰۰۰ تومان,graphite
اپل iPhone 13,در حد نو,۲ عدد,اصل,۱۲۸ گیگابایت,۴ گیگابایت,۴۱٬۰۰۰٬۰۰۰ تومان,آبی
اپل iPhone 11 Pro Max,نو,۲ عدد,اصل,۲۵۶ گیگابایت,۴ گیگابایت,۱۰٬۰۰۰٬۰۰۰ تومان,خاکستری Matte Space
اپل iPhone 11 Pro,کارکرده,۲ عدد,اصل,۲۵۶ گیگابایت,۴ گیگابایت,۱۰٬۰۰۰٬۰۰۰ تومان,سبز Matte Midnight
شیائومی Poco M3,در حد نو,۲ عدد,اصل,,,۴٬۲۰۰٬۰۰۰ تومان,
سامسونگ Galaxy J7,کارکرده,۲ عدد,اصل,۱۶ گیگابایت,۱.۵ گیگابایت,۷۵۰٬۰۰۰ تومان,سفید
اپل iPhone 11,کارکرده,۲ عدد,اصل,۱۲۸ گیگابایت,۴ گیگابایت,۱۲٬۰۰۰٬۰۰۰ تومان,مشکی
اپل iPhone 13,نو,۲ عدد,اصل,۱۲۸ گیگابایت,۴ گیگابایت,۴۸٬۱۰۰٬۰۰۰ تومان,مشکی
اپل iPhone 11,در حد نو,۱ عدد,اصل,,۴ گیگابایت,۲۲٬۰۰۰٬۰۰۰ تومان (مقطوع),
اپل iPhone 7 Plus,در حد نو,۱ عدد,اصل,۱۲۸ گیگابایت,۳ گیگابایت,۸٬۸۹۰٬۰۰۰ تومان (مقطوع),نقره‌ای
اپل iPhone 12,در حد نو,۲ عدد,اصل,۱۲۸ گیگابایت,۴ گیگابایت,۱۴٬۰۰۰٬۰۰۰ تومان,آبی
اپل iPhone 11 Pro Max,کارکرده,۱ عدد,اصل,۲۵۶ گیگابایت,۴ گیگابایت,۲۸٬۵۰۰٬۰۰۰ تومان,خاکستری Matte Space
سامسونگ Galaxy A32,در حد نو,۲ عدد,اصل,۱۲۸ گیگابایت,۶ گیگابایت,۶٬۴۰۰٬۰۰۰ تومان,مشکی Awesome
اپل iPhone 13,نو,۲ عدد,اصل,۲۵۶ گیگابایت,۴ گیگابایت,۶۳٬۰۰۰٬۰۰۰ تومان,سفید starlight
اپل iPhone 13,در حد نو,۲ عدد,اصل,۱۲۸ گیگابایت,۴ گیگابایت,۴۰٬۵۰۰٬۰۰۰ تومان (مقطوع),سفید starlight
اپل iPhone XS Max,در حد نو,۲ عدد,اصل,۲۵۶ گیگابایت,۴ گیگابایت,۲۷۰٬۰۰۰ تومان,نقره‌ای
اپل iPhone 12 Pro,در حد نو,۲ عدد,اصل,۱۲۸ گیگابایت,۶ گیگابایت,۳۸٬۵۰۰٬۰۰۰ تومان,
سایر,نو,۱ عدد,اصل,,,۹۹۸٬۰۰۰ تومان,
اپل,نیاز به تعمیر,۲ عدد,اصل,مطرح نیست,مطرح نیست,۱۵۰٬۰۰۰ تومان,
اپل iPhone 13,در حد نو,۲ عدد,اصل,۱۲۸ گیگابایت,۴ گیگابایت,۴۰٬۰۰۰٬۰۰۰ تومان,مشکی
سایر,کارکرده,۲ عدد,اصل,,,۲۰۰٬۰۰۰ تومان (مقطوع),
اپل iPhone 13,در حد نو,۲ عدد,اصل,۱۲۸ گیگابایت,۴ گیگابایت,۴۱٬۵۰۰٬۰۰۰ تومان,مشکی
سامسونگ Galaxy S21 5G,نو,۲ عدد,اصل,۲۵۶ گیگابایت,۸ گیگابایت,۲۰٬۰۰۰٬۰۰۰ تومان,خاکستری Phantom
اپل iPhone 7 Plus,در حد نو,۱ عدد,اصل,۲۵۶ گیگابایت,۳ گیگابایت,۹٬۰۰۰٬۰۰۰ تومان,مشکی Jet
نوکیا,کارکرده,,اصل,,,۱٬۳۰۰٬۰۰۰ تومان (مقطوع),
اپل iPhone 13,کارکرده,۲ عدد,اصل,۱۲۸ گیگابایت,۴ گیگابایت,۳۵٬۰۰۰٬۰۰۰ تومان (مقطوع),
سامسونگ Galaxy A8 (2018),کارکرده,۲ عدد,اصل,۶۴ گیگابایت,۴ گیگابایت,۳٬۶۰۰٬۰۰۰ تومان,مشکی
ریلمی,در حد نو,,اصل,,,۸٬۷۰۰٬۰۰۰ تومان,
ریزر,در حد نو,,اصل,,,۴۱٬۰۰۰٬۰۰۰ تومان (مقطوع),
اپل iPhone XS Max,در حد نو,۱ عدد,اصل,۶۴ گیگابایت,۴ گیگابایت,۱۸٬۰۰۰٬۰۰۰ تومان,طلایی
اپل iPhone 13 Pro Max,کارکرده,۲ عدد,اصل,۲۵۶ گیگابایت,۶ گیگابایت,۷۵٬۰۰۰٬۰۰۰ تومان,آبی Sierra
اپل iPhone 4,نیاز به تعمیر,۱ عدد,اصل,,۵۱۲ مگابایت,۶۵۰٬۰۰۰ تومان,
اپل iPhone 13 Pro Max,نو,۲ عدد,اصل,۲۵۶ گیگابایت,۶ گیگابایت,۱۲۲٬۵۰۰٬۰۰۰ تومان (مقطوع),طلایی
سامسونگ Galaxy Note5 Duos,کارکرده,۲ عدد,اصل,۶۴ گیگابایت,۴ گیگابایت,۲٬۵۰۰٬۰۰۰ تومان (مقطوع),سفید Pearl
اپل iPhone 13,در حد نو,۲ عدد,اصل,,۴ گیگابایت,۳۹٬۸۰۰٬۰۰۰ تومان (مقطوع),
اپل iPhone 13,در حد نو,۲ عدد,اصل,۱۲۸ گیگابایت,۴ گیگابایت,۳۶٬۰۰۰٬۰۰۰ تومان (مقطوع),آبیmidnight
اپل iPhone 13,در حد نو,۲ عدد,اصل,۱۲۸ گیگابایت,۴ گیگابایت,۳۶٬۰۰۰٬۰۰۰ تومان,آبی
سامسونگ Galaxy A12,نو,۲ عدد,اصل,۶۴ گیگابایت,۴ گیگابایت,۴٬۲۰۰٬۰۰۰ تومان (مقطوع),مشکی
نوکیا 8000 4G,در حد نو,۲ عدد,اصل,۴ گیگابایت,۵۱۲ مگابایت,۵٬۵۰۰٬۰۰۰ تومان (مقطوع),مشکی Onyx
اپل iPhone 13 Pro Max,در حد نو,۲ عدد,اصل,۱ ترابایت,۶ گیگابایت,۱۹۰٬۰۰۰٬۰۰۰ تومان (مقطوع),آبی Sierra
اپل iPhone XR,در حد نو,۲ عدد,اصل,۱۲۸ گیگابایت,۳ گیگابایت,۱۶٬۸۰۰٬۰۰۰ تومان,زرد
سامسونگ Galaxy J5,کارکرده,۲ عدد,اصل,۸ گیگابایت,۱.۵ گیگابایت,۸۵۰٬۰۰۰ تومان,مشکی
اپل iPhone 13,در حد نو,۲ عدد,اصل,,۴ گیگابایت,۳۸٬۰۰۰٬۰۰۰ تومان,
اپل iPhone 4s,نو,۱ عدد,اصل,۶۴ گیگابایت,۵۱۲ مگابایت,۲٬۲۰۰٬۰۰۰ تومان,مشکی
سامسونگ Galaxy A70,در حد نو,۲ عدد,اصل,۱۲۸ گیگابایت,۸ گیگابایت,۶٬۰۰۰٬۰۰۰ تومان,مشکی
اپل iPhone 11,نو,۲ عدد,غیر اصل,۱۲۸ گیگابایت,۴ گیگابایت,۱٬۵۰۰٬۰۰۰ تومان (مقطوع),زرد
سامسونگ Galaxy S8,در حد نو,۲ عدد,اصل,۶۴ گیگابایت,۴ گیگابایت,۳٬۵۰۰٬۰۰۰ تومان,طلایی Maple
اپل iPhone XS,در حد نو,۱ عدد,اصل,۶۴ گیگابایت,۴ گیگابایت,۱۳٬۸۰۰٬۰۰۰ تومان,نقره‌ای
سامسونگ Galaxy A52s 5G,در حد نو,۱ عدد,اصل,,,۱۲٬۰۰۰٬۰۰۰ تومان,
گوگل,در حد نو,,اصل,,,۱۰۰٬۰۰۰٬۰۰۰ تومان (مقطوع),
سایر,نو,۱ عدد,اصل,,,۹۹۸٬۰۰۰ تومان,
سایر,نو,۱ عدد,اصل,,,۹۹۷٬۰۰۰ تومان,
سایر,نو,۱ عدد,اصل,,,۹۹۸٬۰۰۰ تومان,
سایر,نو,۱ عدد,اصل,,,۹۹۸٬۰۰۰ تومان,
سایر,نو,۱ عدد,اصل,,,۹۹۸٬۰۰۰ تومان,
ال‌جی K10 (2017),کارکرده,۲ عدد,اصل,۱۶ گیگابایت,۲ گیگابایت,۱٬۲۰۰٬۰۰۰ تومان,
اپل iPhone XS Max,در حد نو,۱ عدد,اصل,,۴ گیگابایت,۱۷٬۵۰۰ تومان (مقطوع),
سامسونگ Galaxy A12,کارکرده,۲ عدد,اصل,۶۴ گیگابایت,۴ گیگابایت,۲٬۰۰۰٬۰۰۰ تومان,مشکی
سامسونگ Galaxy A51,نو,۲ عدد,اصل,۱۲۸ گیگابایت,۶ گیگابایت,۳٬۸۰۰٬۰۰۰ تومان (مقطوع),مشکی Prism Crush
اپل iPhone X,در حد نو,۱ عدد,اصل,,۳ گیگابایت,۱۴٬۶۰۰٬۰۰۰ تومان,
اپل iPhone 13,در حد نو,۲ عدد,اصل,۱۲۸ گیگابایت,۴ گیگابایت,۴۴٬۷۰۰٬۰۰۰ تومان,مشکی
اپل iPhone 13 Pro Max,در حد نو,۲ عدد,اصل,۱۲۸ گیگابایت,۶ گیگابایت,۷۶٬۵۰۰٬۰۰۰ تومان,آبی Sierra
اپل iPhone 13 Pro Max,در حد نو,۲ عدد,اصل,۱۲۸ گیگابایت,۶ گیگابایت,۷۷٬۰۰۰٬۰۰۰ تومان (مقطوع),آبی Sierra
اپل iPhone 11,در حد نو,۲ عدد,اصل,۱۲۸ گیگابایت,۴ گیگابایت,۱۸٬۵۰۰٬۰۰۰ تومان,بنفش
سامسونگ Galaxy J6,کارکرده,۲ عدد,اصل,۳۲ گیگابایت,,۲٬۰۰۰٬۰۰۰ تومان,مشکی
سایر,نو,۱ عدد,اصل,,,۹۹۸٬۰۰۰ تومان,
سایر,نو,۱ عدد,اصل,,,۹۹۸٬۰۰۰ تومان,
هواوی,نو,,اصل,,,۷٬۸۰۰٬۰۰۰ تومان (مقطوع),
اپل iPhone 13 Pro Max,در حد نو,۲ عدد,اصل,۲۵۶ گیگابایت,۶ گیگابایت,۳۰٬۰۰۰٬۰۰۰ تومان,
سامسونگ Galaxy A10s,کارکرده,۲ عدد,اصل,۳۲ گیگابایت,,۲٬۹۰۰٬۰۰۰ تومان,قرمز
اپل iPhone 7,در حد نو,۱ عدد,اصل,۱۲۸ گیگابایت,۲ گیگابایت,۵٬۲۰۰٬۰۰۰ تومان,مشکی
شیائومی Poco F3,در حد نو,۲ عدد,اصل,۱۲۸ گیگابایت,۶ گیگابایت,۸٬۰۰۰٬۰۰۰ تومان,مشکی Night
نوکیا,در حد نو,,اصل,,,۱٬۵۰۰٬۰۰۰ تومان,
نوکیا,در حد نو,,اصل,,,۱۶٬۰۰۰٬۰۰۰ تومان,
شیائومی Redmi 9C,در حد نو,۲ عدد,اصل,,,۳٬۳۰۰٬۰۰۰ تومان,
شیائومی Mi 11 Lite 5G,در حد نو,۲ عدد,اصل,۲۵۶ گیگابایت,۸ گیگابایت,۱۰٬۵۰۰٬۰۰۰ تومان (مقطوع),مشکی Truffle
هواوی Y7 Prime (2018),در حد نو,۲ عدد,اصل,۳۲ گیگابایت,۳ گیگابایت,۲٬۸۰۰٬۰۰۰ تومان,آبی
سامسونگ Galaxy Note 3,کارکرده,۱ عدد,اصل,۳۲ گیگابایت,۳ گیگابایت,۲٬۹۰۰٬۰۰۰ تومان,مشکی
سامسونگ Galaxy A31,در حد نو,۲ عدد,اصل,۱۲۸ گیگابایت,۴ گیگابایت,۴٬۲۰۰٬۰۰۰ تومان (مقطوع),سفید Prism Crush
اپل iPhone 13,نو,۲ عدد,اصل,۱۲۸ گیگابایت,۴ گیگابایت,۴۴٬۰۰۰٬۰۰۰ تومان,مشکی
شیائومی Redmi Note 9 Pro (India),در حد نو,۲ عدد,اصل,۱۲۸ گیگابایت,۶ گیگابایت,۴٬۳۰۰٬۰۰۰ تومان,آبی Aurora
اپل iPhone XS,کارکرده,۱ عدد,اصل,۲۵۶ گیگابایت,۴ گیگابایت,۱۲٬۳۴۵٬۶۷۸ تومان,طلایی
اپل iPhone 13 Pro Max,در حد نو,۲ عدد,اصل,۲۵۶ گیگابایت,۶ گیگابایت,۱۸٬۰۰۰٬۰۰۰ تومان,graphite
شیائومی Redmi Pro 2,در حد نو,۲ عدد,اصل,۶۴ گیگابایت,۶ گیگابایت,۴٬۲۰۰٬۰۰۰ تومان,آبی
سامسونگ Galaxy A03s,در حد نو,۲ عدد,اصل,,,۳٬۵۰۰٬۰۰۰ تومان,
سامسونگ Galaxy J7 (2018),کارکرده,۲ عدد,اصل,۳۲ گیگابایت,۲ گیگابایت,۲٬۰۰۰٬۰۰۰ تومان,مشکی
سایر,کارکرده,۲ عدد,اصل,,,۵۰۰٬۰۰۰ تومان,
شیائومی,در حد نو,,اصل,,,۸٬۵۰۰٬۰۰۰ تومان,
اپل iPhone X,در حد نو,۱ عدد,اصل,,۳ گیگابایت,۹٬۰۰۰٬۰۰۰ تومان (مقطوع),
هواوی Ascend G700,در حد نو,۲ عدد,اصل,۸ گیگابایت,۲ گیگابایت,۹۰۰٬۰۰۰ تومان (مقطوع),
سامسونگ Galaxy Note20,در حد نو,۲ عدد,اصل,۲۵۶ گیگابایت,۸ گیگابایت,۱۶٬۰۰۰٬۰۰۰ تومان (مقطوع),خاکستری Mystic
سامسونگ Galaxy A31,در حد نو,۲ عدد,اصل,۱۲۸ گیگابایت,۶ گیگابایت,۵٬۳۰۰٬۰۰۰ تومان,مشکی Prism Crush
اپل iPhone 13,در حد نو,۱ عدد,اصل,۱۲۸ گیگابایت,۴ گیگابایت,۳۵٬۰۰۰٬۰۰۰ تومان (مقطوع),آبی
شیائومی 11T Pro,در حد نو,۲ عدد,اصل,۲۵۶ گیگابایت,۸ گیگابایت,۱٬۰۰۰٬۰۰۰ تومان,خاکستری Meteorite
شیائومی Poco X3 Pro,کارکرده,۲ عدد,اصل,۱۲۸ گیگابایت,۶ گیگابایت,۵٬۰۰۰٬۰۰۰ تومان,مشکی Phantom
سایر,نو,۱ عدد,اصل,,,۹۹۸٬۰۰۰ تومان,
نوکیا 2.3,در حد نو,۲ عدد,اصل,۳۲ گیگابایت,۲ گیگابایت,۲٬۰۰۰٬۰۰۰ تومان,
اپل iPhone 11 Pro Max,کارکرده,۱ عدد,اصل,۲۵۶ گیگابایت,۴ گیگابایت,۳۲٬۰۰۰٬۰۰۰ تومان,
اپل iPhone 11 Pro,کارکرده,۲ عدد,اصل,۲۵۶ گیگابایت,۴ گیگابایت,۳۱٬۰۰۰٬۰۰۰ تومان (مقطوع),خاکستری Matte Space
سامسونگ Galaxy S21 Ultra 5G,نیاز به تعمیر,۲ عدد,اصل,۱۲۸ گیگابایت,۱۲ گیگابایت,۱٬۰۰۰ تومان,مشکی Phantom
شیائومی Poco X3 Pro,کارکرده,۲ عدد,اصل,۲۵۶ گیگابایت,۸ گیگابایت,۶٬۵۰۰٬۰۰۰ تومان (مقطوع),مشکی Phantom
ال‌جی Stylus 2 Plus,نو,۲ عدد,اصل,۱۶ گیگابایت,۲ گیگابایت,۱٬۵۰۰٬۰۰۰ تومان (مقطوع),طلایی
اپل iPhone 13 Pro Max,در حد نو,۲ عدد,اصل,۲۵۶ گیگابایت,۶ گیگابایت,۸۵٬۰۰۰٬۰۰۰ تومان,آبی Sierra
اپل iPhone 12 Pro Max,در حد نو,۲ عدد,اصل,۲۵۶ گیگابایت,۶ گیگابایت,۴۴٬۴۴۴٬۴۴۴ تومان,graphite
اپل,در حد نو,۱ عدد,اصل,,,۳٬۰۰۰٬۰۰۰ تومان,
اپل,نیاز به تعمیر,۱ عدد,اصل,,,۲٬۰۰۰٬۰۰۰ تومان,
سامسونگ Galaxy A32 5G,در حد نو,۲ عدد,اصل,,,۶٬۲۰۰٬۰۰۰ تومان,
سامسونگ Galaxy A20e,نیاز به تعمیر,۲ عدد,اصل,۳۲ گیگابایت,۳ گیگابایت,۲٬۲۰۰٬۰۰۰ تومان,آبی
اپل iPhone X,در حد نو,۱ عدد,اصل,۲۵۶ گیگابایت,۳ گیگابایت,۶٬۰۰۰٬۰۰۰ تومان,نقره‌ای
اپل iPhone 13 Pro Max,در حد نو,۲ عدد,اصل,۲۵۶ گیگابایت,۶ گیگابایت,۷۹٬۹۰۰٬۰۰۰ تومان (مقطوع),graphite
شیائومی Redmi Note 10 Pro Max,در حد نو,۲ عدد,اصل,۱۲۸ گیگابایت,۶ گیگابایت,۶٬۷۰۰٬۰۰۰ تومان,آبی Glacial
نوکیا,نو,,اصل,,,۴۵۰٬۰۰۰ تومان,
سامسونگ Galaxy A20s,در حد نو,۲ عدد,اصل,,,۳٬۵۰۰٬۰۰۰ تومان,
اپل iPhone 13,در حد نو,۲ عدد,اصل,۱۲۸ گیگابایت,۴ گیگابایت,۳۹٬۰۰۰٬۰۰۰ تومان,آبی
اپل iPhone 7 Plus,کارکرده,۱ عدد,اصل,۱۲۸ گیگابایت,۳ گیگابایت,۶٬۵۰۰٬۰۰۰ تومان (مقطوع),مشکی
اپل iPhone 13,در حد نو,۲ عدد,اصل,۱۲۸ گیگابایت,۴ گیگابایت,۳۹٬۵۰۰٬۰۰۰ تومان (مقطوع),سفید starlight
اپل iPhone 7 Plus,در حد نو,۱ عدد,اصل,۱۲۸ گیگابایت,۳ گیگابایت,۶٬۳۰۰٬۰۰۰ تومان,طلایی
سایر,نیاز به تعمیر,۲ عدد,اصل,,,۵۰۰٬۰۰۰ تومان,
سامسونگ Galaxy A50,در حد نو,۲ عدد,اصل,۱۲۸ گیگابایت,۴ گیگابایت,۴٬۷۰۰ تومان,مشکی
اپل iPhone 13,در حد نو,۲ عدد,اصل,۱۲۸ گیگابایت,۴ گیگابایت,۴۱٬۵۰۰٬۰۰۰ تومان (مقطوع),مشکی
اپل iPhone 7 Plus,کارکرده,۱ عدد,اصل,۲۵۶ گیگابایت,۳ گیگابایت,۹٬۸۰۰٬۰۰۰ تومان,طلایی Rose
شیائومی Mi 11 Ultra,در حد نو,۲ عدد,اصل,۲۵۶ گیگابایت,۱۲ گیگابایت,۲۷٬۰۰۰٬۰۰۰ تومان,سفید Ceramic
ایسوس Zenfone 4 Selfie ZD553KL,در حد نو,۲ عدد,اصل,۶۴ گیگابایت,۴ گیگابایت,۲٬۵۰۰٬۰۰۰ تومان (مقطوع),
اپل iPhone 7 Plus,در حد نو,۱ عدد,اصل,,۳ گیگابایت,۱۰٬۰۰۰٬۰۰۰ تومان,
شیائومی Redmi Note 8,کارکرده,۲ عدد,اصل,۶۴ گیگابایت,۴ گیگابایت,۴٬۲۰۰٬۰۰۰ تومان,آبی Neptune
اپل iPhone X,در حد نو,۱ عدد,اصل,۶۴ گیگابایت,۳ گیگابایت,۷٬۷۰۰٬۰۰۰ تومان,خاکستری Space
اپل iPhone 13 Pro,در حد نو,۱ عدد,اصل,,۶ گیگابایت,۷۰٬۰۰۰٬۰۰۰ تومان,graphite
اپل iPhone SE (2020),کارکرده,۱ عدد,اصل,۱۲۸ گیگابایت,۳ گیگابایت,۹٬۸۰۰٬۰۰۰ تومان (مقطوع),مشکی
شیائومی Poco X3 Pro,کارکرده,۲ عدد,اصل,۲۵۶ گیگابایت,۸ گیگابایت,۶٬۲۵۰٬۰۰۰ تومان,آبی Frost
سامسونگ,در حد نو,,اصل,,,۷٬۸۰۰٬۰۰۰ تومان,
سامسونگ Galaxy A32,در حد نو,۲ عدد,اصل,۱۲۸ گیگابایت,۶ گیگابایت,۷٬۰۰۰٬۰۰۰ تومان,مشکی Awesome
سامسونگ Galaxy J7 Prime,در حد نو,۲ عدد,اصل,۱۶ گیگابایت,۳ گیگابایت,۱٬۸۰۰٬۰۰۰ تومان (مقطوع),مشکی
اپل iPhone 12 Pro Max,در حد نو,۲ عدد,اصل,۱۲۸ گیگابایت,۶ گیگابایت,۴۳٬۰۰۰٬۰۰۰ تومان,طلایی
سامسونگ Galaxy C10,کارکرده,۲ عدد,اصل,۶۴ گیگابایت,۶ گیگابایت,۳٬۵۰۰٬۰۰۰ تومان,مشکی
اپل iPhone 13 Pro Max,در حد نو,۲ عدد,اصل,۲۵۶ گیگابایت,۶ گیگابایت,۶۰٬۰۰۰٬۰۰۰ تومان,
اپل,نو,,اصل,,,۱۰٬۰۰۰٬۰۰۰ تومان (مقطوع),
شیائومی Redmi Note 9S,در حد نو,۲ عدد,اصل,۶۴ گیگابایت,۴ گیگابایت,۴٬۹۰۰٬۰۰۰ تومان (مقطوع),خاکستری Interstellar
شیائومی Redmi Note 10,کارکرده,۲ عدد,اصل,۱۲۸ گیگابایت,۶ گیگابایت,۱٬۱۱۱ تومان (مقطوع),سبز Aqua
هواوی G10,کارکرده,۲ عدد,اصل,۶۴ گیگابایت,۴ گیگابایت,۱۱۱٬۱۱۱ تومان,
سامسونگ Galaxy S21,در حد نو,۲ عدد,اصل,۱۲۸ گیگابایت,۸ گیگابایت,۱۱٬۵۰۰٬۰۰۰ تومان,صورتی Phantom
سامسونگ Galaxy A01,در حد نو,۲ عدد,اصل,۱۶ گیگابایت,۲ گیگابایت,۱٬۱۱۱ تومان,مشکی
اپل iPhone 13,نو,۲ عدد,اصل,۱۲۸ گیگابایت,۴ گیگابایت,۴۲٬۲۰۰٬۰۰۰ تومان,مشکی
اپل iPhone 13 Pro,در حد نو,۲ عدد,اصل,۲۵۶ گیگابایت,۶ گیگابایت,۵۸٬۸۰۰٬۰۰۰ تومان,آبی Sierra
سامسونگ Galaxy A7 (2017),کارکرده,۲ عدد,اصل,۳۲ گیگابایت,۳ گیگابایت,۲٬۰۰۰٬۰۰۰ تومان (مقطوع),
اپل iPhone 13 Pro Max,نو,۲ عدد,اصل,۲۵۶ گیگابایت,۶ گیگابایت,۳۵٬۰۰۰٬۰۰۰ تومان,آبی Sierra
اپل iPhone 12 Pro Max,در حد نو,۲ عدد,اصل,۲۵۶ گیگابایت,۶ گیگابایت,۲۰٬۰۰۰٬۰۰۰ تومان,طلایی
سامسونگ Galaxy A03s,در حد نو,۲ عدد,اصل,۶۴ گیگابایت,۴ گیگابایت,۴٬۲۰۰٬۰۰۰ تومان,مشکی
اپل iPhone 12 Pro,نو,۲ عدد,اصل,۲۵۶ گیگابایت,۶ گیگابایت,۱۷٬۰۰۰٬۰۰۰ تومان,آبی Pacific
نوکیا,در حد نو,,اصل,,,۲۵۰٬۰۰۰ تومان,
اپل iPhone 6 Plus,نو,۱ عدد,اصل,۶۴ گیگابایت,۱ گیگابایت,۳٬۰۰۰٬۰۰۰ تومان,طلایی
شیائومی Redmi Note 8,در حد نو,۲ عدد,اصل,۶۴ گیگابایت,۴ گیگابایت,۴٬۵۰۰٬۰۰۰ تومان,مشکی Space
نوکیا 5,در حد نو,۲ عدد,اصل,۱۶ گیگابایت,۲ گیگابایت,۱٬۶۰۰٬۰۰۰ تومان,مشکی Matte
اپل iPhone 13 Pro Max,در حد نو,۲ عدد,اصل,۲۵۶ گیگابایت,۶ گیگابایت,۷۵٬۰۰۰٬۰۰۰ تومان (مقطوع),نقره‌ای
اپل iPhone 12 Pro Max,در حد نو,۲ عدد,اصل,۱۲۸ گیگابایت,۶ گیگابایت,۴۳٬۰۰۰٬۰۰۰ تومان,
اپل iPhone 11 Pro,در حد نو,۲ عدد,اصل,۲۵۶ گیگابایت,۴ گیگابایت,۲۸٬۰۰۰٬۰۰۰ تومان (مقطوع),سبز Matte Midnight
شیائومی Redmi 9A,در حد نو,۲ عدد,اصل,,,۳٬۳۰۰٬۰۰۰ تومان,
اپل iPhone SE,در حد نو,۱ عدد,اصل,۱۲۸ گیگابایت,۲ گیگابایت,۱٬۰۰۰ تومان,نقره‌ای
شیائومی Redmi Note 8 Pro,در حد نو,۲ عدد,اصل,۱۲۸ گیگابایت,۶ گیگابایت,۴٬۲۰۰٬۰۰۰ تومان,مشکی
اپل iPhone X,در حد نو,۱ عدد,اصل,۲۵۶ گیگابایت,۳ گیگابایت,۱٬۰۰۰ تومان,خاکستری Space
اپل iPhone 13,نو,۲ عدد,اصل,۱۲۸ گیگابایت,۴ گیگابایت,۴۲٬۲۰۰٬۰۰۰ تومان,مشکی
هواوی,در حد نو,,اصل,,,۱٬۵۰۰٬۰۰۰ تومان,
اپل iPhone 6s,کارکرده,۱ عدد,اصل,۶۴ گیگابایت,۲ گیگابایت,۳٬۰۰۰٬۰۰۰ تومان (مقطوع),نقره‌ای
اپل iPhone 13,در حد نو,۲ عدد,اصل,۱۲۸ گیگابایت,۴ گیگابایت,۴۲٬۰۰۰٬۰۰۰ تومان (مقطوع),مشکی
اپل iPhone 13,در حد نو,۱ عدد,اصل,۱۲۸ گیگابایت,۴ گیگابایت,۴۴٬۰۰۰٬۰۰۰ تومان,مشکی
اپل iPhone 11,در حد نو,۱ عدد,اصل,۱۲۸ گیگابایت,۴ گیگابایت,۲۳٬۵۰۰٬۰۰۰ تومان (مقطوع),مشکی
سامسونگ Galaxy A10,در حد نو,۲ عدد,اصل,۳۲ گیگابایت,۲ گیگابایت,۲٬۸۵۰٬۰۰۰ تومان,مشکی
آنر 8S,در حد نو,۲ عدد,اصل,۳۲ گیگابایت,۲ گیگابایت,۳٬۰۰۰٬۰۰۰ تومان,مشکی
سامسونگ Galaxy K zoom,در حد نو,۱ عدد,اصل,۸ گیگابایت,۲ گیگابایت,۵٬۵۰۰٬۰۰۰ تومان,سفید Shimmery
اپل iPhone 13,کارکرده,۱ عدد,اصل,۱۲۸ گیگابایت,۴ گیگابایت,۳۹٬۰۰۰٬۰۰۰ تومان (مقطوع),آبیmidnight
اپل iPhone 5s,نیاز به تعمیر,۱ عدد,اصل,,۱ گیگابایت,۴۰۰٬۰۰۰ تومان (مقطوع),
اپل iPhone 11,کارکرده,۲ عدد,اصل,۱۲۸ گیگابایت,۴ گیگابایت,۱۲٬۰۰۰٬۰۰۰ تومان,قرمز
اپل,کارکرده,۱ عدد,اصل,,,۲٬۱۰۰٬۰۰۰ تومان,
نوکیا,در حد نو,,اصل,,,۲۵۰٬۰۰۰ تومان,
اپل iPhone 12,در حد نو,۱ عدد,اصل,,۴ گیگابایت,۲۲٬۵۰۰٬۰۰۰ تومان,سبز
اپل iPhone XS,در حد نو,۱ عدد,اصل,۲۵۶ گیگابایت,۴ گیگابایت,۱۷٬۰۰۰٬۰۰۰ تومان (مقطوع),طلایی
جی‌پلاس P10,در حد نو,۲ عدد,اصل,۳۲ گیگابایت,۲ گیگابایت,۳٬۰۰۰٬۰۰۰ تومان,
اپل,نو,۲ عدد,اصل,۲۵۶ گیگابایت,۶ گیگابایت,۴۰٬۰۰۰٬۰۰۰ تومان,
اپل iPhone 12 Pro Max,نو,۲ عدد,اصل,۲۵۶ گیگابایت,۶ گیگابایت,۲۵٬۰۰۰٬۰۰۰ تومان,
اپل iPhone 13,نو,۲ عدد,اصل,۱۲۸ گیگابایت,۴ گیگابایت,۲۱٬۰۰۰٬۰۰۰ تومان,آبیmidnight
سامسونگ Galaxy A22 5G,در حد نو,۲ عدد,اصل,,,۶٬۰۰۰٬۰۰۰ تومان,
اپل iPhone SE,کارکرده,۱ عدد,اصل,۱۲۸ گیگابایت,۲ گیگابایت,۸٬۵۰۰٬۰۰۰ تومان,نقره‌ای
شیائومی,نو,,اصل,,,۶٬۸۰۰٬۰۰۰ تومان,
شیائومی,در حد نو,,اصل,,,۵۹٬۰۰۰٬۰۰۰ تومان,
اپل iPhone 11,کارکرده,۲ عدد,اصل,۱۲۸ گیگابایت,۴ گیگابایت,۲۳٬۰۰۰٬۰۰۰ تومان (مقطوع),مشکی
اپل iPhone X,کارکرده,۱ عدد,اصل,۲۵۶ گیگابایت,۳ گیگابایت,۱۳٬۹۰۰٬۰۰۰ تومان,نقره‌ای
اپل iPhone 12 Pro,نو,۲ عدد,اصل,۲۵۶ گیگابایت,۶ گیگابایت,۳۷٬۸۰۰٬۰۰۰ تومان,آبی Pacific
اپل iPhone 13,کارکرده,۲ عدد,اصل,۱۲۸ گیگابایت,۴ گیگابایت,۴۱٬۵۰۰٬۰۰۰ تومان,سفید starlight
جی‌پلاس,در حد نو,,اصل,,,۲٬۰۰۰٬۰۰۰ تومان,
سامسونگ Galaxy S5,کارکرده,۱ عدد,اصل,۱۶ گیگابایت,۲ گیگابایت,۱٬۵۰۰٬۰۰۰ تومان,طلایی Copper
اپل iPhone 13,در حد نو,۲ عدد,اصل,۱۲۸ گیگابایت,۴ گیگابایت,۳۹٬۵۰۰٬۰۰۰ تومان,مشکی
اپل iPhone 12 Pro Max,در حد نو,۲ عدد,اصل,۲۵۶ گیگابایت,۶ گیگابایت,۲۲٬۰۰۰٬۰۰۰ تومان,آبی Pacific
اپل iPhone 12 Pro,در حد نو,۲ عدد,اصل,۲۵۶ گیگابایت,۶ گیگابایت,۲۲٬۰۰۰٬۰۰۰ تومان,graphite
سامسونگ Galaxy A52 5G,کارکرده,۲ عدد,اصل,۱۲۸ گیگابایت,۸ گیگابایت,۸٬۰۰۰٬۰۰۰ تومان (مقطوع),مشکی Awesome
سامسونگ Galaxy S7 edge,نیاز به تعمیر,۲ عدد,اصل,۳۲ گیگابایت,۴ گیگابایت,۷۰۰٬۰۰۰ تومان,طلایی
اپل iPhone 6,کارکرده,۱ عدد,اصل,۱۲۸ گیگابایت,۱ گیگابایت,۳٬۵۰۰٬۰۰۰ تومان,خاکستری Space
سامسونگ Galaxy A20s,کارکرده,۲ عدد,اصل,۳۲ گیگابایت,۳ گیگابایت,۱٬۹۰۰٬۰۰۰ تومان (مقطوع),مشکی
اپل iPhone 5,نیاز به تعمیر,۱ عدد,اصل,۱۶ گیگابایت,۱ گیگابایت,۵۰۰٬۰۰۰ تومان,سفید نقره‌ای
اپل iPhone X,در حد نو,۱ عدد,اصل,۲۵۶ گیگابایت,۳ گیگابایت,۱۲٬۰۰۰٬۰۰۰ تومان (مقطوع),خاکستری Space
اپل iPhone 13,نو,۲ عدد,اصل,۱۲۸ گیگابایت,۴ گیگابایت,۱۸٬۰۰۰٬۰۰۰ تومان,مشکی
اپل iPhone 12 Pro Max,در حد نو,۱ عدد,اصل,۲۵۶ گیگابایت,۶ گیگابایت,۴۵٬۰۰۰٬۰۰۰ تومان,آبی Pacific
اپل iPhone 12 Pro Max,در حد نو,۲ عدد,اصل,۲۵۶ گیگابایت,۶ گیگابایت,۲۷٬۰۰۰٬۰۰۰ تومان,آبی Pacific
سامسونگ Galaxy A30,در حد نو,۲ عدد,اصل,۶۴ گیگابایت,۴ گیگابایت,۳٬۲۰۰٬۰۰۰ تومان,آبی
سامسونگ,کارکرده,,اصل,,,۲٬۶۷۰٬۰۰۰ تومان,
سامسونگ Galaxy A11,کارکرده,۲ عدد,اصل,۳۲ گیگابایت,۲ گیگابایت,۳٬۰۰۰٬۰۰۰ تومان (مقطوع),سفید
اپل iPhone 6 Plus,نو,۱ عدد,اصل,۱۲۸ گیگابایت,۱ گیگابایت,۳٬۸۰۰٬۰۰۰ تومان (مقطوع),
سایر,نو,۲ عدد,اصل,۶۴ گیگابایت,۸ گیگابایت,۹٬۰۰۰٬۰۰۰ تومان,
اپل iPhone 11,در حد نو,۱ عدد,اصل,۱۲۸ گیگابایت,۴ گیگابایت,۱٬۱۱۱٬۱۱۱ تومان,سفید
شیائومی,نو,,اصل,,,۱۲٬۵۰۰٬۰۰۰ تومان,
اپل iPhone 7,در حد نو,۱ عدد,اصل,۱۲۸ گیگابایت,۲ گیگابایت,۵٬۵۰۰٬۰۰۰ تومان,قرمز
گوگل,نو,,اصل,,,۵۷٬۰۰۰٬۰۰۰ تومان,
اپل iPhone XR,نو,۲ عدد,اصل,۱۲۸ گیگابایت,۳ گیگابایت,۳٬۹۰۰٬۰۰۰ تومان,زرد
اپل iPhone 11,کارکرده,۲ عدد,اصل,۶۴ گیگابایت,۴ گیگابایت,۱۸٬۰۰۰٬۰۰۰ تومان (مقطوع),سبز
آنر 8C,کارکرده,۲ عدد,اصل,,,۱٬۷۰۰٬۰۰۰ تومان,
اپل iPhone 11 Pro Max,در حد نو,۱ عدد,اصل,۲۵۶ گیگابایت,۴ گیگابایت,۳۲٬۰۰۰٬۰۰۰ تومان (مقطوع),طلایی Matte
اپل iPhone 13 Pro Max,در حد نو,۲ عدد,اصل,۲۵۶ گیگابایت,۶ گیگابایت,۸۲٬۵۰۰٬۰۰۰ تومان (مقطوع),آبی Sierra
اپل iPhone 11 Pro,در حد نو,۲ عدد,اصل,۲۵۶ گیگابایت,۴ گیگابایت,۱۸٬۰۰۰٬۰۰۰ تومان,طلایی Matte
اپل iPhone 13,در حد نو,۲ عدد,اصل,۱۲۸ گیگابایت,۴ گیگابایت,۴۱٬۸۰۰٬۰۰۰ تومان,مشکی
اپل iPhone 11,در حد نو,۲ عدد,اصل,۱۲۸ گیگابایت,۴ گیگابایت,۲۴٬۰۰۰٬۰۰۰ تومان,مشکی
اپل iPhone 13,نو,۲ عدد,اصل,۱۲۸ گیگابایت,۴ گیگابایت,۴۸٬۰۰۰٬۰۰۰ تومان,سفید starlight
سونی,کارکرده,,اصل,,,۶۵۰٬۰۰۰ تومان,
سامسونگ Galaxy A03s,نو,۲ عدد,اصل,۶۴ گیگابایت,۴ گیگابایت,۴٬۵۰۰٬۰۰۰ تومان,مشکی
سامسونگ Galaxy J4,کارکرده,۲ عدد,اصل,۳۲ گیگابایت,۳ گیگابایت,۱٬۵۰۰٬۰۰۰ تومان (مقطوع),مشکی
سامسونگ Galaxy A7 (2018),در حد نو,۲ عدد,اصل,,,۳٬۰۰۰٬۰۰۰ تومان,
اپل iPhone X,در حد نو,۱ عدد,اصل,۲۵۶ گیگابایت,۳ گیگابایت,۱۶٬۰۰۰٬۰۰۰ تومان,خاکستری Space
شیائومی,در حد نو,,اصل,,,۷٬۰۰۰٬۰۰۰ تومان (مقطوع),
نوکیا,کارکرده,,غیر اصل,,,۳۵۰٬۰۰۰ تومان,
سامسونگ Galaxy A52,در حد نو,۲ عدد,اصل,۱۲۸ گیگابایت,۸ گیگابایت,۸٬۰۰۰٬۰۰۰ تومان,مشکی Awesome
اپل iPhone 13,در حد نو,۲ عدد,اصل,۱۲۸ گیگابایت,۴ گیگابایت,۴۱٬۰۰۰٬۰۰۰ تومان (مقطوع),مشکی
سامسونگ Galaxy J7 Prime,در حد نو,۲ عدد,اصل,۱۶ گیگابایت,۳ گیگابایت,۲٬۲۰۰٬۰۰۰ تومان (مقطوع),مشکی
شیائومی Mi 9 SE,در حد نو,۲ عدد,اصل,,۶ گیگابایت,۲٬۰۰۰٬۰۰۰ تومان,
هواوی P8,کارکرده,۲ عدد,اصل,۱۶ گیگابایت,۳ گیگابایت,۱٬۲۰۰٬۰۰۰ تومان,خاکستری Titanium
اپل iPhone 13 Pro Max,در حد نو,۲ عدد,اصل,۲۵۶ گیگابایت,۶ گیگابایت,۹۰٬۰۰۰٬۰۰۰ تومان,
سامسونگ Galaxy Note5,در حد نو,۱ عدد,اصل,۳۲ گیگابایت,۴ گیگابایت,۴٬۵۰۰٬۰۰۰ تومان,مشکی Sapphire
نوکیا,در حد نو,,اصل,,,۱۱٬۱۱۱ تومان,
اپل iPhone 12 Pro Max,در حد نو,۲ عدد,اصل,۲۵۶ گیگابایت,۶ گیگابایت,۴۶٬۰۰۰٬۰۰۰ تومان,graphite
نوکیا,در حد نو,,اصل,,,۱۲۳٬۴۵۶ تومان,
نوکیا,در حد نو,,اصل,,,۵۵۰٬۰۰۰ تومان (مقطوع),
سامسونگ Galaxy A52,در حد نو,۲ عدد,اصل,۱۲۸ گیگابایت,۸ گیگابایت,۷٬۷۰۰٬۰۰۰ تومان (مقطوع),مشکی Awesome
هواوی,نو,,اصل,,,۶٬۵۰۰٬۰۰۰ تومان,
اپل iPhone 11,نو,۲ عدد,اصل,۶۴ گیگابایت,۴ گیگابایت,۱٬۶۰۰٬۰۰۰ تومان (مقطوع),مشکی
اپل iPhone 11,در حد نو,۲ عدد,اصل,۱۲۸ گیگابایت,۴ گیگابایت,۱۱٬۰۰۰٬۰۰۰ تومان,مشکی
اپل iPhone 13 Pro,در حد نو,۲ عدد,اصل,۲۵۶ گیگابایت,۶ گیگابایت,۳۴٬۰۰۰٬۰۰۰ تومان,نقره‌ای
شیائومی Redmi 10,نو,۲ عدد,اصل,۱۲۸ گیگابایت,۴ گیگابایت,۵٬۰۰۰٬۰۰۰ تومان,خاکستری Carbon
شیائومی Redmi Note 8,در حد نو,۲ عدد,اصل,۶۴ گیگابایت,۴ گیگابایت,۳٬۶۰۰٬۰۰۰ تومان,آبی Neptune
سامسونگ Galaxy Note20 Ultra 5G,در حد نو,۲ عدد,اصل,۲۵۶ گیگابایت,۱۲ گیگابایت,۲۵٬۵۰۰٬۰۰۰ تومان,مشکی Mystic
اپل iPhone 13 Pro Max,در حد نو,۱ عدد,اصل,۲۵۶ گیگابایت,۶ گیگابایت,۸۵٬۰۰۰٬۰۰۰ تومان (مقطوع),آبی Sierra
اپل iPhone 13 Pro Max,در حد نو,۲ عدد,اصل,۲۵۶ گیگابایت,۶ گیگابایت,۷۸٬۰۰۰٬۰۰۰ تومان,آبی Sierra
اپل iPhone 13 Pro Max,در حد نو,۱ عدد,اصل,۵۱۲ گیگابایت,۶ گیگابایت,۶۵٬۰۰۰٬۰۰۰ تومان,آبی Sierra
اپل iPhone 12 Pro Max,در حد نو,۲ عدد,اصل,۲۵۶ گیگابایت,۶ گیگابایت,۵۰٬۰۰۰٬۰۰۰ تومان,آبی Pacific
سامسونگ Galaxy A01 Core,در حد نو,۲ عدد,اصل,۱۶ گیگابایت,۲ گیگابایت,۲٬۰۰۰٬۰۰۰ تومان,مشکی
شیائومی Redmi 8,نو,۲ عدد,اصل,۶۴ گیگابایت,۴ گیگابایت,۴٬۷۰۰٬۰۰۰ تومان,مشکی Onyx
سامسونگ Galaxy A71,در حد نو,۲ عدد,اصل,۱۲۸ گیگابایت,,۷٬۰۰۰٬۰۰۰ تومان (مقطوع),آبی Prism Crush
نوکیا,در حد نو,,اصل,,,۵۵۰٬۰۰۰ تومان (مقطوع),
سامسونگ Galaxy J4,نو,۲ عدد,اصل,,,۱٬۲۵۰٬۰۰۰ تومان,
اپل iPhone 13,در حد نو,۲ عدد,اصل,۱۲۸ گیگابایت,۴ گیگابایت,۴۰٬۵۰۰٬۰۰۰ تومان,سفید starlight
موتورولا Moto G9 Plus,کارکرده,۲ عدد,اصل,۱۲۸ گیگابایت,,۵٬۰۰۰٬۰۰۰ تومان,آبی Indigo
اپل iPhone 13 Pro Max,نو,۲ عدد,اصل,۵۱۲ گیگابایت,۶ گیگابایت,۹۸٬۵۰۰٬۰۰۰ تومان,طلایی
آنر 30 Pro,نو,۲ عدد,اصل,۲۵۶ گیگابایت,۸ گیگابایت,۱۰٬۰۰۰٬۰۰۰ تومان,مشکی Midnight
سامسونگ Galaxy S21 Ultra 5G,در حد نو,۲ عدد,اصل,۲۵۶ گیگابایت,۱۲ گیگابایت,۲۶٬۸۵۰٬۰۰۰ تومان,مشکی Phantom
اپل iPhone 11,در حد نو,۱ عدد,اصل,۲۵۶ گیگابایت,۴ گیگابایت,۱۰٬۰۰۰٬۰۰۰ تومان,سبز
اپل iPhone 7 Plus,نو,۱ عدد,اصل,۲۵۶ گیگابایت,۳ گیگابایت,۸٬۵۰۰٬۰۰۰ تومان,قرمز
نوکیا,در حد نو,,اصل,,,۹۵۰٬۰۰۰ تومان,
سامسونگ Galaxy J7 (2018),کارکرده,۲ عدد,اصل,۱۶ گیگابایت,۲ گیگابایت,۲٬۰۰۰٬۰۰۰ تومان,طلایی
اچ‌تی‌سی One E9s dual sim,در حد نو,۲ عدد,اصل,۱۶ گیگابایت,۲ گیگابایت,۱٬۳۰۰٬۰۰۰ تومان (مقطوع),خاکستری Meteor
اپل iPhone 13 Pro Max,در حد نو,۲ عدد,اصل,۱۲۸ گیگابایت,۶ گیگابایت,۳۵٬۰۰۰٬۰۰۰ تومان,graphite
اپل iPhone 11 Pro Max,در حد نو,۲ عدد,اصل,۲۵۶ گیگابایت,۴ گیگابایت,۱۵٬۰۰۰٬۰۰۰ تومان,خاکستری Matte Space
اپل iPhone 6,کارکرده,۱ عدد,اصل,۶۴ گیگابایت,۱ گیگابایت,۳٬۵۰۰٬۰۰۰ تومان (مقطوع),نقره‌ای
اپل iPhone 13 Pro Max,در حد نو,۱ عدد,اصل,۱۲۸ گیگابایت,۶ گیگابایت,۷۰٬۰۰۰٬۰۰۰ تومان,graphite
سامسونگ Galaxy Note 3,در حد نو,۱ عدد,اصل,,۳ گیگابایت,۱٬۲۵۰٬۰۰۰ تومان,
آنر 10 Lite,در حد نو,۲ عدد,اصل,۶۴ گیگابایت,۳ گیگابایت,۳٬۵۰۰٬۰۰۰ تومان,آبی Sky
سایر,کارکرده,۱ عدد,اصل,,,۴۰۰٬۰۰۰ تومان (مقطوع),
اپل iPhone 13,در حد نو,۲ عدد,اصل,۱۲۸ گیگابایت,۴ گیگابایت,۴۲٬۹۰۰٬۰۰۰ تومان (مقطوع),سفید starlight
سایر,در حد نو,۱ عدد,اصل,۶۴ گیگابایت,۸ گیگابایت,۵٬۰۰۰٬۰۰۰ تومان,
اپل iPhone 11,در حد نو,۲ عدد,اصل,۱۲۸ گیگابایت,۴ گیگابایت,۱۰٬۰۰۰٬۰۰۰ تومان,مشکی
اپل iPhone 12,در حد نو,۲ عدد,اصل,۱۲۸ گیگابایت,۴ گیگابایت,۱۳٬۰۰۰٬۰۰۰ تومان,مشکی
اپل iPhone SE (2020),در حد نو,۱ عدد,اصل,۱۲۸ گیگابایت,۳ گیگابایت,۱۲٬۸۰۰٬۰۰۰ تومان,مشکی
اپل iPhone 12,در حد نو,۱ عدد,اصل,۲۵۶ گیگابایت,۴ گیگابایت,۶٬۰۰۰٬۰۰۰ تومان,آبی
اپل iPhone 12 Pro,در حد نو,۱ عدد,اصل,۲۵۶ گیگابایت,۶ گیگابایت,۴۰٬۰۰۰٬۰۰۰ تومان,طلایی
اپل iPhone 12 Pro,کارکرده,۲ عدد,اصل,۲۵۶ گیگابایت,۶ گیگابایت,۱۸٬۰۰۰٬۰۰۰ تومان,آبی Pacific
اپل iPhone 12 Pro Max,در حد نو,۱ عدد,اصل,۲۵۶ گیگابایت,۶ گیگابایت,۲۳٬۰۰۰٬۰۰۰ تومان,آبی Pacific
اپل iPhone 12,نو,۲ عدد,اصل,۱۲۸ گیگابایت,۴ گیگابایت,۱۳٬۰۰۰٬۰۰۰ تومان,مشکی
سامسونگ Galaxy J5,در حد نو,۲ عدد,اصل,۱۶ گیگابایت,۱.۵ گیگابایت,۲٬۲۰۰٬۰۰۰ تومان,طلایی
اپل iPhone 6s,در حد نو,۱ عدد,اصل,,۲ گیگابایت,۳٬۲۴۰٬۰۰۰ تومان,
اپل iPhone 13 Pro,در حد نو,۲ عدد,اصل,۲۵۶ گیگابایت,۶ گیگابایت,۳۲٬۰۰۰٬۰۰۰ تومان,طلایی
شیائومی Redmi 8,در حد نو,۲ عدد,اصل,,,۱٬۳۰۰٬۰۰۰ تومان,
اپل iPhone 13,در حد نو,۲ عدد,اصل,۱۲۸ گیگابایت,۴ گیگابایت,۴۱٬۰۰۰٬۰۰۰ تومان,مشکی
سامسونگ Galaxy S5 Duos,در حد نو,۲ عدد,اصل,۱۶ گیگابایت,۲ گیگابایت,۱٬۰۰۰٬۰۰۰ تومان,
اپل iPhone SE (2020),در حد نو,۱ عدد,اصل,۱۲۸ گیگابایت,۳ گیگابایت,۱۰٬۸۰۰٬۰۰۰ تومان,مشکی
اپل iPhone 7 Plus,کارکرده,۱ عدد,اصل,۳۲ گیگابایت,۳ گیگابایت,۴٬۳۰۰٬۰۰۰ تومان,نقره‌ای
اپل iPhone 13,در حد نو,۲ عدد,اصل,۱۲۸ گیگابایت,۴ گیگابایت,۴۲٬۰۰۰٬۰۰۰ تومان,مشکی
سامسونگ Galaxy S9+,در حد نو,۲ عدد,اصل,۱۲۸ گیگابایت,۶ گیگابایت,۹٬۵۵۰٬۰۰۰ تومان,مشکی Midnight
اپل iPhone 12,در حد نو,۱ عدد,اصل,۱۲۸ گیگابایت,۴ گیگابایت,۳۲٬۰۰۰٬۰۰۰ تومان (مقطوع),مشکی
اپل iPhone 12 Pro,کارکرده,۲ عدد,اصل,۲۵۶ گیگابایت,۶ گیگابایت,۱۸٬۰۰۰٬۰۰۰ تومان,graphite
اپل iPhone SE (2020),در حد نو,۱ عدد,اصل,۱۲۸ گیگابایت,۳ گیگابایت,۱۱٬۸۰۰٬۰۰۰ تومان,سفید
اپل iPhone X,در حد نو,۱ عدد,اصل,,۳ گیگابایت,۱۳٬۵۰۰٬۰۰۰ تومان,
اپل iPhone 13 Pro,در حد نو,۲ عدد,اصل,,۶ گیگابایت,۵۸٬۰۰۰٬۰۰۰ تومان,
اپل iPhone 13,در حد نو,۲ عدد,اصل,,۴ گیگابایت,۳۷٬۵۰۰٬۰۰۰ تومان (مقطوع),
شیائومی Mi A3,در حد نو,۲ عدد,اصل,۶۴ گیگابایت,۶ گیگابایت,۳٬۵۰۰٬۰۰۰ تومان,آبی Not Just
سامسونگ Galaxy Grand Prime Plus,کارکرده,۲ عدد,اصل,۸ گیگابایت,۱.۵ گیگابایت,۱٬۶۰۰٬۰۰۰ تومان,طلایی
اپل iPhone 7,در حد نو,۱ عدد,اصل,۱۲۸ گیگابایت,۲ گیگابایت,۴٬۹۰۰٬۰۰۰ تومان,
اپل iPhone 13 Pro Max,در حد نو,۲ عدد,اصل,۲۵۶ گیگابایت,۶ گیگابایت,۷۴٬۸۰۰٬۰۰۰ تومان,
اپل iPhone 11 Pro Max,کارکرده,۲ عدد,اصل,۲۵۶ گیگابایت,۴ گیگابایت,۱۴٬۰۰۰٬۰۰۰ تومان,نقره‌ای Matte
اپل iPhone 11 Pro,در حد نو,۲ عدد,اصل,۲۵۶ گیگابایت,۴ گیگابایت,۷٬۰۰۰٬۰۰۰ تومان,خاکستری Matte Space
جی‌پلاس,در حد نو,,اصل,,,۳٬۸۵۰٬۰۰۰ تومان,
سایر,در حد نو,۱ عدد,اصل,۱۶ گیگابایت,مطرح نیست,۲٬۰۰۰٬۰۰۰ تومان (مقطوع),
نوکیا,کارکرده,,اصل,,,۴۰۰٬۰۰۰ تومان (مقطوع),
گوگل Pixel 4a 5G,کارکرده,۱ عدد,اصل,۱۲۸ گیگابایت,۶ گیگابایت,۱۷٬۰۰۰٬۰۰۰ تومان,مشکی Just
اپل iPhone 12 Pro,در حد نو,۲ عدد,اصل,۲۵۶ گیگابایت,۶ گیگابایت,۱۲٬۰۰۰٬۰۰۰ تومان,graphite
اپل iPhone XR,در حد نو,۱ عدد,اصل,۱۲۸ گیگابایت,۳ گیگابایت,۱۲٬۵۰۰٬۰۰۰ تومان,مشکی
سایر,کارکرده,۱ عدد,اصل,,,۷۰۰٬۰۰۰ تومان,
نوکیا,نو,,اصل,,,۱۲٬۰۰۰٬۰۰۰ تومان (مقطوع),
اپل iPhone 12 Pro,در حد نو,۱ عدد,اصل,۲۵۶ گیگابایت,۶ گیگابایت,۲۶٬۵۰۰٬۰۰۰ تومان (مقطوع),graphite
سامسونگ Galaxy S21 Ultra 5G,در حد نو,۲ عدد,اصل,۲۵۶ گیگابایت,۱۲ گیگابایت,۲۵٬۳۵۰٬۰۰۰ تومان,مشکی Phantom
اپل iPhone XS,در حد نو,۱ عدد,اصل,۲۵۶ گیگابایت,۴ گیگابایت,۱۹٬۴۵۰٬۰۰۰ تومان (مقطوع),
اپل iPhone 13 Pro Max,در حد نو,۱ عدد,اصل,۱۲۸ گیگابایت,۶ گیگابایت,۵۵٬۰۰۰٬۰۰۰ تومان,آبی Sierra
سامسونگ Galaxy S10 Lite,در حد نو,۲ عدد,اصل,۱۲۸ گیگابایت,۸ گیگابایت,۱۰٬۵۰۰٬۰۰۰ تومان,مشکی Prism
نوکیا,در حد نو,,اصل,,,۷۵۰٬۰۰۰ تومان,
اپل iPhone 12 mini,در حد نو,۱ عدد,اصل,۱۲۸ گیگابایت,۴ گیگابایت,۲۱٬۰۰۰٬۰۰۰ تومان,مشکی
اپل iPhone 13 Pro,در حد نو,۲ عدد,اصل,۲۵۶ گیگابایت,۶ گیگابایت,۷۳٬۵۰۰٬۰۰۰ تومان (مقطوع),graphite
شیائومی Redmi 9,در حد نو,۲ عدد,اصل,۶۴ گیگابایت,۴ گیگابایت,۵٬۷۰۰٬۰۰۰ تومان,خاکستری Carbon
اپل iPhone 13,نو,۲ عدد,اصل,۱۲۸ گیگابایت,۴ گیگابایت,۴۲٬۰۰۰٬۰۰۰ تومان,آبیmidnight
سامسونگ Galaxy S21 5G,در حد نو,۲ عدد,اصل,۲۵۶ گیگابایت,۸ گیگابایت,۱۴٬۵۰۰٬۰۰۰ تومان (مقطوع),خاکستری Phantom
نوکیا,کارکرده,,اصل,,,۱۲۳٬۴۵۶٬۷۶۷ تومان,
سایر,در حد نو,۲ عدد,اصل,,,۳۰٬۰۰۰٬۰۰۰ تومان (مقطوع),سفید
اپل iPhone 7 Plus,در حد نو,۱ عدد,اصل,۲۵۶ گیگابایت,۳ گیگابایت,۶٬۷۰۰٬۰۰۰ تومان,طلایی
اپل iPhone 13 Pro Max,در حد نو,۲ عدد,اصل,۲۵۶ گیگابایت,۶ گیگابایت,۶۵٬۰۰۰٬۰۰۰ تومان,آبی Sierra
سایر,نو,۲ عدد,اصل,۵۱۲ گیگابایت,۱۲ گیگابایت,۵۰٬۰۰۰ تومان,
شیائومی,کارکرده,,اصل,,,۴٬۱۰۰٬۰۰۰ تومان (مقطوع),
سونی Xperia L,کارکرده,۱ عدد,اصل,۸ گیگابایت,۱ گیگابایت,۴۰۰٬۰۰۰ تومان,سفید
سامسونگ Galaxy A32,نیاز به تعمیر,۲ عدد,اصل,,,۲٬۳۰۰٬۰۰۰ تومان,
شیائومی Redmi Note 8,در حد نو,۲ عدد,اصل,۳۲ گیگابایت,۴ گیگابایت,۴٬۰۰۰٬۰۰۰ تومان,آبی Neptune
سامسونگ Galaxy A3 (2017),در حد نو,۲ عدد,اصل,۱۶ گیگابایت,۲ گیگابایت,۴٬۰۰۰٬۰۰۰ تومان,طلایی Sand
اپل iPhone 11,نو,۲ عدد,اصل,۲۵۶ گیگابایت,۴ گیگابایت,۲۸٬۵۰۰٬۰۰۰ تومان,سفید
سونی اریکسون,در حد نو,,اصل,,,۱٬۳۰۰٬۰۰۰ تومان (مقطوع),
لنوو Phab2 Pro,در حد نو,۲ عدد,اصل,۶۴ گیگابایت,۴ گیگابایت,۷٬۰۰۰٬۰۰۰ تومان (مقطوع),
سونی اریکسون Ericsson Xperia neo V,نیاز به تعمیر,۱ عدد,اصل,۱ گیگابایت,۵۱۲ مگابایت,۲۰۰٬۰۰۰ تومان,
سامسونگ Galaxy A30,کارکرده,۲ عدد,اصل,۶۴ گیگابایت,۴ گیگابایت,۳٬۹۰۰٬۰۰۰ تومان (مقطوع),
سایر,کارکرده,۲ عدد,اصل,,,۳٬۶۵۰٬۰۰۰ تومان (مقطوع),
اپل iPhone 13 Pro Max,در حد نو,۲ عدد,اصل,۲۵۶ گیگابایت,۶ گیگابایت,۸۷٬۰۰۰٬۰۰۰ تومان,نقره‌ای
سامسونگ Galaxy Z Flip,در حد نو,۱ عدد,اصل,۲۵۶ گیگابایت,۸ گیگابایت,۱۹٬۰۰۰٬۰۰۰ تومان (مقطوع),مشکی Mirror
اپل iPhone 13,در حد نو,۲ عدد,اصل,,۴ گیگابایت,۴۰٬۰۰۰٬۰۰۰ تومان (مقطوع),
اپل iPhone 13,در حد نو,۲ عدد,اصل,,۴ گیگابایت,۳۸٬۰۰۰٬۰۰۰ تومان (مقطوع),
سامسونگ Galaxy S20 FE 5G,در حد نو,۱ عدد,اصل,۱۲۸ گیگابایت,۸ گیگابایت,۱۱٬۲۰۰٬۰۰۰ تومان,بنفش
نوکیا,کارکرده,,اصل,,,۴۰۰٬۰۰۰ تومان,
سایر,نیاز به تعمیر,۲ عدد,اصل,,,۱۱٬۱۱۱ تومان,
شیائومی Redmi Note 10,در حد نو,۲ عدد,اصل,۱۲۸ گیگابایت,۴ گیگابایت,۵٬۸۰۰٬۰۰۰ تومان,مشکی Shadow
سامسونگ Galaxy A21s,کارکرده,۲ عدد,اصل,۶۴ گیگابایت,,۴٬۹۰۰٬۰۰۰ تومان,مشکی
سامسونگ Galaxy S21 5G,در حد نو,۲ عدد,اصل,۲۵۶ گیگابایت,۸ گیگابایت,۱۵٬۰۰۰٬۰۰۰ تومان (مقطوع),خاکستری Phantom
اپل iPhone 7,نو,۱ عدد,اصل,۱۲۸ گیگابایت,۲ گیگابایت,۵٬۸۰۰٬۰۰۰ تومان (مقطوع),طلایی Rose
اپل iPhone 12,در حد نو,۲ عدد,اصل,۲۵۶ گیگابایت,۴ گیگابایت,۳۱٬۵۰۰٬۰۰۰ تومان,مشکی
اپل iPhone 13 Pro Max,در حد نو,۲ عدد,اصل,۲۵۶ گیگابایت,۶ گیگابایت,۶۳٬۰۰۰٬۰۰۰ تومان,
ال‌جی Velvet,در حد نو,۲ عدد,اصل,۱۲۸ گیگابایت,۶ گیگابایت,۱۲٬۵۰۰٬۰۰۰ تومان,نقره‌ای Aurora
اپل iPhone 13,نو,۲ عدد,اصل,۱۲۸ گیگابایت,۴ گیگابایت,۵۰٬۵۰۰٬۰۰۰ تومان (مقطوع),آبیmidnight
سایر,کارکرده,۲ عدد,غیر اصل,,۴ گیگابایت,۸۵۰٬۰۰۰ تومان,سفید
اپل iPhone X,در حد نو,۱ عدد,اصل,,۳ گیگابایت,۱۲٬۰۰۰٬۰۰۰ تومان,
سامسونگ I9502 Galaxy S4,نیاز به تعمیر,۲ عدد,اصل,۱۶ گیگابایت,۲ گیگابایت,۶۰۰٬۰۰۰ تومان,سفید Frost
اپل iPhone 13 Pro Max,در حد نو,۲ عدد,اصل,,۶ گیگابایت,۶۶٬۸۰۰٬۰۰۰ تومان,
اپل iPhone 7 Plus,کارکرده,۱ عدد,اصل,۲۵۶ گیگابایت,۳ گیگابایت,۶٬۵۰۰٬۰۰۰ تومان,مشکی
سامسونگ Galaxy A31,در حد نو,۲ عدد,اصل,۱۲۸ گیگابایت,۴ گیگابایت,۵٬۰۰۰٬۰۰۰ تومان,مشکی Prism Crush
سامسونگ Galaxy A3,کارکرده,۱ عدد,اصل,۱۶ گیگابایت,,۱٬۸۰۰٬۰۰۰ تومان,طلایی Champagne
اپل iPhone 12 Pro Max,در حد نو,۲ عدد,اصل,۲۵۶ گیگابایت,۶ گیگابایت,۴۷٬۰۰۰٬۰۰۰ تومان,آبی Pacific
اپل iPhone 13 Pro Max,در حد نو,۲ عدد,اصل,۲۵۶ گیگابایت,۶ گیگابایت,۱۳۵٬۰۰۰٬۰۰۰ تومان (مقطوع),graphite
شیائومی Redmi Note 8 Pro,در حد نو,۲ عدد,اصل,۱۲۸ گیگابایت,۶ گیگابایت,۶٬۰۰۰٬۰۰۰ تومان (مقطوع),مشکی
اپل iPhone 13,در حد نو,۲ عدد,اصل,۱۲۸ گیگابایت,۴ گیگابایت,۳۷٬۰۰۰٬۰۰۰ تومان,آبی
اپل iPhone 6,در حد نو,۱ عدد,اصل,,۱ گیگابایت,۳٬۶۰۰٬۰۰۰ تومان,
گوگل,در حد نو,,اصل,,,۱۹٬۱۰۰٬۰۰۰ تومان,
اپل iPhone 11 Pro,نو,۲ عدد,اصل,۲۵۶ گیگابایت,۴ گیگابایت,۲۳٬۰۰۰٬۰۰۰ تومان (مقطوع),طلایی Matte
اپل iPhone XR,در حد نو,۱ عدد,اصل,۲۵۶ گیگابایت,۳ گیگابایت,۱۶٬۰۰۰٬۰۰۰ تومان (مقطوع),زرد
هواوی Ascend Y300,در حد نو,۱ عدد,اصل,۴ گیگابایت,۵۱۲ مگابایت,۵۰۰٬۰۰۰ تومان (مقطوع),
اپل iPhone 11 Pro,در حد نو,۱ عدد,اصل,۲۵۶ گیگابایت,۴ گیگابایت,۲۸٬۵۰۰٬۰۰۰ تومان (مقطوع),
اپل iPhone 13,در حد نو,۲ عدد,اصل,۱۲۸ گیگابایت,۴ گیگابایت,۴۳٬۵۰۰٬۰۰۰ تومان (مقطوع),مشکی
اپل iPhone 13 Pro Max,در حد نو,۲ عدد,اصل,۲۵۶ گیگابایت,۶ گیگابایت,۸۷٬۰۰۰٬۰۰۰ تومان,آبی Sierra
اپل iPhone XS Max,کارکرده,۲ عدد,اصل,۲۵۶ گیگابایت,۴ گیگابایت,۱۵٬۵۰۰٬۰۰۰ تومان,طلایی
اپل iPhone 11,در حد نو,۲ عدد,اصل,۶۴ گیگابایت,۴ گیگابایت,۱۶٬۵۰۰٬۰۰۰ تومان,سفید
سامسونگ Galaxy A9 (2018),در حد نو,۲ عدد,اصل,۱۲۸ گیگابایت,۶ گیگابایت,۵٬۱۵۰٬۰۰۰ تومان,آبی Lemonade
هواوی Y6 (2019),در حد نو,۲ عدد,اصل,۳۲ گیگابایت,۲ گیگابایت,۲٬۵۰۰٬۰۰۰ تومان,مشکی Midnight
اپل iPhone 13 Pro Max,در حد نو,۲ عدد,اصل,۲۵۶ گیگابایت,۶ گیگابایت,۸۸٬۰۰۰٬۰۰۰ تومان,آبی Sierra
اپل iPhone 13 Pro Max,کارکرده,۲ عدد,اصل,۲۵۶ گیگابایت,۶ گیگابایت,۹۵٬۰۰۰٬۰۰۰ تومان,
سونی اریکسون,نو,,اصل,,,۷٬۰۰۰٬۰۰۰ تومان (مقطوع),
نوکیا,کارکرده,,اصل,,,۱۱٬۱۱۱ تومان,
هواوی Y5 lite (2018),در حد نو,۲ عدد,اصل,۱۶ گیگابایت,۱ گیگابایت,۱٬۸۰۰٬۰۰۰ تومان,
سامسونگ Galaxy A7 (2018),کارکرده,۲ عدد,اصل,۱۲۸ گیگابایت,۴ گیگابایت,۴٬۰۰۰٬۰۰۰ تومان,مشکی
اپل iPhone X,در حد نو,۱ عدد,اصل,۲۵۶ گیگابایت,۳ گیگابایت,۱۴٬۰۰۰٬۰۰۰ تومان (مقطوع),خاکستری Space
سامسونگ,در حد نو,,اصل,,,۳٬۰۰۰٬۰۰۰ تومان,
اپل iPhone 13,در حد نو,۲ عدد,اصل,۱۲۸ گیگابایت,۴ گیگابایت,۴۵٬۰۰۰٬۰۰۰ تومان (مقطوع),مشکی
اپل iPhone XS,در حد نو,۱ عدد,اصل,۶۴ گیگابایت,۴ گیگابایت,۱۴٬۰۰۰٬۰۰۰ تومان (مقطوع),خاکستری Space
اپل iPhone 13,نو,۲ عدد,اصل,,۴ گیگابایت,۶۳٬۵۰۰٬۰۰۰ تومان,
نوکیا,در حد نو,,اصل,,,۱۲٬۳۴۵ تومان,
اپل iPhone 7 Plus,در حد نو,۱ عدد,اصل,۱۲۸ گیگابایت,۳ گیگابایت,۷٬۵۰۰٬۰۰۰ تومان,مشکی
اپل iPhone 12 Pro Max,در حد نو,۲ عدد,اصل,۲۵۶ گیگابایت,۶ گیگابایت,۵۰٬۰۰۰٬۰۰۰ تومان (مقطوع),graphite
شیائومی 11T Pro,نو,۲ عدد,اصل,,,۱۷٬۴۰۰٬۰۰۰ تومان (مقطوع),
سایر,نو,۲ عدد,اصل,,۸ گیگابایت,۷٬۰۰۰٬۰۰۰ تومان (مقطوع),مشکی
اپل iPhone 13,نو,۲ عدد,اصل,,۴ گیگابایت,۴۵٬۰۰۰٬۰۰۰ تومان (مقطوع),سفید starlight
اپل iPhone 12,نو,۲ عدد,اصل,۱۲۸ گیگابایت,۴ گیگابایت,۴۸٬۰۰۰٬۰۰۰ تومان,مشکی
شیائومی Redmi 9A,نیاز به تعمیر,۲ عدد,اصل,۳۲ گیگابایت,۲ گیگابایت,۱٬۷۰۰٬۰۰۰ تومان (مقطوع),آبی Sky
اپل iPhone 13,در حد نو,۲ عدد,اصل,۱۲۸ گیگابایت,۴ گیگابایت,۴۴٬۰۰۰٬۰۰۰ تومان (مقطوع),سفید starlight
اپل iPhone 13 Pro Max,در حد نو,۱ عدد,اصل,۲۵۶ گیگابایت,۶ گیگابایت,۷۰٬۰۰۰٬۰۰۰ تومان (مقطوع),آبی Sierra
اپل iPhone 13,در حد نو,۲ عدد,اصل,۲۵۶ گیگابایت,۴ گیگابایت,۴۷٬۸۰۰٬۰۰۰ تومان,آبیmidnight
نوکیا,در حد نو,,اصل,,,۱۲٬۳۴۵ تومان,
ایسوس ROG Phone II ZS660KL,نو,۲ عدد,اصل,۱ ترابایت,۱۲ گیگابایت,۱۰٬۰۰۰٬۰۰۰ تومان,مشکی Glossy
اپل iPhone 12 Pro Max,در حد نو,۱ عدد,اصل,۲۵۶ گیگابایت,۶ گیگابایت,۵۲٬۰۰۰٬۰۰۰ تومان (مقطوع),آبی Pacific
سونی اریکسون Ericsson Xperia X8,نیاز به تعمیر,۱ عدد,اصل,مطرح نیست,مطرح نیست,۶۰۰٬۰۰۰ تومان,
شیائومی Redmi Note 10 Pro Max,در حد نو,۲ عدد,اصل,۱۲۸ گیگابایت,۶ گیگابایت,۶٬۱۰۰٬۰۰۰ تومان,آبی Glacial
سامسونگ,کارکرده,,اصل,,,۵٬۰۰۰٬۰۰۰ تومان,
اپل iPhone 7 Plus,در حد نو,۱ عدد,اصل,,۳ گیگابایت,۶٬۰۰۰٬۰۰۰ تومان,
اپل iPhone 13 Pro,در حد نو,۱ عدد,اصل,۱ ترابایت,۶ گیگابایت,۶۵٬۰۰۰٬۰۰۰ تومان,graphite
اپل iPhone 11 Pro,در حد نو,۱ عدد,اصل,۵۱۲ گیگابایت,۴ گیگابایت,۳۵٬۵۰۰٬۰۰۰ تومان,طلایی Matte
اپل iPhone 13,در حد نو,۲ عدد,اصل,۱۲۸ گیگابایت,۴ گیگابایت,۴۲٬۹۰۰٬۰۰۰ تومان,صورتی
سایر,نیاز به تعمیر,۱ عدد,اصل,,,۱٬۱۱۱٬۱۱۱ تومان,
شیائومی Redmi Note 8,کارکرده,۲ عدد,اصل,۶۴ گیگابایت,۴ گیگابایت,۳٬۴۰۰٬۰۰۰ تومان,مشکی Space
سامسونگ Galaxy J1,کارکرده,۲ عدد,اصل,۴ گیگابایت,۵۱۲ مگابایت,۱٬۷۵۹٬۰۰۰ تومان,مشکی
اپل iPhone 13,در حد نو,۲ عدد,اصل,۱۲۸ گیگابایت,۴ گیگابایت,۴۰٬۰۰۰٬۰۰۰ تومان (مقطوع),سفید starlight
اپل iPhone 13 Pro,نو,۱ عدد,اصل,,۶ گیگابایت,۷۹٬۵۰۰٬۰۰۰ تومان,
اپل iPhone 13,نو,۲ عدد,اصل,۱۲۸ گیگابایت,۴ گیگابایت,۴۹٬۹۰۰٬۰۰۰ تومان (مقطوع),مشکی
سامسونگ Galaxy A12 Nacho,در حد نو,۲ عدد,اصل,۶۴ گیگابایت,۴ گیگابایت,۵٬۲۰۰٬۰۰۰ تومان,
نوکیا,در حد نو,,اصل,,,۱٬۲۳۴ تومان,
اپل iPhone 11,در حد نو,۲ عدد,اصل,۱۲۸ گیگابایت,۴ گیگابایت,۱٬۰۰۰٬۰۰۰ تومان,مشکی
اپل iPhone 13,در حد نو,۲ عدد,اصل,۱۲۸ گیگابایت,۴ گیگابایت,۴۲٬۵۰۰٬۰۰۰ تومان,آبی
اپل iPhone 12 Pro,در حد نو,۲ عدد,اصل,۲۵۶ گیگابایت,۶ گیگابایت,۲۲٬۴۰۰٬۰۰۰ تومان,آبی Pacific
اپل iPhone 13 Pro,در حد نو,۲ عدد,اصل,۲۵۶ گیگابایت,۶ گیگابایت,۳۲٬۰۰۰٬۰۰۰ تومان,نقره‌ای
اپل iPhone 13 Pro Max,در حد نو,۲ عدد,اصل,۲۵۶ گیگابایت,۶ گیگابایت,۳۲٬۰۰۰٬۰۰۰ تومان,graphite
سامسونگ Galaxy J4 Core,کارکرده,۲ عدد,اصل,۱۶ گیگابایت,۱ گیگابایت,۲٬۱۰۰٬۰۰۰ تومان,مشکی
شیائومی Redmi 6,کارکرده,۲ عدد,اصل,,,۲٬۵۰۰٬۰۰۰ تومان,مشکی
اپل iPhone 13 Pro Max,نو,۲ عدد,اصل,۲۵۶ گیگابایت,۶ گیگابایت,۴۰٬۰۰۰٬۰۰۰ تومان,graphite
اپل iPhone 13 Pro,در حد نو,۲ عدد,اصل,۲۵۶ گیگابایت,۶ گیگابایت,۳۶٬۰۰۰٬۰۰۰ تومان,طلایی
سامسونگ Galaxy S6 Duos,در حد نو,۲ عدد,اصل,۳۲ گیگابایت,۳ گیگابایت,۲٬۹۰۰٬۰۰۰ تومان,
اپل iPhone 11 Pro,در حد نو,۱ عدد,اصل,۲۵۶ گیگابایت,۴ گیگابایت,۲۰٬۰۰۰٬۰۰۰ تومان (مقطوع),طلایی Matte
سامسونگ Galaxy A51,در حد نو,۲ عدد,اصل,۱۲۸ گیگابایت,۶ گیگابایت,۵٬۸۰۰٬۰۰۰ تومان,آبی Prism Crush
شیائومی Poco X3,در حد نو,۲ عدد,اصل,۱۲۸ گیگابایت,۸ گیگابایت,۷٬۰۰۰٬۰۰۰ تومان,آبی Cobalt
سایر,نو,۲ عدد,اصل,۵۱۲ گیگابایت,۱۲ گیگابایت,۵۰٬۰۰۰ تومان,
سامسونگ Galaxy M32,کارکرده,۲ عدد,اصل,۱۲۸ گیگابایت,۶ گیگابایت,۵٬۶۰۰٬۰۰۰ تومان,مشکی
موتورولا,در حد نو,,اصل,,,۱٬۵۰۰٬۰۰۰ تومان,
سایر,کارکرده,۱ عدد,اصل,,,۷۰۰٬۰۰۰ تومان,
اپل iPhone 13 Pro,کارکرده,۱ عدد,اصل,۱۲۸ گیگابایت,۶ گیگابایت,۵۹٬۰۰۰٬۰۰۰ تومان,graphite
نوکیا,در حد نو,,اصل,,,۳٬۸۰۰٬۰۰۰ تومان,
سامسونگ Galaxy A31,در حد نو,۲ عدد,اصل,۱۲۸ گیگابایت,۴ گیگابایت,۴٬۹۰۰٬۰۰۰ تومان,آبی Prism Crush
اپل iPhone XR,در حد نو,۱ عدد,اصل,۶۴ گیگابایت,۳ گیگابایت,۱۰٬۰۰۰٬۰۰۰ تومان,
سامسونگ Galaxy Note10+,در حد نو,۲ عدد,اصل,۲۵۶ گیگابایت,۱۲ گیگابایت,۱۸٬۰۰۰٬۰۰۰ تومان,مشکی Aura
اپل iPhone 11,نو,۲ عدد,اصل,۱۲۸ گیگابایت,۴ گیگابایت,۲۴٬۹۰۰٬۰۰۰ تومان,سفید
سامسونگ,نو,,اصل,,,۶٬۲۰۰٬۰۰۰ تومان (مقطوع),
اپل iPhone 8 Plus,در حد نو,۱ عدد,اصل,۲۵۶ گیگابایت,۳ گیگابایت,۸٬۵۰۰٬۰۰۰ تومان (مقطوع),طلایی
ال‌جی,کارکرده,,اصل,,,۶۰۰٬۰۰۰ تومان (مقطوع),
اپل iPhone 7,نو,۱ عدد,اصل,۱۲۸ گیگابایت,۲ گیگابایت,۲٬۵۰۰٬۰۰۰ تومان (مقطوع),طلایی Rose
اپل iPhone 6 Plus,کارکرده,۱ عدد,اصل,,۱ گیگابایت,۴٬۰۰۰٬۰۰۰ تومان,نقره‌ای
سامسونگ Galaxy S10+,کارکرده,۲ عدد,اصل,۵۱۲ گیگابایت,۸ گیگابایت,۱۳٬۵۰۰٬۰۰۰ تومان (مقطوع),سفید Ceramic
شیائومی Poco M3,در حد نو,۲ عدد,اصل,۱۲۸ گیگابایت,۴ گیگابایت,۴٬۳۰۰٬۰۰۰ تومان,مشکی Power
اپل iPhone X,نو,۱ عدد,اصل,۶۴ گیگابایت,۳ گیگابایت,۱۱٬۹۰۰٬۰۰۰ تومان,نقره‌ای
نوکیا 5,کارکرده,۲ عدد,اصل,۱۶ گیگابایت,۲ گیگابایت,۱٬۵۰۰٬۰۰۰ تومان (مقطوع),آبی Tempered
سامسونگ Galaxy A21s,نیاز به تعمیر,۲ عدد,اصل,۶۴ گیگابایت,۴ گیگابایت,۲٬۰۰۰٬۰۰۰ تومان,مشکی
سامسونگ Galaxy S6,کارکرده,۱ عدد,اصل,,۳ گیگابایت,۲٬۷۰۰٬۰۰۰ تومان,
اپل iPhone 8,در حد نو,۱ عدد,اصل,۶۴ گیگابایت,۲ گیگابایت,۷٬۲۰۰٬۰۰۰ تومان,طلایی
اپل iPhone 13 Pro,در حد نو,۲ عدد,اصل,۲۵۶ گیگابایت,۶ گیگابایت,۷۷٬۰۰۰٬۰۰۰ تومان,graphite
اپل iPhone 8 Plus,در حد نو,۱ عدد,اصل,۲۵۶ گیگابایت,۳ گیگابایت,۱۰٬۵۰۰٬۰۰۰ تومان (مقطوع),نقره‌ای
سامسونگ Galaxy S21+ 5G,نو,۲ عدد,اصل,۲۵۶ گیگابایت,۸ گیگابایت,۲۰٬۸۰۰٬۰۰۰ تومان (مقطوع),قهوه‌ای Phantom
اپل iPhone 13,نو,۱ عدد,اصل,۲۵۶ گیگابایت,۴ گیگابایت,۶۰٬۰۰۰٬۰۰۰ تومان,سفید starlight
اپل iPhone 13 Pro,در حد نو,۲ عدد,اصل,۲۵۶ گیگابایت,۶ گیگابایت,۷۳٬۰۰۰٬۰۰۰ تومان,graphite
نوکیا,نو,۲ عدد,اصل,مطرح نیست,مطرح نیست,۵۸۰٬۰۰۰ تومان,
سامسونگ Galaxy A5,نو,۱ عدد,اصل,۱۶ گیگابایت,۲ گیگابایت,۱٬۵۰۰٬۰۰۰ تومان,
اپل iPhone 11 Pro,در حد نو,۲ عدد,اصل,۲۵۶ گیگابایت,۴ گیگابایت,۳۲٬۰۰۰٬۰۰۰ تومان,سبز Matte Midnight
شیائومی Redmi 9A,نو,۲ عدد,اصل,۳۲ گیگابایت,۲ گیگابایت,۲٬۵۰۰٬۰۰۰ تومان,
سامسونگ Galaxy A70,در حد نو,۲ عدد,اصل,۱۲۸ گیگابایت,۶ گیگابایت,۴٬۹۰۰٬۰۰۰ تومان,مشکی
اپل,نو,۲ عدد,اصل,۱۲۸ گیگابایت,۴ گیگابایت,۲۰٬۰۰۰٬۰۰۰ تومان,سفید starlight
اپل iPhone 11 Pro Max,نو,۲ عدد,اصل,۲۵۶ گیگابایت,۴ گیگابایت,۱۰٬۰۰۰٬۰۰۰ تومان,خاکستری Matte Space
سامسونگ Galaxy A32,نیاز به تعمیر,۲ عدد,اصل,۱۲۸ گیگابایت,۶ گیگابایت,۳٬۲۰۰٬۰۰۰ تومان,سفید Awesome
اپل,نو,۲ عدد,اصل,۲۵۶ گیگابایت,۸ گیگابایت,۱۰٬۰۰۰٬۰۰۰ تومان,
اپل iPhone 11 Pro Max,در حد نو,۲ عدد,اصل,۲۵۶ گیگابایت,۴ گیگابایت,۲۶٬۰۰۰٬۰۰۰ تومان,سبز Matte Midnight
آنر,نیاز به تعمیر,,اصل,,,۱٬۰۰۰٬۰۰۰ تومان,
سامسونگ Galaxy M32,در حد نو,۲ عدد,اصل,۱۲۸ گیگابایت,۶ گیگابایت,۹٬۸۰۰٬۰۰۰ تومان,مشکی
اپل iPhone 13,در حد نو,۲ عدد,اصل,۱۲۸ گیگابایت,۴ گیگابایت,۴۵٬۰۰۰٬۰۰۰ تومان (مقطوع),سفید starlight
اپل iPhone 11 Pro Max,در حد نو,۲ عدد,اصل,۲۵۶ گیگابایت,۴ گیگابایت,۱۵٬۰۰۰٬۰۰۰ تومان,نقره‌ای Matte
نوکیا,نیاز به تعمیر,,اصل,,,۳۰۰٬۰۰۰ تومان (مقطوع),
اپل iPhone 13 Pro,در حد نو,۱ عدد,اصل,۵۱۲ گیگابایت,۶ گیگابایت,۳۲٬۰۰۰٬۰۰۰ تومان,طلایی
اپل iPhone 13,نو,۲ عدد,اصل,۱۲۸ گیگابایت,۴ گیگابایت,۵۰٬۰۰۰٬۰۰۰ تومان (مقطوع),سفید starlight
اپل iPhone 11,نو,۲ عدد,اصل,۱۲۸ گیگابایت,۴ گیگابایت,۲۶٬۵۰۰٬۰۰۰ تومان,بنفش
اپل iPhone XS,در حد نو,۱ عدد,اصل,۶۴ گیگابایت,۴ گیگابایت,۱۴٬۴۸۰٬۰۰۰ تومان,خاکستری Space
اپل iPhone 6 Plus,کارکرده,۱ عدد,اصل,,۱ گیگابایت,۳٬۲۰۰٬۰۰۰ تومان (مقطوع),طلایی
سامسونگ Galaxy S9+,کارکرده,۲ عدد,اصل,۶۴ گیگابایت,۶ گیگابایت,۸٬۰۰۰٬۰۰۰ تومان (مقطوع),مشکی Midnight
سامسونگ Galaxy A12,در حد نو,۲ عدد,اصل,۶۴ گیگابایت,۴ گیگابایت,۴٬۳۰۰٬۰۰۰ تومان,سفید
سامسونگ Galaxy S7 edge,نیاز به تعمیر,۲ عدد,اصل,,۴ گیگابایت,۱٬۸۵۰٬۰۰۰ تومان,
اپل iPhone XR,در حد نو,۱ عدد,اصل,۱۲۸ گیگابایت,۳ گیگابایت,۱۱٬۵۰۰٬۰۰۰ تومان,مشکی
اپل iPhone 13,در حد نو,۲ عدد,اصل,۱۲۸ گیگابایت,۴ گیگابایت,۳۹٬۸۰۰٬۰۰۰ تومان,صورتی
سامسونگ Galaxy A70,کارکرده,۲ عدد,اصل,۱۲۸ گیگابایت,۶ گیگابایت,۴٬۷۰۰٬۰۰۰ تومان,سفید
اپل iPhone 13,نو,۲ عدد,اصل,۱۲۸ گیگابایت,۴ گیگابایت,۴۷٬۰۰۰٬۰۰۰ تومان,مشکی
اپل iPhone 13,نو,۲ عدد,اصل,۱۲۸ گیگابایت,۴ گیگابایت,۴۸٬۰۰۰٬۰۰۰ تومان (مقطوع),مشکی
اپل iPhone 13,نو,۲ عدد,اصل,۱۲۸ گیگابایت,۴ گیگابایت,۸٬۰۰۰٬۰۰۰ تومان,سفید starlight
اپل iPhone 12 Pro,در حد نو,۲ عدد,اصل,۲۵۶ گیگابایت,۶ گیگابایت,۹٬۲۵۰٬۰۰۰ تومان,آبی Pacific
اپل iPhone SE,در حد نو,۱ عدد,اصل,۱۲۸ گیگابایت,۲ گیگابایت,۱۱٬۸۰۰٬۰۰۰ تومان (مقطوع),خاکستری Space
شیائومی Poco X3 GT,کارکرده,۲ عدد,اصل,۱۲۸ گیگابایت,۸ گیگابایت,۶٬۰۰۰٬۰۰۰ تومان (مقطوع),آبی Wave
وان پلاس 7 Pro,در حد نو,۲ عدد,اصل,۲۵۶ گیگابایت,۸ گیگابایت,۱۱٬۵۰۰٬۰۰۰ تومان (مقطوع),آبی Nebula
اپل iPhone 8 Plus,در حد نو,۱ عدد,اصل,۶۴ گیگابایت,۳ گیگابایت,۹٬۵۰۰٬۰۰۰ تومان,نقره‌ای
اپل iPhone X,کارکرده,۱ عدد,اصل,۲۵۶ گیگابایت,۳ گیگابایت,۱۲٬۵۰۰٬۰۰۰ تومان,خاکستری Space
شیائومی Poco X3 Pro,کارکرده,۲ عدد,اصل,۲۵۶ گیگابایت,۸ گیگابایت,۷٬۲۰۰٬۰۰۰ تومان,آبی Frost
اپل,نو,۲ عدد,اصل,۲۵۶ گیگابایت,۶ گیگابایت,۴۵٬۰۰۰٬۰۰۰ تومان,
اپل iPhone 11,کارکرده,۲ عدد,اصل,,۴ گیگابایت,۲۴٬۸۰۰٬۰۰۰ تومان,
اپل iPhone 12 Pro Max,نو,۲ عدد,اصل,۲۵۶ گیگابایت,۶ گیگابایت,۵۳٬۰۰۰٬۰۰۰ تومان,graphite
اپل iPhone 13 Pro Max,در حد نو,۱ عدد,اصل,۵۱۲ گیگابایت,۶ گیگابایت,۸۰٬۰۰۰٬۰۰۰ تومان,نقره‌ای
اچ‌تی‌سی One S9,نیاز به تعمیر,۱ عدد,اصل,۱۶ گیگابایت,۲ گیگابایت,۷۵۰٬۰۰۰ تومان,طلایی
اپل iPhone 13,در حد نو,۲ عدد,اصل,۱۲۸ گیگابایت,۴ گیگابایت,۴۲٬۵۰۰٬۰۰۰ تومان,قرمز
اپل iPhone 13,نو,۲ عدد,اصل,۱۲۸ گیگابایت,۴ گیگابایت,۴۹٬۴۰۰٬۰۰۰ تومان,
سامسونگ Galaxy A21s,کارکرده,۲ عدد,اصل,۶۴ گیگابایت,۶ گیگابایت,۴٬۵۰۰٬۰۰۰ تومان,آبی
اپل iPhone 11 Pro Max,در حد نو,۲ عدد,اصل,۲۵۶ گیگابایت,۴ گیگابایت,۱۳٬۷۰۰٬۰۰۰ تومان,خاکستری Matte Space
اپل iPhone XS Max,در حد نو,۱ عدد,اصل,۲۵۶ گیگابایت,۴ گیگابایت,۹٬۰۰۰٬۰۰۰ تومان,خاکستری Space
اپل iPhone 12,در حد نو,۲ عدد,اصل,۱۲۸ گیگابایت,۴ گیگابایت,۱۰٬۰۰۰٬۰۰۰ تومان,آبی
اپل iPhone 7,در حد نو,۱ عدد,اصل,۱۲۸ گیگابایت,۲ گیگابایت,۵٬۴۰۰٬۰۰۰ تومان,طلایی Rose
نوکیا,در حد نو,,اصل,,,۱۸٬۰۰۰٬۰۰۰ تومان,
اپل iPhone 13,نو,۲ عدد,اصل,۱۲۸ گیگابایت,۴ گیگابایت,۴۳٬۰۰۰٬۰۰۰ تومان,سفید starlight
سامسونگ Galaxy A51 5G,در حد نو,۲ عدد,اصل,۱۲۸ گیگابایت,۶ گیگابایت,۵٬۶۰۰٬۰۰۰ تومان (مقطوع),صورتی Prism Cube
سایر,در حد نو,۲ عدد,اصل,۶۴ گیگابایت,۸ گیگابایت,۷٬۲۰۰٬۰۰۰ تومان,مشکی
اپل iPhone 13 Pro,در حد نو,۲ عدد,اصل,۲۵۶ گیگابایت,۶ گیگابایت,۶۸٬۰۰۰٬۰۰۰ تومان,آبی Sierra
سامسونگ Galaxy A32 5G,نو,۲ عدد,اصل,۱۲۸ گیگابایت,۸ گیگابایت,۷٬۳۰۰٬۰۰۰ تومان (مقطوع),آبی Awesome
اپل,نو,۲ عدد,اصل,۱۲۸ گیگابایت,۶ گیگابایت,۲۱٬۰۰۰٬۰۰۰ تومان,
اپل iPhone 11 Pro,در حد نو,۲ عدد,اصل,۲۵۶ گیگابایت,۴ گیگابایت,۱۵٬۰۰۰٬۰۰۰ تومان,سبز Matte Midnight
اپل iPhone 12 Pro Max,در حد نو,۲ عدد,اصل,۲۵۶ گیگابایت,۶ گیگابایت,۲۲٬۰۰۰٬۰۰۰ تومان,graphite
اپل iPhone 13 Pro Max,نو,۲ عدد,اصل,,۶ گیگابایت,۱۲۰٬۰۰۰٬۰۰۰ تومان,
اپل iPhone 13 Pro Max,نو,۲ عدد,اصل,۲۵۶ گیگابایت,۶ گیگابایت,۹۳٬۰۰۰٬۰۰۰ تومان,graphite
اپل iPhone 13 Pro Max,نو,۲ عدد,اصل,۲۵۶ گیگابایت,۶ گیگابایت,۳۰٬۰۰۰٬۰۰۰ تومان,آبی Sierra
سامسونگ Galaxy S21,در حد نو,۲ عدد,اصل,۱۲۸ گیگابایت,۸ گیگابایت,۱۵٬۵۰۰٬۰۰۰ تومان,خاکستری Phantom
اپل iPhone 4,نیاز به تعمیر,۱ عدد,اصل,۳۲ گیگابایت,۵۱۲ مگابایت,۲٬۰۰۰٬۰۰۰ تومان,مشکی
شیائومی Poco X3 GT,در حد نو,۲ عدد,اصل,۲۵۶ گیگابایت,۸ گیگابایت,۶٬۹۰۰٬۰۰۰ تومان,مشکی Stargaze
اپل iPhone 12 Pro,در حد نو,۲ عدد,اصل,۲۵۶ گیگابایت,۶ گیگابایت,۱۵٬۰۰۰٬۰۰۰ تومان,آبی Pacific
اپل iPhone 11 Pro Max,کارکرده,۲ عدد,اصل,۶۴ گیگابایت,۴ گیگابایت,۶٬۵۰۰٬۰۰۰ تومان,سبز Matte Midnight
اوپو,نو,,اصل,,,۵٬۴۰۰٬۰۰۰ تومان,
اپل iPhone 12 Pro,در حد نو,۲ عدد,اصل,۲۵۶ گیگابایت,۶ گیگابایت,۹٬۰۰۰٬۰۰۰ تومان,آبی Pacific
اپل iPhone 11 Pro,کارکرده,۱ عدد,اصل,۶۴ گیگابایت,۴ گیگابایت,۲۲٬۰۰۰٬۰۰۰ تومان,خاکستری Matte Space
اپل iPhone 13,در حد نو,۲ عدد,اصل,۱۲۸ گیگابایت,۴ گیگابایت,۴۰٬۸۰۰٬۰۰۰ تومان,مشکی
اپل iPhone 13,در حد نو,۲ عدد,اصل,۱۲۸ گیگابایت,۴ گیگابایت,۴۰٬۰۰۰٬۰۰۰ تومان (مقطوع),مشکی
نوکیا,نو,۲ عدد,اصل,مطرح نیست,مطرح نیست,۶۲۰٬۰۰۰ تومان,
اپل iPhone 13 Pro Max,کارکرده,۲ عدد,اصل,۲۵۶ گیگابایت,۶ گیگابایت,۸۵٬۰۰۰٬۰۰۰ تومان,آبی Sierra
اپل iPhone 13 Pro Max,در حد نو,۲ عدد,اصل,۱۲۸ گیگابایت,۶ گیگابایت,۳۰٬۰۰۰٬۰۰۰ تومان,طلایی
اپل iPhone 7,در حد نو,۱ عدد,اصل,۱۲۸ گیگابایت,۲ گیگابایت,۴٬۵۰۰٬۰۰۰ تومان,نقره‌ای
اپل iPhone 12 Pro Max,در حد نو,۲ عدد,اصل,۲۵۶ گیگابایت,۶ گیگابایت,۴۹٬۰۰۰٬۰۰۰ تومان,graphite
نوکیا 110 4G,نو,۲ عدد,اصل,مطرح نیست,مطرح نیست,۱٬۵۵۰٬۰۰۰ تومان,
اپل iPhone 13,در حد نو,۲ عدد,اصل,,۴ گیگابایت,۳۹٬۰۰۰٬۰۰۰ تومان (مقطوع),
اپل iPhone 6s,نو,۱ عدد,اصل,۶۴ گیگابایت,۲ گیگابایت,۴٬۰۰۰٬۰۰۰ تومان,طلایی Rose
سامسونگ Galaxy A32,در حد نو,۲ عدد,اصل,,,۷٬۰۰۰٬۰۰۰ تومان (مقطوع),
نوکیا,نو,,اصل,,,۱۰٬۰۰۰٬۰۰۰ تومان,
اپل iPhone 13,در حد نو,۲ عدد,اصل,۱۲۸ گیگابایت,۴ گیگابایت,۴۰٬۸۰۰٬۰۰۰ تومان,آبی
سامسونگ Galaxy J5 Prime (2017),در حد نو,۲ عدد,اصل,۳۲ گیگابایت,۳ گیگابایت,۳٬۰۰۰٬۰۰۰ تومان,مشکی
اپل iPhone 11,در حد نو,۱ عدد,اصل,۱۲۸ گیگابایت,۴ گیگابایت,۲۰٬۰۰۰٬۰۰۰ تومان,قرمز
سامسونگ Galaxy J7 Pro,در حد نو,۲ عدد,اصل,۶۴ گیگابایت,۳ گیگابایت,۲٬۲۰۰٬۰۰۰ تومان,مشکی
شیائومی 11T Pro,در حد نو,۲ عدد,اصل,۲۵۶ گیگابایت,۱۲ گیگابایت,۱۵٬۰۰۰٬۰۰۰ تومان (مقطوع),خاکستری Meteorite
اپل iPhone 8 Plus,در حد نو,۱ عدد,اصل,,۳ گیگابایت,۹٬۵۰۰٬۰۰۰ تومان,
اپل iPhone 13 Pro Max,در حد نو,۱ عدد,اصل,۲۵۶ گیگابایت,۶ گیگابایت,۷۰٬۰۰۰٬۰۰۰ تومان,آبی Sierra
اپل iPhone X,در حد نو,۱ عدد,اصل,,۳ گیگابایت,۸٬۰۰۰٬۰۰۰ تومان,
اپل iPhone 13 Pro Max,در حد نو,۲ عدد,اصل,۲۵۶ گیگابایت,۶ گیگابایت,۴۰٬۰۰۰٬۰۰۰ تومان,نقره‌ای
اپل iPhone 11 Pro,در حد نو,۲ عدد,اصل,۲۵۶ گیگابایت,۴ گیگابایت,۳۱٬۰۰۰٬۰۰۰ تومان,سبز Matte Midnight
اپل iPhone 7,نو,۱ عدد,اصل,,۲ گیگابایت,۱٬۵۰۰٬۰۰۰ تومان,نقره‌ای
اپل iPhone 13,در حد نو,۲ عدد,اصل,۱۲۸ گیگابایت,۴ گیگابایت,۱۷٬۰۰۰٬۰۰۰ تومان,صورتی
اپل iPhone 13 Pro,در حد نو,۲ عدد,اصل,۵۱۲ گیگابایت,۶ گیگابایت,۳۸٬۵۰۰٬۰۰۰ تومان,آبی Sierra
ایسوس Zenfone Max Pro (M1) ZB601KL/ZB602K,در حد نو,۲ عدد,اصل,۶۴ گیگابایت,۶ گیگابایت,۳٬۰۰۰٬۰۰۰ تومان,مشکی Deepsea
اپل iPhone 11,کارکرده,۱ عدد,اصل,۱۲۸ گیگابایت,۴ گیگابایت,۱۹٬۵۰۰٬۰۰۰ تومان,سفید
اپل iPhone 13,نو,۲ عدد,اصل,۱۲۸ گیگابایت,۴ گیگابایت,۴۷٬۵۰۰٬۰۰۰ تومان,مشکی
اپل iPhone 12 Pro,در حد نو,۱ عدد,اصل,۲۵۶ گیگابایت,۶ گیگابایت,۱۸٬۰۰۰٬۰۰۰ تومان,graphite
اپل iPhone 12 Pro,در حد نو,۱ عدد,اصل,۲۵۶ گیگابایت,۶ گیگابایت,۱۵٬۰۰۰٬۰۰۰ تومان,طلایی
اپل iPhone XR,کارکرده,۲ عدد,اصل,۲۵۶ گیگابایت,۳ گیگابایت,۱۶٬۵۰۰٬۰۰۰ تومان,قرمز
اپل iPhone 13 Pro,در حد نو,۲ عدد,اصل,۲۵۶ گیگابایت,۶ گیگابایت,۲۵٬۰۰۰٬۰۰۰ تومان,آبی Sierra
سامسونگ Galaxy A22,در حد نو,۲ عدد,اصل,۶۴ گیگابایت,۴ گیگابایت,۴٬۸۰۰٬۰۰۰ تومان,سفید
اپل iPhone 11 Pro Max,در حد نو,۱ عدد,اصل,۵۱۲ گیگابایت,۴ گیگابایت,۴۲٬۰۰۰٬۰۰۰ تومان,طلایی Matte
اپل iPhone 13,نو,۲ عدد,اصل,۱۲۸ گیگابایت,۴ گیگابایت,۲۰٬۰۰۰٬۰۰۰ تومان,مشکی
اپل iPhone 8,در حد نو,۱ عدد,اصل,۶۴ گیگابایت,۲ گیگابایت,۸٬۵۰۰٬۰۰۰ تومان,طلایی
نوکیا,در حد نو,,اصل,,,۷۰۰٬۰۰۰ تومان,
سامسونگ Galaxy A30s,در حد نو,۲ عدد,اصل,۱۲۸ گیگابایت,۴ گیگابایت,۳٬۹۰۰٬۰۰۰ تومان (مقطوع),مشکی Prism Crush
سایر,در حد نو,۲ عدد,اصل,,۱ گیگابایت,۱٬۰۰۰٬۰۰۰ تومان (مقطوع),مشکی
سامسونگ Galaxy A20s,کارکرده,۲ عدد,اصل,۳۲ گیگابایت,,۴٬۵۰۰٬۰۰۰ تومان (مقطوع),مشکی
اپل iPhone 13 Pro Max,نو,۲ عدد,اصل,۲۵۶ گیگابایت,۶ گیگابایت,۱٬۲۳۴ تومان,graphite
جی‌‌ال‌ایکس,نو,,اصل,,,۳٬۵۰۰٬۰۰۰ تومان (مقطوع),
نوکیا,کارکرده,,اصل,,,۳۵۰٬۰۰۰ تومان,
اپل iPhone 12 Pro Max,در حد نو,۲ عدد,اصل,۲۵۶ گیگابایت,۶ گیگابایت,۲۷٬۰۰۰٬۰۰۰ تومان,طلایی
اپل iPhone 13 Pro Max,نو,۲ عدد,اصل,۲۵۶ گیگابایت,۶ گیگابایت,۱۳۵٬۰۰۰٬۰۰۰ تومان (مقطوع),نقره‌ای
اپل iPhone 13 Pro Max,در حد نو,۱ عدد,اصل,۱ ترابایت,۶ گیگابایت,۱۱۴٬۰۰۰٬۰۰۰ تومان (مقطوع),آبی Sierra
اپل iPhone 11,در حد نو,۲ عدد,اصل,۱۲۸ گیگابایت,۴ گیگابایت,۱۰٬۰۰۰٬۰۰۰ تومان,مشکی
نوکیا 105 4G,نو,۲ عدد,اصل,مطرح نیست,مطرح نیست,۷۵۰٬۰۰۰ تومان (مقطوع),
اپل iPhone 13 Pro,در حد نو,۲ عدد,اصل,۲۵۶ گیگابایت,۶ گیگابایت,۲۹٬۰۰۰٬۰۰۰ تومان,طلایی
سایر,نو,۲ عدد,غیر اصل,۵۱۲ گیگابایت,۸ گیگابایت,۳٬۱۰۰٬۰۰۰ تومان,
اپل iPhone 13 Pro Max,در حد نو,۲ عدد,اصل,۲۵۶ گیگابایت,۶ گیگابایت,۸۵٬۰۰۰٬۰۰۰ تومان,graphite
اپل iPhone 5s,نیاز به تعمیر,۱ عدد,اصل,۱۶ گیگابایت,۱ گیگابایت,۷۰۰٬۰۰۰ تومان,خاکستری Space
اپل iPhone 12 Pro,در حد نو,۲ عدد,اصل,۲۵۶ گیگابایت,۶ گیگابایت,۳۹٬۹۰۰٬۰۰۰ تومان,نقره‌ای
اپل iPhone 13,نو,۲ عدد,اصل,۱۲۸ گیگابایت,۴ گیگابایت,۴۹٬۵۰۰٬۰۰۰ تومان,مشکی
اپل iPhone 13,در حد نو,۲ عدد,اصل,۱۲۸ گیگابایت,۴ گیگابایت,۴۴٬۰۰۰٬۰۰۰ تومان (مقطوع),سفید starlight
اپل iPhone 13,در حد نو,۱ عدد,اصل,۱۲۸ گیگابایت,۴ گیگابایت,۳۳٬۸۰۰٬۰۰۰ تومان,مشکی
اپل iPhone 13,نو,۲ عدد,اصل,۱۲۸ گیگابایت,۴ گیگابایت,۱۵٬۰۰۰٬۰۰۰ تومان,سفید starlight
سامسونگ Galaxy Note20 Ultra,کارکرده,۲ عدد,اصل,۲۵۶ گیگابایت,۸ گیگابایت,۱۹٬۹۰۰٬۰۰۰ تومان,مشکی Mystic
اپل iPhone 13,نو,۲ عدد,اصل,۱۲۸ گیگابایت,۴ گیگابایت,۲۰٬۰۰۰٬۰۰۰ تومان,مشکی
اپل,نو,,اصل,,,۱٬۰۰۰ تومان (مقطوع),
سونی اریکسون Ericsson Xperia Arc S,در حد نو,۱ عدد,اصل,۱ گیگابایت,۵۱۲ مگابایت,۱٬۰۰۰٬۰۰۰ تومان,
اپل iPhone 13,نو,۲ عدد,اصل,۱۲۸ گیگابایت,۴ گیگابایت,۲۰٬۰۰۰٬۰۰۰ تومان,صورتی
اپل,نو,۲ عدد,اصل,۲۵۶ گیگابایت,مطرح نیست,۲۸٬۰۰۰٬۰۰۰ تومان,
اپل iPhone 13 Pro Max,در حد نو,۲ عدد,اصل,۲۵۶ گیگابایت,۶ گیگابایت,۸۵٬۰۰۰٬۰۰۰ تومان,آبی Sierra
اپل iPhone 11,در حد نو,۱ عدد,اصل,۱۲۸ گیگابایت,۴ گیگابایت,۲۱٬۵۰۰٬۰۰۰ تومان (مقطوع),مشکی
اپل,نو,۲ عدد,اصل,۲۵۶ گیگابایت,۸ گیگابایت,۲۳٬۰۰۰٬۰۰۰ تومان,
اپل iPhone 13,در حد نو,۲ عدد,اصل,۱۲۸ گیگابایت,۴ گیگابایت,۱۵٬۰۰۰٬۰۰۰ تومان,سفید starlight
اپل iPhone 12,در حد نو,۲ عدد,اصل,۱۲۸ گیگابایت,۴ گیگابایت,۱۰٬۰۰۰٬۰۰۰ تومان,مشکی
اپل iPhone 12,نیاز به تعمیر,۲ عدد,اصل,۱۲۸ گیگابایت,۴ گیگابایت,۲۲٬۰۰۰٬۰۰۰ تومان,مشکی
اپل iPhone 13 Pro,در حد نو,۲ عدد,اصل,۲۵۶ گیگابایت,۶ گیگابایت,۶۶٬۰۰۰٬۰۰۰ تومان,آبی Sierra
سامسونگ Galaxy J7,کارکرده,۲ عدد,اصل,۱۶ گیگابایت,۱.۵ گیگابایت,۱٬۰۰۰٬۰۰۰ تومان (مقطوع),
اپل,نو,۲ عدد,غیر اصل,,,۳٬۹۰۰٬۰۰۰ تومان,
سامسونگ Galaxy A20s,کارکرده,۲ عدد,اصل,۳۲ گیگابایت,۳ گیگابایت,۳٬۳۰۰٬۰۰۰ تومان,قرمز
سامسونگ Galaxy M10,در حد نو,۲ عدد,اصل,,,۲٬۵۰۰٬۰۰۰ تومان,
اپل iPhone 7 Plus,کارکرده,۱ عدد,اصل,۳۲ گیگابایت,۳ گیگابایت,۶٬۵۰۰٬۰۰۰ تومان (مقطوع),
شیائومی Mi 11,نو,۲ عدد,اصل,,,۶٬۵۰۰٬۰۰۰ تومان,
سایر,نو,۲ عدد,اصل,,,۱٬۸۵۰٬۰۰۰ تومان,
اپل iPhone 13 Pro Max,در حد نو,۲ عدد,اصل,۲۵۶ گیگابایت,۶ گیگابایت,۳۵٬۰۰۰٬۰۰۰ تومان,graphite
هواوی Y7 Prime (2019),کارکرده,۲ عدد,اصل,۶۴ گیگابایت,۳ گیگابایت,۳٬۲۰۰٬۰۰۰ تومان,آبی Aurora
اپل iPhone 12 Pro Max,کارکرده,۲ عدد,اصل,۲۵۶ گیگابایت,۶ گیگابایت,۱۱٬۸۰۰٬۰۰۰ تومان,طلایی
اپل iPhone 13,نو,۲ عدد,اصل,۱۲۸ گیگابایت,۴ گیگابایت,۲۰٬۰۰۰٬۰۰۰ تومان,مشکی
اپل iPhone 13 Pro Max,در حد نو,۱ عدد,اصل,۲۵۶ گیگابایت,۶ گیگابایت,۷۵٬۵۰۰٬۰۰۰ تومان,آبی Sierra
سامسونگ I9301I Galaxy S3 Neo,کارکرده,۱ عدد,اصل,۱۶ گیگابایت,۱.۵ گیگابایت,۷۰۰٬۰۰۰ تومان (مقطوع),سفید
شیائومی Redmi Note 9S,کارکرده,۲ عدد,اصل,۱۲۸ گیگابایت,۴ گیگابایت,۴٬۰۰۰٬۰۰۰ تومان (مقطوع),
اپل iPhone 12 Pro Max,در حد نو,۲ عدد,اصل,,۶ گیگابایت,۵۳٬۰۰۰٬۰۰۰ تومان,graphite
سامسونگ Galaxy A8 (2018),کارکرده,۲ عدد,اصل,,۴ گیگابایت,۱٬۲۰۰٬۰۰۰ تومان (مقطوع),
نوکیا 8,در حد نو,۱ عدد,اصل,,,۶٬۰۰۰٬۰۰۰ تومان,
سامسونگ Galaxy A52,در حد نو,۲ عدد,اصل,۱۲۸ گیگابایت,,۸٬۰۰۰٬۰۰۰ تومان,بنفش Awesome
سایر,نو,۲ عدد,اصل,۵۱۲ مگابایت,۱۲ گیگابایت,۲٬۰۰۰٬۰۰۰ تومان,
سایر,نو,۲ عدد,اصل,۵۱۲ گیگابایت,۸ گیگابایت,۵۰٬۰۰۰ تومان,
شیائومی Mi 11 Lite 5G,در حد نو,۲ عدد,اصل,۱۲۸ گیگابایت,۸ گیگابایت,۷٬۲۰۰٬۰۰۰ تومان,
سایر,در حد نو,۲ عدد,اصل,,,۵٬۰۰۰٬۰۰۰ تومان,
اپل iPhone 12,در حد نو,۱ عدد,اصل,۶۴ گیگابایت,۴ گیگابایت,۲۰٬۹۰۰٬۰۰۰ تومان (مقطوع),قرمز
اپل iPhone 13,نو,۲ عدد,اصل,۱۲۸ گیگابایت,۴ گیگابایت,۱۵٬۰۰۰٬۰۰۰ تومان,مشکی
اپل iPhone 6,نیاز به تعمیر,۱ عدد,اصل,۱۶ گیگابایت,۱ گیگابایت,۱٬۵۰۰٬۰۰۰ تومان,طلایی
سامسونگ Galaxy Note10+,در حد نو,۲ عدد,اصل,,۱۲ گیگابایت,۱۸٬۰۰۰٬۰۰۰ تومان,
اپل iPhone 7,کارکرده,۱ عدد,اصل,۳۲ گیگابایت,۲ گیگابایت,۴٬۲۰۰٬۰۰۰ تومان,طلایی
سونی اریکسون,نیاز به تعمیر,,اصل,,,۷۵۰٬۰۰۰ تومان,
اپل iPhone 11 Pro Max,در حد نو,۲ عدد,اصل,۲۵۶ گیگابایت,۴ گیگابایت,۱۵٬۰۰۰٬۰۰۰ تومان,خاکستری Matte Space
اپل iPhone 13 Pro Max,نو,۲ عدد,اصل,۲۵۶ گیگابایت,۶ گیگابایت,۲٬۵۰۰٬۰۰۰ تومان,
نوکیا 5310 (2020),کارکرده,۱ عدد,اصل,مطرح نیست,مطرح نیست,۳۰۰٬۰۰۰ تومان,
اپل iPhone 11 Pro,در حد نو,۲ عدد,اصل,۲۵۶ گیگابایت,۴ گیگابایت,۱۲٬۰۰۰٬۰۰۰ تومان,طلایی Matte
آنر 5X,کارکرده,۲ عدد,اصل,۱۶ گیگابایت,,۱٬۴۰۰٬۰۰۰ تومان,
سامسونگ,کارکرده,,اصل,,,۴۸۰٬۰۰۰ تومان,
اپل,نیاز به تعمیر,۲ عدد,اصل,مطرح نیست,مطرح نیست,۱۵۰٬۰۰۰ تومان,
اپل iPhone 7 Plus,کارکرده,۱ عدد,اصل,۳۲ گیگابایت,۳ گیگابایت,۱٬۱۱۱٬۱۱۱ تومان,طلایی Rose
اپل iPhone 13,نو,۲ عدد,اصل,۱۲۸ گیگابایت,۴ گیگابایت,۴۸٬۰۰۰٬۰۰۰ تومان,مشکی
اپل iPhone 13,در حد نو,۲ عدد,اصل,۱۲۸ گیگابایت,۴ گیگابایت,۳۴٬۸۰۰٬۰۰۰ تومان,سفید starlight
موتورولا,در حد نو,,اصل,,,۶٬۰۰۰٬۰۰۰ تومان,
اپل iPhone 13 Pro Max,در حد نو,۲ عدد,اصل,۲۵۶ گیگابایت,۶ گیگابایت,۷۵٬۰۰۰٬۰۰۰ تومان,آبی Sierra
اپل iPhone 13,نو,۲ عدد,اصل,۱۲۸ گیگابایت,۴ گیگابایت,۴۹٬۰۰۰٬۰۰۰ تومان,مشکی
ایسوس Zenfone 3s Max ZC521TL,در حد نو,۲ عدد,اصل,۳۲ گیگابایت,۳ گیگابایت,۱٬۶۵۰٬۰۰۰ تومان (مقطوع),مشکی
اپل iPhone 12 Pro,در حد نو,۲ عدد,اصل,۲۵۶ گیگابایت,۶ گیگابایت,۳۷٬۰۰۰٬۰۰۰ تومان,graphite
سامسونگ Galaxy J5 (2016),در حد نو,۱ عدد,اصل,۱۶ گیگابایت,۲ گیگابایت,۸۰۰٬۰۰۰ تومان,
اپل iPhone 13 Pro Max,نیاز به تعمیر,۲ عدد,اصل,۲۵۶ گیگابایت,۶ گیگابایت,۱۷٬۰۰۰٬۰۰۰ تومان,
سامسونگ,نو,۲ عدد,اصل,,۸ گیگابایت,۶٬۰۰۰٬۰۰۰ تومان,
اپل iPhone 13 Pro Max,در حد نو,۲ عدد,اصل,,۶ گیگابایت,۵۴٬۰۰۰٬۰۰۰ تومان,نقره‌ای
اپل iPhone 12 Pro Max,در حد نو,۲ عدد,اصل,۲۵۶ گیگابایت,۶ گیگابایت,۲۰٬۰۰۰٬۰۰۰ تومان,نقره‌ای
شیائومی Poco X3,کارکرده,۲ عدد,اصل,۱۲۸ گیگابایت,,۵٬۰۰۰٬۰۰۰ تومان,خاکستری Shadow
اپل iPhone 6s,کارکرده,۱ عدد,اصل,۱۲۸ گیگابایت,۲ گیگابایت,۴٬۵۰۰٬۰۰۰ تومان,
نوکیا,نو,۲ عدد,اصل,۵۱۲ مگابایت,مطرح نیست,۱٬۷۲۰٬۰۰۰ تومان,
سامسونگ Galaxy M22,در حد نو,۲ عدد,اصل,۱۲۸ گیگابایت,۴ گیگابایت,۵٬۰۰۰٬۰۰۰ تومان (مقطوع),مشکی
سامسونگ Galaxy A32,در حد نو,۲ عدد,اصل,۱۲۸ گیگابایت,۶ گیگابایت,۷٬۱۵۰٬۰۰۰ تومان,آبی Awesome
اپل iPhone 11,کارکرده,۲ عدد,اصل,۱۲۸ گیگابایت,۴ گیگابایت,۱۰٬۰۰۰٬۰۰۰ تومان,مشکی
اپل iPhone 6s Plus,کارکرده,۱ عدد,اصل,۱۶ گیگابایت,۲ گیگابایت,۴٬۷۰۰٬۰۰۰ تومان,طلایی
اپل iPhone 11 Pro,در حد نو,۲ عدد,اصل,۲۵۶ گیگابایت,۴ گیگابایت,۱۷٬۰۰۰٬۰۰۰ تومان,خاکستری Matte Space
اپل iPhone 11 Pro,در حد نو,۲ عدد,اصل,۲۵۶ گیگابایت,۴ گیگابایت,۲۲٬۰۰۰٬۰۰۰ تومان,
سایر,نو,۱ عدد,اصل,۳۲ گیگابایت,۱ گیگابایت,۱٬۶۵۰٬۰۰۰ تومان (مقطوع),سفید
شیائومی Poco X3,کارکرده,۲ عدد,اصل,۱۲۸ گیگابایت,,۵٬۰۰۰٬۰۰۰ تومان,خاکستری Shadow
اپل iPhone 11 Pro Max,در حد نو,۱ عدد,اصل,,۴ گیگابایت,۲۰٬۰۰۰٬۰۰۰ تومان,
سامسونگ Galaxy A30s,در حد نو,۲ عدد,اصل,۱۲۸ گیگابایت,۴ گیگابایت,۴٬۰۰۰٬۰۰۰ تومان (مقطوع),مشکی Prism Crush
سامسونگ Galaxy J2,کارکرده,۲ عدد,اصل,۸ گیگابایت,۱ گیگابایت,۱٬۳۵۰٬۰۰۰ تومان,
سایر,نو,۲ عدد,اصل,۱۲۸ گیگابایت,۸ گیگابایت,۱۹٬۴۰۰٬۰۰۰ تومان,
اپل iPhone 13,در حد نو,۲ عدد,اصل,۱۲۸ گیگابایت,۴ گیگابایت,۳۸٬۹۰۰٬۰۰۰ تومان,مشکی
اپل iPhone 7,کارکرده,۱ عدد,اصل,۱۲۸ گیگابایت,۲ گیگابایت,۴٬۵۰۰٬۰۰۰ تومان,
سامسونگ Galaxy S Duos 2 S7582,نیاز به تعمیر,۲ عدد,اصل,۴ گیگابایت,۷۶۸ مگابایت,۲۰۰٬۰۰۰ تومان,
اپل iPhone 13 Pro Max,نو,۱ عدد,اصل,۲۵۶ گیگابایت,۶ گیگابایت,۵۳٬۰۰۰٬۰۰۰ تومان,طلایی
سامسونگ Galaxy A32,در حد نو,۲ عدد,اصل,۱۲۸ گیگابایت,۶ گیگابایت,۷٬۰۵۰٬۰۰۰ تومان,آبی Awesome
نوکیا,در حد نو,,اصل,,,۹۵۰٬۰۰۰ تومان,
اپل iPhone 11 Pro Max,کارکرده,۲ عدد,اصل,۲۵۶ گیگابایت,۴ گیگابایت,۱۳٬۰۰۰٬۰۰۰ تومان,طلایی Matte
اپل iPhone 13,در حد نو,۲ عدد,اصل,۱۲۸ گیگابایت,۴ گیگابایت,۸٬۰۰۰٬۰۰۰ تومان,مشکی
سامسونگ Galaxy M32 5G,کارکرده,۲ عدد,اصل,۱۲۸ گیگابایت,۸ گیگابایت,۵٬۵۰۰٬۰۰۰ تومان,آبی Sky
اپل iPhone 6s,کارکرده,۱ عدد,اصل,,۲ گیگابایت,۱٬۰۰۰٬۰۰۰ تومان,طلایی Rose
نوکیا,نو,۱ عدد,اصل,مطرح نیست,مطرح نیست,۲۰٬۰۰۰٬۰۰۰ تومان,
سامسونگ Galaxy A01 Core,در حد نو,۲ عدد,اصل,۱۶ گیگابایت,,۲٬۵۰۰٬۰۰۰ تومان (مقطوع),آبی
سایر,نو,۲ عدد,اصل,مطرح نیست,مطرح نیست,۱٬۶۸۰٬۰۰۰ تومان,
اپل iPhone 13 mini,نو,۱ عدد,اصل,۱۲۸ گیگابایت,۴ گیگابایت,۶۲٬۰۰۰٬۰۰۰ تومان (مقطوع),صورتی
اپل iPhone 8,در حد نو,۱ عدد,اصل,۶۴ گیگابایت,۲ گیگابایت,۷٬۵۰۰٬۰۰۰ تومان,طلایی
اپل iPhone X,در حد نو,۱ عدد,اصل,۶۴ گیگابایت,۳ گیگابایت,۱۲٬۵۰۰٬۰۰۰ تومان,خاکستری Space
اپل iPhone X,کارکرده,۱ عدد,اصل,۲۵۶ گیگابایت,۳ گیگابایت,۱۳٬۰۰۰٬۰۰۰ تومان (مقطوع),خاکستری Space
نوکیا,نو,,اصل,,,۱٬۸۰۰٬۰۰۰ تومان,
شیائومی Mi 10 Lite 5G,در حد نو,۲ عدد,اصل,۶۴ گیگابایت,۶ گیگابایت,۵٬۹۰۰٬۰۰۰ تومان,آبی Aurora
اپل iPhone 13,در حد نو,۲ عدد,اصل,۱۲۸ گیگابایت,۴ گیگابایت,۱۴٬۰۰۰٬۰۰۰ تومان,سفید starlight
اپل iPhone 13,نو,۲ عدد,اصل,,۴ گیگابایت,۴۸٬۰۰۰٬۰۰۰ تومان,
نوکیا 1,نو,۲ عدد,اصل,۸ گیگابایت,۱ گیگابایت,۳٬۰۰۰٬۰۰۰ تومان (مقطوع),
نوکیا 7 plus,کارکرده,۲ عدد,اصل,۶۴ گیگابایت,۴ گیگابایت,۳٬۵۰۰٬۰۰۰ تومان,مشکی Copper
سامسونگ Galaxy A7 (2016),در حد نو,۲ عدد,اصل,۱۶ گیگابایت,۳ گیگابایت,۲٬۰۰۰٬۰۰۰ تومان (مقطوع),طلایی
سامسونگ,نیاز به تعمیر,,اصل,,,۴۵۰٬۰۰۰ تومان,
اپل iPhone 7 Plus,در حد نو,۱ عدد,اصل,۲۵۶ گیگابایت,۳ گیگابایت,۲٬۲۰۰٬۰۰۰ تومان,
شیائومی Poco X3,در حد نو,۲ عدد,اصل,۱۲۸ گیگابایت,,۶٬۲۰۰٬۰۰۰ تومان,آبی Cobalt
ال‌جی G2,کارکرده,۱ عدد,اصل,,۲ گیگابایت,۱٬۰۰۰٬۰۰۰ تومان,مشکی
موتورولا Moto G 5G Plus,در حد نو,۲ عدد,اصل,,,۷٬۵۰۰٬۰۰۰ تومان,آبی Surfing
سامسونگ Galaxy A50,در حد نو,۲ عدد,اصل,۱۲۸ گیگابایت,۴ گیگابایت,۵٬۰۰۰٬۰۰۰ تومان,مشکی
شیائومی Redmi Note 10,در حد نو,۲ عدد,اصل,۱۲۸ گیگابایت,۴ گیگابایت,۴٬۶۵۰٬۰۰۰ تومان,سفید Frost
اپل iPhone 12 Pro Max,در حد نو,۲ عدد,اصل,۲۵۶ گیگابایت,۶ گیگابایت,۴۹٬۰۰۰٬۰۰۰ تومان,آبی Pacific
سامسونگ Galaxy J1 Ace,در حد نو,۲ عدد,اصل,,,۱٬۱۰۰٬۰۰۰ تومان,
سامسونگ Galaxy J5,در حد نو,۲ عدد,اصل,۸ گیگابایت,۱.۵ گیگابایت,۲٬۰۵۰٬۰۰۰ تومان (مقطوع),مشکی
سامسونگ Galaxy S21 Ultra 5G,در حد نو,۲ عدد,اصل,۲۵۶ گیگابایت,۱۲ گیگابایت,۲۲٬۲۰۰٬۰۰۰ تومان,مشکی Phantom
اپل iPhone 11,در حد نو,۲ عدد,اصل,۱۲۸ گیگابایت,۴ گیگابایت,۲۴٬۸۰۰٬۰۰۰ تومان,سفید
اپل iPhone SE,در حد نو,۱ عدد,اصل,۶۴ گیگابایت,۲ گیگابایت,۱۳٬۰۰۰٬۰۰۰ تومان,
نوکیا,نو,,اصل,,,۵۶۰٬۰۰۰ تومان (مقطوع),
شیائومی Redmi Note 9,در حد نو,۲ عدد,اصل,۶۴ گیگابایت,۴ گیگابایت,۳٬۷۰۰٬۰۰۰ تومان,سبز Forest
اپل iPhone 13 Pro Max,در حد نو,۲ عدد,اصل,۲۵۶ گیگابایت,۶ گیگابایت,۱۰۳٬۰۰۰٬۰۰۰ تومان,graphite
اپل iPhone 12,در حد نو,۲ عدد,اصل,,۴ گیگابایت,۲۹٬۵۹۹٬۹۹۰ تومان (مقطوع),مشکی
سامسونگ Galaxy Z Fold3 5G,در حد نو,۱ عدد,اصل,۲۵۶ گیگابایت,۱۲ گیگابایت,۳۰٬۰۰۰٬۰۰۰ تومان,مشکی Phantom
شیائومی Poco X3,در حد نو,۲ عدد,اصل,۱۲۸ گیگابایت,۸ گیگابایت,۶٬۵۰۰٬۰۰۰ تومان,خاکستری Shadow
نوکیا,نو,,اصل,,,۱٬۰۰۰٬۰۰۰ تومان,
اپل iPhone 11 Pro,در حد نو,۱ عدد,اصل,۲۵۶ گیگابایت,۴ گیگابایت,۲۶٬۹۰۰٬۰۰۰ تومان,سبز Matte Midnight
جی‌پلاس,در حد نو,,غیر اصل,,,۳٬۵۰۰٬۰۰۰ تومان,
شیائومی Redmi Note 8 Pro,در حد نو,۲ عدد,اصل,۶۴ گیگابایت,۸ گیگابایت,۴٬۵۰۰٬۰۰۰ تومان,آبی Midnight
اپل iPhone XS,نیاز به تعمیر,۱ عدد,اصل,۲۵۶ گیگابایت,۴ گیگابایت,۱٬۲۳۴٬۵۶۷ تومان,خاکستری Space
اپل iPhone 8,در حد نو,۱ عدد,اصل,۶۴ گیگابایت,۲ گیگابایت,۷٬۸۰۰٬۰۰۰ تومان,خاکستری Space
شیائومی Mi 11X Pro,در حد نو,۲ عدد,اصل,۱۲۸ گیگابایت,۸ گیگابایت,۳٬۰۰۰٬۰۰۰ تومان,مشکی
سامسونگ Galaxy S10+,نو,۲ عدد,اصل,۵۱۲ گیگابایت,۱۲ گیگابایت,۱۲٬۰۰۰٬۰۰۰ تومان,سفید Ceramic
نوکیا,کارکرده,,اصل,,,۱٬۰۰۰٬۰۰۰ تومان (مقطوع),
سامسونگ Galaxy A7 (2018),کارکرده,۲ عدد,اصل,۱۲۸ گیگابایت,,۴٬۰۰۰٬۰۰۰ تومان,طلایی
اپل iPhone 11,در حد نو,۱ عدد,اصل,۱۲۸ گیگابایت,۴ گیگابایت,۲۱٬۰۰۰٬۰۰۰ تومان,مشکی
اپل iPhone 7,در حد نو,۱ عدد,اصل,۱۲۸ گیگابایت,۲ گیگابایت,۵٬۵۰۰٬۰۰۰ تومان (مقطوع),قرمز
شیائومی Redmi Note 9,در حد نو,۲ عدد,اصل,۶۴ گیگابایت,۴ گیگابایت,۳٬۳۰۰٬۰۰۰ تومان,
اپل iPhone 13,نو,۲ عدد,اصل,۱۲۸ گیگابایت,۴ گیگابایت,۴۴٬۰۰۰٬۰۰۰ تومان (مقطوع),مشکی
نوکیا C20,در حد نو,۲ عدد,اصل,۳۲ گیگابایت,۲ گیگابایت,۲٬۵۰۰٬۰۰۰ تومان (مقطوع),آبی Dark
اپل iPhone 6,در حد نو,۱ عدد,اصل,۱۶ گیگابایت,۱ گیگابایت,۳٬۰۰۰٬۰۰۰ تومان,نقره‌ای
سامسونگ Galaxy J5,کارکرده,۲ عدد,اصل,,۱.۵ گیگابایت,۱٬۹۵۰٬۰۰۰ تومان,
سامسونگ Galaxy J5 Prime (2017),در حد نو,۲ عدد,اصل,۳۲ گیگابایت,۳ گیگابایت,۳٬۰۰۰٬۰۰۰ تومان,مشکی
سامسونگ Galaxy S21,نو,۲ عدد,اصل,۱۲۸ گیگابایت,۸ گیگابایت,۲۲٬۰۰۰٬۰۰۰ تومان,خاکستری Phantom
هواوی Y6 Pro,نیاز به تعمیر,۲ عدد,اصل,۱۶ گیگابایت,۲ گیگابایت,۷۰۰٬۰۰۰ تومان,طلایی
سامسونگ Galaxy J7,در حد نو,۲ عدد,اصل,۱۶ گیگابایت,۱.۵ گیگابایت,۲٬۲۰۰٬۰۰۰ تومان (مقطوع),سفید
هواوی,در حد نو,,اصل,,,۹۵۰٬۰۰۰ تومان,
سامسونگ Galaxy C5,کارکرده,۲ عدد,اصل,,۴ گیگابایت,۱٬۰۰۰٬۰۰۰ تومان (مقطوع),
سامسونگ Galaxy Core Prime,در حد نو,۲ عدد,اصل,۸ گیگابایت,۱ گیگابایت,۷۵۰٬۰۰۰ تومان,
اپل iPhone 13 Pro Max,نو,۲ عدد,اصل,۲۵۶ گیگابایت,۶ گیگابایت,۴۹٬۰۰۰٬۰۰۰ تومان,آبی Sierra
اپل iPhone 13 Pro Max,در حد نو,۲ عدد,اصل,۲۵۶ گیگابایت,۶ گیگابایت,۱۶۵٬۰۰۰٬۰۰۰ تومان (مقطوع),graphite
سامسونگ,در حد نو,,اصل,,,۴۰۰٬۰۰۰ تومان (مقطوع),
اپل iPhone 13,نو,۲ عدد,اصل,۱۲۸ گیگابایت,۴ گیگابایت,۴۳٬۰۰۰٬۰۰۰ تومان,آبیmidnight
اپل iPhone X,کارکرده,۱ عدد,اصل,۶۴ گیگابایت,۳ گیگابایت,۱۲٬۵۰۰٬۰۰۰ تومان,خاکستری Space
اپل iPhone 13,در حد نو,۲ عدد,اصل,۱۲۸ گیگابایت,۴ گیگابایت,۴۴٬۰۰۰٬۰۰۰ تومان,صورتی
جی‌‌ال‌ایکس,در حد نو,,اصل,,,۶۵۰٬۰۰۰ تومان,
سامسونگ Galaxy A21s,کارکرده,۲ عدد,اصل,,,۴٬۵۰۰٬۰۰۰ تومان,مشکی
اپل iPhone 8 Plus,کارکرده,۱ عدد,اصل,۶۴ گیگابایت,۳ گیگابایت,۹٬۰۰۰٬۰۰۰ تومان,طلایی
اپل iPhone 6,در حد نو,۱ عدد,اصل,,۱ گیگابایت,۳٬۰۰۰٬۰۰۰ تومان,
اپل iPhone X,در حد نو,۱ عدد,اصل,۶۴ گیگابایت,۳ گیگابایت,۱۲٬۹۰۰٬۰۰۰ تومان,خاکستری Space
سامسونگ Galaxy A21s,کارکرده,۲ عدد,اصل,۶۴ گیگابایت,۳ گیگابایت,۴٬۴۰۰٬۰۰۰ تومان,آبی
اپل iPhone 7,کارکرده,۱ عدد,اصل,۱۲۸ گیگابایت,۲ گیگابایت,۵٬۸۵۰٬۰۰۰ تومان (مقطوع),مشکی
سایر,نو,۲ عدد,اصل,,,۷۰۰٬۰۰۰ تومان,مشکی
سونی اریکسون Ericsson Xperia X8,کارکرده,۱ عدد,اصل,مطرح نیست,مطرح نیست,۱٬۱۰۰٬۰۰۰ تومان,
موتورولا Moto Z2 Force,نو,۱ عدد,اصل,۶۴ گیگابایت,۴ گیگابایت,۴٬۹۰۰٬۰۰۰ تومان,مشکی Super
اپل iPhone 13,در حد نو,۲ عدد,اصل,۲۵۶ گیگابایت,۴ گیگابایت,۴۱٬۸۰۰٬۰۰۰ تومان (مقطوع),آبیmidnight
اپل iPhone 13,در حد نو,۲ عدد,اصل,۱۲۸ گیگابایت,۴ گیگابایت,۴۲٬۳۰۰٬۰۰۰ تومان,مشکی
اپل iPhone 13 Pro Max,در حد نو,۲ عدد,اصل,,۶ گیگابایت,۹۵٬۰۰۰٬۰۰۰ تومان,آبی Sierra
سایر,نو,۲ عدد,اصل,۵۱۲ گیگابایت,۱۲ گیگابایت,۵۰٬۰۰۰ تومان,
سامسونگ Galaxy A50,کارکرده,۲ عدد,اصل,۱۲۸ گیگابایت,۴ گیگابایت,۵٬۰۰۰٬۰۰۰ تومان,آبی
سامسونگ Galaxy J7 Prime,کارکرده,۲ عدد,اصل,۳۲ گیگابایت,۳ گیگابایت,۲٬۸۰۰٬۰۰۰ تومان (مقطوع),مشکی
شیائومی,در حد نو,,اصل,,,۱۲٬۳۴۵ تومان,
اپل iPhone 11,در حد نو,۱ عدد,اصل,۱۲۸ گیگابایت,۴ گیگابایت,۲۲٬۵۰۰٬۰۰۰ تومان,سفید
اپل iPhone 6,کارکرده,۱ عدد,اصل,۶۴ گیگابایت,۱ گیگابایت,۲٬۳۰۰٬۰۰۰ تومان,خاکستری Space
اپل iPhone 13 Pro Max,در حد نو,۲ عدد,اصل,۱۲۸ گیگابایت,۶ گیگابایت,۷۳٬۵۰۰٬۰۰۰ تومان (مقطوع),graphite
سامسونگ Galaxy A20s,کارکرده,۲ عدد,اصل,۳۲ گیگابایت,۴ گیگابایت,۴٬۰۰۰٬۰۰۰ تومان (مقطوع),مشکی
اپل iPhone 13,نو,۲ عدد,اصل,۱۲۸ گیگابایت,۴ گیگابایت,۴۳٬۰۰۰٬۰۰۰ تومان,صورتی
سونی,کارکرده,,اصل,,,۶۰۰٬۰۰۰ تومان,
سامسونگ Galaxy A10s,در حد نو,۲ عدد,اصل,۳۲ گیگابایت,,۳٬۵۰۰٬۰۰۰ تومان,مشکی
اپل iPhone 11,کارکرده,۲ عدد,اصل,۲۵۶ گیگابایت,۴ گیگابایت,۱۳٬۰۰۰٬۰۰۰ تومان,مشکی
سامسونگ Galaxy A31,در حد نو,۲ عدد,اصل,۱۲۸ گیگابایت,۴ گیگابایت,۳٬۵۰۰٬۰۰۰ تومان (مقطوع),سفید Prism Crush
اپل iPhone 13 Pro Max,در حد نو,۲ عدد,اصل,۲۵۶ گیگابایت,۶ گیگابایت,۱۰۰٬۰۰۰٬۰۰۰ تومان (مقطوع),آبی Sierra
نوکیا 2.3,در حد نو,۲ عدد,اصل,۳۲ گیگابایت,۲ گیگابایت,۲٬۵۰۰٬۰۰۰ تومان,سبز Cyan
اپل iPhone 7 Plus,کارکرده,۱ عدد,اصل,۲۵۶ گیگابایت,۳ گیگابایت,۸٬۳۰۰٬۰۰۰ تومان,مشکی Jet
اپل iPhone 13,نو,۲ عدد,اصل,۱۲۸ گیگابایت,۴ گیگابایت,۴۲٬۰۰۰٬۰۰۰ تومان (مقطوع),مشکی
اپل iPhone 12 Pro Max,در حد نو,۲ عدد,اصل,۲۵۶ گیگابایت,۶ گیگابایت,۲۵٬۰۰۰٬۰۰۰ تومان,نقره‌ای
شیائومی,نو,,اصل,,,۱۵٬۷۰۰٬۰۰۰ تومان,
نوکیا,در حد نو,,اصل,,,۱٬۰۰۰٬۰۰۰ تومان (مقطوع),
اپل iPhone 13 Pro Max,در حد نو,۲ عدد,اصل,۲۵۶ گیگابایت,۶ گیگابایت,۱۰۰٬۰۰۰٬۰۰۰ تومان (مقطوع),طلایی
اپل iPhone SE,در حد نو,۱ عدد,اصل,۱۲۸ گیگابایت,۲ گیگابایت,۱۳٬۰۰۰٬۰۰۰ تومان (مقطوع),خاکستری Space
اپل iPhone 6,در حد نو,۱ عدد,اصل,,۱ گیگابایت,۲٬۷۰۰٬۰۰۰ تومان,نقره‌ای
اپل iPhone 13 Pro,نو,۲ عدد,اصل,۲۵۶ گیگابایت,۶ گیگابایت,۲۴٬۰۰۰٬۰۰۰ تومان,graphite
اپل iPhone 11,نو,۲ عدد,اصل,۱۲۸ گیگابایت,۴ گیگابایت,۱۳٬۰۰۰٬۰۰۰ تومان,
اپل iPhone XS,نو,۱ عدد,اصل,۲۵۶ گیگابایت,۴ گیگابایت,۱۳٬۲۰۰٬۰۰۰ تومان,طلایی
اپل iPhone 13 Pro Max,نو,۲ عدد,اصل,۲۵۶ گیگابایت,۶ گیگابایت,۸۶٬۰۰۰٬۰۰۰ تومان,
اپل iPhone 13,در حد نو,۲ عدد,اصل,۲۵۶ گیگابایت,۴ گیگابایت,۵۳٬۰۰۰٬۰۰۰ تومان,سفید starlight
اپل iPhone 13,کارکرده,۲ عدد,اصل,۲۵۶ گیگابایت,۴ گیگابایت,۴۴٬۰۰۰٬۰۰۰ تومان,آبی
اپل iPhone 13 Pro,کارکرده,۲ عدد,اصل,۱۲۸ گیگابایت,۶ گیگابایت,۵۷٬۸۰۰٬۰۰۰ تومان,آبی Sierra
سایر,نو,۳ و بیشتر,اصل,,,۲٬۵۰۰٬۰۰۰ تومان,
اپل iPhone 13,در حد نو,۲ عدد,اصل,۱۲۸ گیگابایت,۴ گیگابایت,۴۰٬۰۰۰٬۰۰۰ تومان (مقطوع),سفید starlight
اپل iPhone 13 Pro Max,نو,۲ عدد,اصل,,۶ گیگابایت,۱۰۵٬۰۰۰٬۰۰۰ تومان (مقطوع),
اپل,نو,۲ عدد,اصل,۲۵۶ گیگابایت,۶ گیگابایت,۳۵٬۰۰۰٬۰۰۰ تومان,
اپل iPhone 13,نو,۲ عدد,اصل,۱۲۸ گیگابایت,۴ گیگابایت,۱۸٬۵۰۰٬۰۰۰ تومان,سفید starlight
اپل iPhone 13,در حد نو,۲ عدد,اصل,۱۲۸ گیگابایت,۴ گیگابایت,۴۴٬۰۰۰٬۰۰۰ تومان (مقطوع),مشکی
اپل iPhone 13 Pro Max,در حد نو,۲ عدد,اصل,۲۵۶ گیگابایت,۶ گیگابایت,۳۶٬۰۰۰٬۰۰۰ تومان,آبی Sierra
اپل iPhone 7,در حد نو,۱ عدد,اصل,۱۲۸ گیگابایت,۲ گیگابایت,۲۲۲٬۲۲۲ تومان,مشکی Jet
نوکیا 3.2,نیاز به تعمیر,۲ عدد,اصل,,,۱٬۰۰۰٬۰۰۰ تومان,
اپل iPhone 13,در حد نو,۲ عدد,اصل,۱۲۸ گیگابایت,۴ گیگابایت,۴۲٬۲۰۰٬۰۰۰ تومان,مشکی
اپل iPhone 11,در حد نو,۱ عدد,اصل,۱۲۸ گیگابایت,۴ گیگابایت,۲۴٬۵۰۰٬۰۰۰ تومان,سفید
اپل iPhone X,در حد نو,۱ عدد,اصل,۲۵۶ گیگابایت,۳ گیگابایت,۱۶٬۰۰۰٬۰۰۰ تومان (مقطوع),خاکستری Space
اپل iPhone 13,در حد نو,۲ عدد,اصل,۱۲۸ گیگابایت,۴ گیگابایت,۱۴٬۰۰۰٬۰۰۰ تومان,آبیmidnight
سامسونگ Galaxy A11,در حد نو,۲ عدد,اصل,۳۲ گیگابایت,۳ گیگابایت,۳٬۴۵۰٬۰۰۰ تومان,آبی
اپل,نو,۲ عدد,غیر اصل,۵۱۲ گیگابایت,۶ گیگابایت,۳٬۱۰۰٬۰۰۰ تومان,
اپل iPhone 13,در حد نو,۲ عدد,اصل,۱۲۸ گیگابایت,۴ گیگابایت,۴۴٬۰۰۰٬۰۰۰ تومان,آبیmidnight
سایر,نیاز به تعمیر,۱ عدد,اصل,,,۱٬۵۰۰٬۰۰۰ تومان (مقطوع),
اپل iPhone 6 Plus,کارکرده,۱ عدد,اصل,۶۴ گیگابایت,۱ گیگابایت,۴٬۲۰۰٬۰۰۰ تومان (مقطوع),طلایی
سامسونگ Galaxy A52 5G,در حد نو,۲ عدد,اصل,۱۲۸ گیگابایت,۶ گیگابایت,۸٬۴۰۰٬۰۰۰ تومان,آبی Awesome
اپل iPhone 11,در حد نو,۲ عدد,اصل,,۴ گیگابایت,۲۱٬۰۰۰٬۰۰۰ تومان,بنفش
هواوی Ascend G6,نیاز به تعمیر,۱ عدد,اصل,۴ گیگابایت,۱ گیگابایت,۸۰۰٬۰۰۰ تومان,
سامسونگ Galaxy J5 (2017),در حد نو,۲ عدد,اصل,۱۶ گیگابایت,۳ گیگابایت,۳٬۱۰۰٬۰۰۰ تومان,مشکی
اپل iPhone 13,نو,۲ عدد,اصل,۱۲۸ گیگابایت,۴ گیگابایت,۴۷٬۵۰۰٬۰۰۰ تومان,آبیmidnight
سامسونگ Galaxy S5,در حد نو,۱ عدد,اصل,۱۶ گیگابایت,۲ گیگابایت,۱٬۴۸۰٬۰۰۰ تومان (مقطوع),سفید Shimmery
آنر 7X,کارکرده,۲ عدد,اصل,,,۲٬۰۰۰٬۰۰۰ تومان,
سامسونگ Galaxy A20,کارکرده,۲ عدد,اصل,۳۲ گیگابایت,۳ گیگابایت,۲٬۲۰۰٬۰۰۰ تومان,
اپل iPhone 13,نو,۲ عدد,اصل,۱۲۸ گیگابایت,۴ گیگابایت,۱٬۱۱۱٬۱۱۱ تومان,سفید starlight
نوکیا,کارکرده,,اصل,,,۱٬۰۰۰٬۰۰۰ تومان,
اپل iPhone 13 Pro Max,نو,۲ عدد,اصل,۲۵۶ گیگابایت,۶ گیگابایت,۱۷۰٬۰۰۰٬۰۰۰ تومان (مقطوع),graphite
اپل iPhone 13,نو,۲ عدد,اصل,۵۱۲ گیگابایت,۴ گیگابایت,۶۸٬۰۰۰٬۰۰۰ تومان,مشکی
سامسونگ Galaxy S7 edge,کارکرده,۲ عدد,اصل,۳۲ گیگابایت,۴ گیگابایت,۲٬۸۰۰٬۰۰۰ تومان (مقطوع),طلایی
اپل iPhone 13 Pro Max,در حد نو,۲ عدد,اصل,۲۵۶ گیگابایت,۶ گیگابایت,۷۷٬۰۰۰٬۰۰۰ تومان,طلایی
اپل iPhone 5,کارکرده,۱ عدد,اصل,۱۶ گیگابایت,۱ گیگابایت,۱٬۰۰۰٬۰۰۰ تومان,سفید نقره‌ای
اپل iPhone 13,نو,۲ عدد,اصل,۱۲۸ گیگابایت,۴ گیگابایت,۴۷٬۰۰۰٬۰۰۰ تومان,آبی
نوکیا,نو,۲ عدد,اصل,مطرح نیست,مطرح نیست,۱٬۱۵۰٬۰۰۰ تومان,
اپل iPhone 12,در حد نو,۱ عدد,اصل,۶۴ گیگابایت,۴ گیگابایت,۲۲٬۰۰۰٬۰۰۰ تومان (مقطوع),سفید
اپل iPhone XS,در حد نو,۱ عدد,اصل,۲۵۶ گیگابایت,۴ گیگابایت,۱۵٬۰۰۰٬۰۰۰ تومان,طلایی
سامسونگ Galaxy A32,در حد نو,۲ عدد,اصل,۱۲۸ گیگابایت,۶ گیگابایت,۷٬۲۰۰٬۰۰۰ تومان,سفید Awesome
اپل iPhone 13,در حد نو,۲ عدد,اصل,۱۲۸ گیگابایت,۴ گیگابایت,۴۵٬۰۰۰٬۰۰۰ تومان,مشکی
اپل iPhone 13 Pro,کارکرده,۲ عدد,اصل,۲۵۶ گیگابایت,۶ گیگابایت,۶۵٬۰۰۰٬۰۰۰ تومان,آبی Sierra
سامسونگ,کارکرده,,اصل,,,۵۰۰٬۰۰۰ تومان,
سامسونگ Galaxy A52s 5G,در حد نو,۲ عدد,اصل,۲۵۶ گیگابایت,۸ گیگابایت,۱۰٬۹۰۰٬۰۰۰ تومان,مشکی Awesome
شیائومی 11T,در حد نو,۲ عدد,اصل,۱۲۸ گیگابایت,۸ گیگابایت,۱۰٬۵۰۰٬۰۰۰ تومان,خاکستری Meteorite
اپل iPhone 12,نو,۱ عدد,اصل,۱۲۸ گیگابایت,۴ گیگابایت,۲۸٬۰۰۰٬۰۰۰ تومان,سفید
شیائومی Mi 10T 5G,کارکرده,۲ عدد,اصل,۱۲۸ گیگابایت,۶ گیگابایت,۶٬۶۰۰٬۰۰۰ تومان (مقطوع),مشکی Cosmic
سایر,کارکرده,۱ عدد,اصل,,,۹۰۰٬۰۰۰ تومان (مقطوع),مشکی
سایر,کارکرده,۱ عدد,اصل,۸ گیگابایت,۱ گیگابایت,۵۵۰٬۰۰۰ تومان,سفید
اپل iPhone 13 Pro Max,در حد نو,۲ عدد,اصل,۲۵۶ گیگابایت,۶ گیگابایت,۱۰۵٬۰۰۰٬۰۰۰ تومان,آبی Sierra
سامسونگ Galaxy Grand I9082,کارکرده,۲ عدد,اصل,۸ گیگابایت,۱ گیگابایت,۸۰۰٬۰۰۰ تومان,سفید
سایر,نیاز به تعمیر,۲ عدد,اصل,۱۶ گیگابایت,۲ گیگابایت,۳۰۰٬۰۰۰ تومان,سفید
سایر,در حد نو,۲ عدد,اصل,,,۶۵۰٬۰۰۰ تومان,مشکی
سایر,نیاز به تعمیر,۲ عدد,اصل,۱۶ گیگابایت,۲ گیگابایت,۴۰۰٬۰۰۰ تومان (مقطوع),سفید
اپل iPhone 13,در حد نو,۲ عدد,اصل,۱۲۸ گیگابایت,۴ گیگابایت,۴۳٬۵۰۰٬۰۰۰ تومان,آبیmidnight
شیائومی Poco X3 Pro,در حد نو,۲ عدد,اصل,۲۵۶ گیگابایت,۸ گیگابایت,۶٬۵۰۰٬۰۰۰ تومان,
سامسونگ Galaxy A11,در حد نو,۲ عدد,اصل,۳۲ گیگابایت,۲ گیگابایت,۳٬۰۰۰٬۰۰۰ تومان (مقطوع),آبی
اپل iPhone 13,نو,۲ عدد,اصل,,۴ گیگابایت,۴۱٬۵۰۰٬۰۰۰ تومان,
اپل iPhone 13,نو,۲ عدد,اصل,۱۲۸ گیگابایت,۴ گیگابایت,۴۸٬۰۰۰٬۰۰۰ تومان (مقطوع),سفید starlight
اپل iPhone 13,در حد نو,۲ عدد,اصل,۱۲۸ گیگابایت,۴ گیگابایت,۴۳٬۰۰۰٬۰۰۰ تومان (مقطوع),سفید starlight
اپل iPhone 13,در حد نو,۲ عدد,اصل,۱۲۸ گیگابایت,۴ گیگابایت,۴۱٬۵۰۰٬۰۰۰ تومان,مشکی
سامسونگ Galaxy A10s,کارکرده,۲ عدد,اصل,۳۲ گیگابایت,۲ گیگابایت,۳٬۲۰۰٬۰۰۰ تومان,قرمز
شیائومی,نو,,اصل,,,۹٬۶۰۰٬۰۰۰ تومان (مقطوع),
شیائومی Redmi 9,در حد نو,۲ عدد,اصل,۱۲۸ گیگابایت,۶ گیگابایت,۴٬۰۰۰٬۰۰۰ تومان,سبز Ocean
اپل iPhone 11,در حد نو,۱ عدد,اصل,۱۲۸ گیگابایت,۴ گیگابایت,۲۴٬۹۰۰٬۰۰۰ تومان,سفید
اپل iPhone 13,در حد نو,۲ عدد,اصل,۱۲۸ گیگابایت,۴ گیگابایت,۳۶٬۵۰۰٬۰۰۰ تومان (مقطوع),صورتی
سامسونگ Galaxy A52s 5G,نو,۲ عدد,اصل,۲۵۶ گیگابایت,۸ گیگابایت,۹٬۵۰۰٬۰۰۰ تومان (مقطوع),بنفش Awesome
اپل iPhone 13,نو,۲ عدد,اصل,۲۵۶ گیگابایت,۴ گیگابایت,۴۲٬۰۰۰٬۰۰۰ تومان,آبیmidnight
سایر,نو,۲ عدد,اصل,,,۴۶٬۰۰۰٬۰۰۰ تومان (مقطوع),
اپل iPhone 8,در حد نو,۱ عدد,اصل,,۲ گیگابایت,۵٬۵۰۰٬۰۰۰ تومان (مقطوع),
اپل iPhone 13 Pro,در حد نو,۲ عدد,اصل,۲۵۶ گیگابایت,۶ گیگابایت,۷۰٬۰۰۰٬۰۰۰ تومان,طلایی
سامسونگ Galaxy A10,در حد نو,۲ عدد,اصل,۳۲ گیگابایت,۴ گیگابایت,۲٬۰۰۰٬۰۰۰ تومان,مشکی
شیائومی Redmi 9T,در حد نو,۲ عدد,اصل,۱۲۸ گیگابایت,۴ گیگابایت,۴٬۵۰۰٬۰۰۰ تومان (مقطوع),خاکستری Carbon
نوکیا,در حد نو,,اصل,,,۲۸۰٬۰۰۰ تومان (مقطوع),
اپل iPhone 7,در حد نو,۱ عدد,اصل,۱۲۸ گیگابایت,۲ گیگابایت,۶٬۵۰۰٬۰۰۰ تومان (مقطوع),طلایی Rose
اپل iPhone X,نو,۱ عدد,اصل,۲۵۶ گیگابایت,۳ گیگابایت,۱۳٬۰۰۰٬۰۰۰ تومان,خاکستری Space
اپل iPhone 11 Pro,نو,۱ عدد,اصل,۲۵۶ گیگابایت,۴ گیگابایت,۱۱۱٬۱۱۱ تومان,سبز Matte Midnight
شیائومی Poco F3,در حد نو,۲ عدد,اصل,۲۵۶ گیگابایت,۸ گیگابایت,۹٬۰۰۰٬۰۰۰ تومان,آبی Deep Ocean
شیائومی Mi 11 Ultra,در حد نو,۲ عدد,اصل,۵۱۲ گیگابایت,۱۲ گیگابایت,۳۰٬۰۰۰٬۰۰۰ تومان,مشکی Ceramic
اپل iPhone 13 Pro,نو,۲ عدد,اصل,,۶ گیگابایت,۸۰٬۰۰۰٬۰۰۰ تومان,
هواوی nova 7i,در حد نو,۲ عدد,اصل,۱۲۸ گیگابایت,۸ گیگابایت,۵٬۰۰۰٬۰۰۰ تومان,
اپل iPhone 13 Pro,نو,۱ عدد,اصل,۱۲۸ گیگابایت,۶ گیگابایت,۷۲٬۰۰۰٬۰۰۰ تومان (مقطوع),آبی Sierra
اپل iPhone 13 Pro,در حد نو,۲ عدد,اصل,۲۵۶ گیگابایت,۶ گیگابایت,۷۰٬۰۰۰٬۰۰۰ تومان,آبی Sierra
اپل iPhone 13,کارکرده,۲ عدد,اصل,۱۲۸ گیگابایت,۴ گیگابایت,۳۴٬۴۰۰٬۰۰۰ تومان,قرمز
سایر,نیاز به تعمیر,۲ عدد,اصل,۶۴ گیگابایت,۸ گیگابایت,۱۰٬۰۰۰٬۰۰۰ تومان,مشکی
موتورولا Moto E6 Plus,کارکرده,۲ عدد,اصل,۶۴ گیگابایت,۴ گیگابایت,۱٬۲۵۰٬۰۰۰ تومان,قرمز Dark
اپل iPhone 11 Pro Max,نو,۲ عدد,اصل,۲۵۶ گیگابایت,۴ گیگابایت,۳۶٬۷۰۰٬۰۰۰ تومان (مقطوع),طلایی Matte
سامسونگ Galaxy A71,کارکرده,۲ عدد,اصل,۱۲۸ گیگابایت,۸ گیگابایت,۷٬۹۵۰٬۰۰۰ تومان (مقطوع),مشکی Prism Crush
سامسونگ Galaxy A31,در حد نو,۲ عدد,اصل,,,۵٬۲۰۰٬۰۰۰ تومان (مقطوع),
سایر,کارکرده,۲ عدد,اصل,۱۶ گیگابایت,۲ گیگابایت,۸۹۰٬۰۰۰ تومان,سفید
اپل iPhone 13,نو,۲ عدد,اصل,۱۲۸ گیگابایت,۴ گیگابایت,۴۸٬۴۰۰٬۰۰۰ تومان,سفید starlight
سامسونگ I9301I Galaxy S3 Neo,کارکرده,۱ عدد,اصل,۱۶ گیگابایت,۱.۵ گیگابایت,۱٬۰۰۰٬۰۰۰ تومان,سفید
سامسونگ Galaxy J5 Prime (2017),در حد نو,۲ عدد,اصل,۱۶ گیگابایت,۳ گیگابایت,۱٬۰۰۰٬۰۰۰ تومان (مقطوع),
اپل iPhone XR,در حد نو,۱ عدد,اصل,۶۴ گیگابایت,۳ گیگابایت,۱۲٬۰۰۰٬۰۰۰ تومان,قرمز
سامسونگ Galaxy S10+,در حد نو,۲ عدد,اصل,,۸ گیگابایت,۱۰٬۵۰۰٬۰۰۰ تومان (مقطوع),سبز Prism
کت,نو,,اصل,,,۱٬۴۰۰٬۰۰۰ تومان,
اپل iPhone 11,در حد نو,۲ عدد,اصل,۱۲۸ گیگابایت,۴ گیگابایت,۲۲٬۰۰۰٬۰۰۰ تومان (مقطوع),مشکی
اپل iPhone 7 Plus,کارکرده,۱ عدد,اصل,۲۵۶ گیگابایت,۳ گیگابایت,۷٬۰۰۰٬۰۰۰ تومان,قرمز
اپل iPhone 12 Pro Max,در حد نو,۱ عدد,اصل,۲۵۶ گیگابایت,۶ گیگابایت,۴۹٬۰۰۰٬۰۰۰ تومان (مقطوع),آبی Pacific
سامسونگ,نو,,اصل,,,۲۲٬۰۰۰٬۰۰۰ تومان,
شیائومی Redmi Note 9 Pro Max,در حد نو,۲ عدد,اصل,۶۴ گیگابایت,۶ گیگابایت,۵٬۰۰۰٬۰۰۰ تومان,سفید Glacier
اپل iPhone 7,در حد نو,۱ عدد,اصل,۱۲۸ گیگابایت,۲ گیگابایت,۴٬۸۰۰٬۰۰۰ تومان,مشکی
اپل iPhone X,در حد نو,۱ عدد,اصل,۲۵۶ گیگابایت,۳ گیگابایت,۱۱٬۰۰۰٬۰۰۰ تومان (مقطوع),خاکستری Space
هواوی Y8p,در حد نو,۲ عدد,اصل,۱۲۸ گیگابایت,۶ گیگابایت,۴٬۵۰۰٬۰۰۰ تومان,آبی
اپل,نو,,اصل,,,۶٬۹۰۰٬۰۰۰ تومان,
سامسونگ Galaxy A11,در حد نو,۲ عدد,اصل,۳۲ گیگابایت,۳ گیگابایت,۲٬۹۰۰٬۰۰۰ تومان (مقطوع),سفید
هواوی Y7,در حد نو,۲ عدد,اصل,۱۶ گیگابایت,۲ گیگابایت,۵٬۵۰۰٬۰۰۰ تومان,
بلک‌بری Evolve,کارکرده,۲ عدد,اصل,۶۴ گیگابایت,۴ گیگابایت,۴٬۸۰۰٬۰۰۰ تومان (مقطوع),مشکی
سایر,نیاز به تعمیر,۲ عدد,اصل,,,۲۵۰٬۰۰۰ تومان,
اپل iPhone XS,در حد نو,۱ عدد,اصل,۲۵۶ گیگابایت,۴ گیگابایت,۱۶٬۲۰۰٬۰۰۰ تومان,طلایی
اپل iPhone 12 Pro Max,در حد نو,۲ عدد,اصل,۲۵۶ گیگابایت,۶ گیگابایت,۵۲٬۰۰۰٬۰۰۰ تومان (مقطوع),آبی Pacific
سامسونگ Galaxy Grand Prime,در حد نو,۲ عدد,اصل,۸ گیگابایت,۱ گیگابایت,۱٬۲۰۰٬۰۰۰ تومان (مقطوع),سفید
سامسونگ Galaxy A7 (2017),در حد نو,۲ عدد,اصل,۳۲ گیگابایت,۳ گیگابایت,۱٬۵۹۰٬۰۰۰ تومان (مقطوع),طلایی Sand
اپل iPhone 13,در حد نو,۲ عدد,اصل,۱۲۸ گیگابایت,۴ گیگابایت,۴۲٬۰۰۰٬۰۰۰ تومان (مقطوع),مشکی
شیائومی,نو,,اصل,,,۷٬۲۹۰٬۰۰۰ تومان,
شیائومی Redmi Note 8 Pro,در حد نو,۲ عدد,اصل,,,۵٬۶۰۰٬۰۰۰ تومان,
اپل iPhone XS Max,نو,۲ عدد,اصل,۶۴ گیگابایت,۴ گیگابایت,۱۷٬۵۰۰٬۰۰۰ تومان,طلایی
شیائومی Mi 11 Lite 5G,نو,۲ عدد,اصل,۱۲۸ گیگابایت,۸ گیگابایت,۱۱٬۰۰۰٬۰۰۰ تومان (مقطوع),
سایر,کارکرده,۲ عدد,اصل,,,۴٬۵۰۰٬۰۰۰ تومان,
هواوی,نو,,اصل,,,۶٬۲۵۰٬۰۰۰ تومان,
شیائومی Redmi Note 10,کارکرده,۲ عدد,اصل,۶۴ گیگابایت,۴ گیگابایت,۴٬۲۰۰٬۰۰۰ تومان,مشکی Shadow
اپل iPhone XS,در حد نو,۱ عدد,اصل,۲۵۶ گیگابایت,۴ گیگابایت,۱۵٬۵۰۰٬۰۰۰ تومان (مقطوع),
اپل iPhone 11 Pro Max,در حد نو,۱ عدد,اصل,۲۵۶ گیگابایت,۴ گیگابایت,۳۴٬۵۰۰٬۰۰۰ تومان,طلایی Matte
اپل iPhone 13,در حد نو,۲ عدد,اصل,۲۵۶ گیگابایت,۴ گیگابایت,۵۱٬۰۰۰٬۰۰۰ تومان,سفید starlight
آنر View 20,کارکرده,۲ عدد,اصل,۲۵۶ گیگابایت,۸ گیگابایت,۸٬۰۰۰٬۰۰۰ تومان,آبی Phantom
اپل iPhone 13 Pro,کارکرده,۲ عدد,اصل,۲۵۶ گیگابایت,۶ گیگابایت,۷۵٬۰۰۰٬۰۰۰ تومان,آبی Sierra
شیائومی Redmi Note 10 5G,در حد نو,۲ عدد,اصل,۱۲۸ گیگابایت,۶ گیگابایت,۷٬۵۰۰٬۰۰۰ تومان,خاکستری Graphite
نوکیا X,در حد نو,۲ عدد,اصل,۴ گیگابایت,۵۱۲ مگابایت,۳۵۰٬۰۰۰ تومان,مشکی
اپل iPhone 6,در حد نو,۱ عدد,اصل,۱۶ گیگابایت,۱ گیگابایت,۱٬۵۰۰٬۰۰۰ تومان,طلایی
سامسونگ Galaxy A70,نیاز به تعمیر,۲ عدد,اصل,۱۲۸ گیگابایت,۸ گیگابایت,۱۰٬۰۰۰ تومان,
اپل,نو,۲ عدد,اصل,۲۵۶ گیگابایت,۱۸ گیگابایت,۷۵٬۵۰۰٬۰۰۰ تومان,
اپل iPhone 13 Pro Max,در حد نو,۱ عدد,اصل,۲۵۶ گیگابایت,۶ گیگابایت,۱٬۲۳۴ تومان (مقطوع),
اپل iPhone 13 Pro Max,در حد نو,۲ عدد,اصل,۲۵۶ گیگابایت,۶ گیگابایت,۹۱٬۵۰۰٬۰۰۰ تومان,آبی Sierra
اپل iPhone 13 Pro,در حد نو,۲ عدد,اصل,۲۵۶ گیگابایت,۶ گیگابایت,۷۳٬۵۰۰٬۰۰۰ تومان,graphite
اپل iPhone 12 Pro,در حد نو,۱ عدد,اصل,۲۵۶ گیگابایت,۶ گیگابایت,۲۶٬۰۰۰٬۰۰۰ تومان,graphite
اپل iPhone 13 Pro Max,نو,۲ عدد,اصل,۲۵۶ گیگابایت,۶ گیگابایت,۸۹٬۵۰۰٬۰۰۰ تومان,آبی Sierra
اپل iPhone 13 Pro Max,نو,۱ عدد,اصل,۲۵۶ گیگابایت,۶ گیگابایت,۹۵٬۰۰۰٬۰۰۰ تومان,graphite
اپل iPhone 13 Pro Max,در حد نو,۱ عدد,اصل,۲۵۶ گیگابایت,۶ گیگابایت,۸۸٬۵۰۰٬۰۰۰ تومان,graphite
اپل iPhone 13 Pro Max,در حد نو,۲ عدد,اصل,۲۵۶ گیگابایت,۶ گیگابایت,۹۷٬۵۰۰٬۰۰۰ تومان,آبی Sierra
اپل iPhone 12 Pro Max,در حد نو,۱ عدد,اصل,۲۵۶ گیگابایت,۶ گیگابایت,۵۰٬۰۰۰٬۰۰۰ تومان,آبی Pacific
نوکیا,نو,,اصل,,,۵۵۰٬۰۰۰ تومان,
شیائومی 11T,در حد نو,۲ عدد,اصل,۲۵۶ گیگابایت,۸ گیگابایت,۱۰٬۹۰۰٬۰۰۰ تومان,آبی Celestial
اپل iPhone X,در حد نو,۱ عدد,اصل,۶۴ گیگابایت,۳ گیگابایت,۱۱٬۰۰۰٬۰۰۰ تومان,خاکستری Space
اپل iPhone 13,در حد نو,۲ عدد,اصل,۱۲۸ گیگابایت,۴ گیگابایت,۳۹٬۰۰۰٬۰۰۰ تومان,آبی
سامسونگ Galaxy J4+,در حد نو,۲ عدد,اصل,۳۲ گیگابایت,,۲٬۰۰۰٬۰۰۰ تومان (مقطوع),مشکی
شیائومی Poco M3,در حد نو,۲ عدد,اصل,۱۲۸ گیگابایت,۴ گیگابایت,۴٬۵۰۰٬۰۰۰ تومان,آبی Cool
سامسونگ Galaxy J7,کارکرده,۲ عدد,اصل,۱۶ گیگابایت,۱.۵ گیگابایت,۲٬۷۰۰٬۰۰۰ تومان,سفید
اپل iPhone 11,در حد نو,۱ عدد,اصل,۱۲۸ گیگابایت,۴ گیگابایت,۲۳٬۹۰۰٬۰۰۰ تومان,مشکی
اپل iPhone 12 Pro,کارکرده,۱ عدد,اصل,۲۵۶ گیگابایت,۶ گیگابایت,۳۷٬۵۰۰٬۰۰۰ تومان,آبی Pacific
اپل iPhone 12 Pro,در حد نو,۱ عدد,اصل,۲۵۶ گیگابایت,۶ گیگابایت,۳۷٬۰۰۰٬۰۰۰ تومان,طلایی
هواوی Y7p,در حد نو,۲ عدد,اصل,۶۴ گیگابایت,۴ گیگابایت,۴٬۰۰۰٬۰۰۰ تومان (مقطوع),آبی Aurora
سایر,نو,۲ عدد,اصل,۶۴ گیگابایت,۸ گیگابایت,۶٬۱۰۰٬۰۰۰ تومان,سفید
نوکیا,نو,,اصل,,,۶۰۰٬۰۰۰ تومان,
اپل iPhone 12 Pro Max,در حد نو,۱ عدد,اصل,۲۵۶ گیگابایت,۶ گیگابایت,۴۰٬۰۰۰٬۰۰۰ تومان,طلایی
سامسونگ Galaxy J2,نو,۲ عدد,اصل,۸ گیگابایت,۱ گیگابایت,۳٬۶۵۰٬۰۰۰ تومان,
اپل iPhone 11 Pro,نو,۲ عدد,اصل,۲۵۶ گیگابایت,۴ گیگابایت,۵٬۰۰۰٬۰۰۰ تومان,سبز Matte Midnight
سایر,نو,۲ عدد,اصل,۲۵۶ گیگابایت,۸ گیگابایت,۱۱٬۳۰۰٬۰۰۰ تومان,
سایر,نو,۲ عدد,اصل,مطرح نیست,مطرح نیست,۶۵۰٬۰۰۰ تومان,مشکی
سایر,نو,۲ عدد,اصل,۶۴ گیگابایت,۸ گیگابایت,۶٬۷۵۰٬۰۰۰ تومان,
سایر,نو,۱ عدد,اصل,۲۵۶ گیگابایت,۱۶ گیگابایت,۹٬۷۵۰٬۰۰۰ تومان,
سامسونگ,نو,۲ عدد,اصل,مطرح نیست,مطرح نیست,۸۸۰٬۰۰۰ تومان,مشکی
اپل iPhone 13,در حد نو,۲ عدد,اصل,۱۲۸ گیگابایت,۴ گیگابایت,۴۱٬۰۰۰٬۰۰۰ تومان (مقطوع),
سامسونگ Galaxy A10s,کارکرده,۲ عدد,اصل,۳۲ گیگابایت,۲ گیگابایت,۲٬۹۵۰٬۰۰۰ تومان,مشکی
اپل iPhone 13 Pro Max,در حد نو,۲ عدد,اصل,۲۵۶ گیگابایت,۶ گیگابایت,۹۱٬۵۰۰٬۰۰۰ تومان,طلایی
اپل iPhone 13,نو,۲ عدد,اصل,۱۲۸ گیگابایت,۴ گیگابایت,۴۸٬۷۰۰٬۰۰۰ تومان,سفید starlight
اپل iPhone 11,نو,۱ عدد,اصل,۲۵۶ گیگابایت,۴ گیگابایت,۲۵٬۰۰۰٬۰۰۰ تومان,مشکی
اپل iPhone 11 Pro,نو,۲ عدد,اصل,۲۵۶ گیگابایت,۴ گیگابایت,۲۲٬۰۰۰٬۰۰۰ تومان,خاکستری Matte Space
اپل iPhone 12 Pro,نو,۲ عدد,اصل,۲۵۶ گیگابایت,۶ گیگابایت,۳۴٬۰۰۰٬۰۰۰ تومان,آبی Pacific
اپل iPhone 13 Pro,نو,۲ عدد,اصل,۲۵۶ گیگابایت,۶ گیگابایت,۴۶٬۰۰۰٬۰۰۰ تومان,آبی Sierra
اپل iPhone 13 Pro Max,نو,۲ عدد,اصل,۲۵۶ گیگابایت,۶ گیگابایت,۵۶٬۰۰۰٬۰۰۰ تومان,graphite
اپل iPhone 13 Pro Max,نو,۱ عدد,اصل,۲۵۶ گیگابایت,۶ گیگابایت,۶۰٬۰۰۰٬۰۰۰ تومان (مقطوع),آبی Sierra
اپل iPhone 8,در حد نو,۱ عدد,اصل,۶۴ گیگابایت,۲ گیگابایت,۶٬۵۰۰٬۰۰۰ تومان,
سامسونگ,نو,,اصل,,,۱۰٬۰۰۰٬۰۰۰ تومان,
اپل iPhone 12 Pro,در حد نو,۱ عدد,اصل,۲۵۶ گیگابایت,۶ گیگابایت,۲۶٬۲۰۰٬۰۰۰ تومان,graphite
سایر,نو,۲ عدد,اصل,۶۴ گیگابایت,۴ گیگابایت,۴٬۷۰۰٬۰۰۰ تومان (مقطوع),سفید
هواوی Y7 Prime,در حد نو,۲ عدد,اصل,۳۲ گیگابایت,۳ گیگابایت,۱۱۱٬۱۱۱ تومان,مشکی
سامسونگ,نیاز به تعمیر,,اصل,,,۵۰٬۰۰۰ تومان,
هواوی Y5 (2019),کارکرده,۲ عدد,اصل,۳۲ گیگابایت,۲ گیگابایت,۱٬۵۰۰٬۰۰۰ تومان,مشکی Modern
کت,نو,,اصل,,,۱٬۴۰۰٬۰۰۰ تومان,
شیائومی Poco X3 Pro,کارکرده,۲ عدد,اصل,۲۵۶ گیگابایت,۸ گیگابایت,۶٬۰۰۰٬۰۰۰ تومان,آبی Frost
اپل iPhone 13 Pro Max,در حد نو,۲ عدد,اصل,۲۵۶ گیگابایت,۶ گیگابایت,۷۶٬۰۰۰٬۰۰۰ تومان,آبی Sierra
شیائومی Poco C31,در حد نو,۲ عدد,اصل,۶۴ گیگابایت,۴ گیگابایت,۴٬۵۰۰٬۰۰۰ تومان (مقطوع),آبی Royal
شیائومی Redmi K40 Pro+,کارکرده,۲ عدد,اصل,۲۵۶ گیگابایت,۱۲ گیگابایت,۱۳٬۰۰۰٬۰۰۰ تومان,مشکی
شیائومی Redmi Note 8,در حد نو,۲ عدد,اصل,۱۲۸ گیگابایت,۴ گیگابایت,۴٬۵۰۰٬۰۰۰ تومان,مشکی Space
اپل iPhone X,کارکرده,۱ عدد,اصل,۲۵۶ گیگابایت,۳ گیگابایت,۲۰٬۰۰۰٬۰۰۰ تومان,خاکستری Space
هواوی Y6 Pro,نیاز به تعمیر,۲ عدد,اصل,۱۶ گیگابایت,۲ گیگابایت,۴۵۰٬۰۰۰ تومان,سفید
سامسونگ Galaxy A10s,در حد نو,۲ عدد,اصل,۳۲ گیگابایت,,۳٬۱۰۰٬۰۰۰ تومان (مقطوع),
اپل iPhone X,کارکرده,۱ عدد,اصل,۲۵۶ گیگابایت,۳ گیگابایت,۱۰٬۷۰۰٬۰۰۰ تومان (مقطوع),نقره‌ای
هواوی G10,کارکرده,۲ عدد,اصل,۶۴ گیگابایت,۴ گیگابایت,۹۰۰٬۰۰۰ تومان (مقطوع),
اپل iPhone 13 Pro Max,در حد نو,۲ عدد,اصل,۲۵۶ گیگابایت,۶ گیگابایت,۷۶٬۰۰۰٬۰۰۰ تومان,آبی Sierra
اپل iPhone 11 Pro Max,در حد نو,۲ عدد,اصل,,۴ گیگابایت,۳۵٬۰۰۰٬۰۰۰ تومان (مقطوع),
شیائومی Mi 11 Lite,کارکرده,۲ عدد,اصل,۱۲۸ گیگابایت,۶ گیگابایت,۵٬۵۰۰٬۰۰۰ تومان (مقطوع),صورتی Peach
سامسونگ Galaxy A71,در حد نو,۲ عدد,اصل,۱۲۸ گیگابایت,۸ گیگابایت,۸٬۵۰۰٬۰۰۰ تومان,مشکی Prism Crush
آلکاتل,نو,,اصل,,,۲٬۵۰۰٬۰۰۰ تومان,
اپل iPhone 13 Pro Max,نو,۲ عدد,اصل,۲۵۶ گیگابایت,۶ گیگابایت,۱۱۱٬۱۱۱ تومان,graphite
شیائومی Mi A3,در حد نو,۲ عدد,اصل,۶۴ گیگابایت,۴ گیگابایت,۴٬۲۰۰٬۰۰۰ تومان,خاکستری Kind Of
اپل iPhone 13,در حد نو,۲ عدد,اصل,۱۲۸ گیگابایت,۴ گیگابایت,۳۹٬۰۰۰٬۰۰۰ تومان (مقطوع),سفید starlight
نوکیا,کارکرده,,اصل,,,۸۵۰٬۰۰۰ تومان (مقطوع),
اپل iPhone 12,در حد نو,۲ عدد,اصل,۱۲۸ گیگابایت,۴ گیگابایت,۲۷٬۸۵۰٬۰۰۰ تومان,مشکی
شیائومی Redmi Note 9,نو,۲ عدد,اصل,۶۴ گیگابایت,۴ گیگابایت,۴٬۲۰۰٬۰۰۰ تومان,سفید Polar
اپل iPhone 7 Plus,کارکرده,۱ عدد,اصل,۱۲۸ گیگابایت,۳ گیگابایت,۶٬۰۰۰٬۰۰۰ تومان (مقطوع),مشکی
شیائومی Redmi Note 10 Pro,در حد نو,۲ عدد,اصل,۱۲۸ گیگابایت,۸ گیگابایت,۸٬۰۰۰٬۰۰۰ تومان (مقطوع),خاکستری Onyx
اپل iPhone 13 Pro Max,در حد نو,۲ عدد,اصل,۲۵۶ گیگابایت,۶ گیگابایت,۷۵٬۰۰۰٬۰۰۰ تومان,آبی Sierra
اپل iPhone 13,در حد نو,۲ عدد,اصل,۱۲۸ گیگابایت,۴ گیگابایت,۴۱٬۰۰۰٬۰۰۰ تومان (مقطوع),سفید starlight
اپل iPhone 13 Pro Max,در حد نو,۲ عدد,اصل,۲۵۶ گیگابایت,۶ گیگابایت,۹۳٬۰۰۰٬۰۰۰ تومان (مقطوع),graphite
سامسونگ Galaxy A7 (2017),در حد نو,۲ عدد,اصل,۳۲ گیگابایت,۳ گیگابایت,۳٬۰۰۰٬۰۰۰ تومان (مقطوع),طلایی Sand
اپل iPhone X,کارکرده,۱ عدد,اصل,۲۵۶ گیگابایت,۳ گیگابایت,۱۰٬۴۰۰٬۰۰۰ تومان,خاکستری Space
هواوی Y7p,در حد نو,۲ عدد,اصل,۶۴ گیگابایت,۴ گیگابایت,۴٬۰۰۰٬۰۰۰ تومان,مشکی Midnight
سامسونگ,نو,,اصل,,,۲۳٬۰۰۰٬۰۰۰ تومان,
اپل iPhone 13 Pro Max,نو,۲ عدد,اصل,۲۵۶ گیگابایت,۶ گیگابایت,۴۷٬۰۰۰٬۰۰۰ تومان,طلایی
اپل iPhone 13,در حد نو,۲ عدد,اصل,۲۵۶ گیگابایت,۴ گیگابایت,۴۲٬۰۰۰٬۰۰۰ تومان,قرمز
سامسونگ Galaxy A5 (2017),در حد نو,۱ عدد,اصل,۳۲ گیگابایت,۳ گیگابایت,۲٬۷۰۰٬۰۰۰ تومان,مشکی Sky
آنر 8,در حد نو,۲ عدد,اصل,,۴ گیگابایت,۱٬۳۰۰٬۰۰۰ تومان,
اپل iPhone 11 Pro,نو,۲ عدد,اصل,۲۵۶ گیگابایت,۴ گیگابایت,۳۱٬۵۰۰٬۰۰۰ تومان (مقطوع),نقره‌ای Matte
شیائومی Mi A3,نو,۲ عدد,اصل,,,۵٬۰۰۰٬۰۰۰ تومان,آبی Not Just
شیائومی Mi 3,در حد نو,۱ عدد,اصل,,۲ گیگابایت,۳٬۶۰۰٬۰۰۰ تومان,مشکی
اپل iPhone 11 Pro,در حد نو,۱ عدد,اصل,,۴ گیگابایت,۲۵٬۰۰۰٬۰۰۰ تومان,
شیائومی,نو,,اصل,,,۸٬۰۰۰٬۰۰۰ تومان (مقطوع),
هواوی Y5 lite (2018),کارکرده,۲ عدد,اصل,۱۶ گیگابایت,۱ گیگابایت,۱٬۰۰۰٬۰۰۰ تومان,مشکی
اپل iPhone 13 Pro,کارکرده,۲ عدد,اصل,۱۲۸ گیگابایت,۶ گیگابایت,۵۵٬۰۰۰٬۰۰۰ تومان,
اپل iPhone 13 Pro,در حد نو,۲ عدد,اصل,۲۵۶ گیگابایت,۶ گیگابایت,۶۶٬۰۰۰٬۰۰۰ تومان,آبی Sierra
اپل iPhone 13,نو,۲ عدد,اصل,۱۲۸ گیگابایت,۴ گیگابایت,۴۸٬۵۰۰٬۰۰۰ تومان,مشکی
اپل iPhone X,در حد نو,۱ عدد,اصل,,۳ گیگابایت,۱۴٬۵۰۰٬۰۰۰ تومان (مقطوع),خاکستری Space
شیائومی Redmi Note 8 Pro,کارکرده,۲ عدد,اصل,,,۴٬۲۰۰٬۰۰۰ تومان,
اپل iPhone 12 Pro,در حد نو,۲ عدد,اصل,۲۵۶ گیگابایت,۶ گیگابایت,۴۰٬۰۰۰٬۰۰۰ تومان,graphite
سامسونگ,در حد نو,,اصل,,,۱۷٬۰۰۰٬۰۰۰ تومان,
سامسونگ Galaxy J5 (2016),کارکرده,۲ عدد,اصل,۱۶ گیگابایت,۲ گیگابایت,۱٬۴۵۰٬۰۰۰ تومان,طلایی Rose
اپل iPhone 13 Pro Max,در حد نو,۲ عدد,اصل,۵۱۲ گیگابایت,۶ گیگابایت,۸۵٬۰۰۰٬۰۰۰ تومان,آبی Sierra
اپل iPhone 13 Pro,نو,۲ عدد,اصل,۲۵۶ گیگابایت,۶ گیگابایت,۴۵٬۰۰۰٬۰۰۰ تومان,
اپل iPhone 13 Pro,نو,۲ عدد,اصل,۲۵۶ گیگابایت,۶ گیگابایت,۴۵٬۰۰۰٬۰۰۰ تومان,
اپل iPhone 13 Pro Max,نو,۲ عدد,اصل,۲۵۶ گیگابایت,۶ گیگابایت,۵۵٬۰۰۰٬۰۰۰ تومان,
سایر,نو,۲ عدد,اصل,,,۲٬۱۰۰٬۰۰۰ تومان,
اپل iPhone 13,در حد نو,۲ عدد,اصل,۱۲۸ گیگابایت,۴ گیگابایت,۴۵٬۵۰۰٬۰۰۰ تومان,سفید starlight
اپل iPhone 11 Pro,در حد نو,۱ عدد,اصل,۲۵۶ گیگابایت,۴ گیگابایت,۲۴٬۵۰۰٬۰۰۰ تومان,
اپل iPhone 7 Plus,نو,۱ عدد,اصل,۱۲۸ گیگابایت,۳ گیگابایت,۷٬۵۰۰٬۰۰۰ تومان,مشکی
سامسونگ Galaxy A20s,کارکرده,۲ عدد,اصل,۳۲ گیگابایت,۳ گیگابایت,۳٬۴۰۰٬۰۰۰ تومان,مشکی
اپل iPhone 11,در حد نو,۲ عدد,اصل,۱۲۸ گیگابایت,۴ گیگابایت,۲۶٬۵۰۰٬۰۰۰ تومان,سفید
اپل iPhone 13,در حد نو,۲ عدد,اصل,۱۲۸ گیگابایت,۴ گیگابایت,۴۳٬۰۰۰٬۰۰۰ تومان,صورتی
اپل iPhone 13 Pro,در حد نو,۲ عدد,اصل,۲۵۶ گیگابایت,۶ گیگابایت,۶۷٬۵۰۰٬۰۰۰ تومان,آبی Sierra
سامسونگ,نو,,اصل,,,۷٬۲۰۰٬۰۰۰ تومان,
اپل iPhone 13,در حد نو,۲ عدد,اصل,۱۲۸ گیگابایت,۴ گیگابایت,۳۹٬۰۰۰٬۰۰۰ تومان (مقطوع),مشکی
اپل iPhone 13 Pro Max,در حد نو,۲ عدد,اصل,۲۵۶ گیگابایت,۶ گیگابایت,۷۸٬۰۰۰٬۰۰۰ تومان,طلایی
سامسونگ Galaxy A51,کارکرده,۲ عدد,اصل,۱۲۸ گیگابایت,۸ گیگابایت,۵٬۲۵۰٬۰۰۰ تومان,مشکی Prism Crush
اپل iPhone 11 Pro,در حد نو,۲ عدد,اصل,۲۵۶ گیگابایت,۴ گیگابایت,۲۸٬۸۰۰٬۰۰۰ تومان,سبز Matte Midnight
سامسونگ Galaxy A10,در حد نو,۲ عدد,اصل,۳۲ گیگابایت,۲ گیگابایت,۳٬۲۰۰٬۰۰۰ تومان,مشکی
اپل iPhone 6s,در حد نو,۱ عدد,اصل,۶۴ گیگابایت,۲ گیگابایت,۴٬۰۰۰٬۰۰۰ تومان,طلایی Rose
سامسونگ,نو,,اصل,,,۱۰٬۲۰۰٬۰۰۰ تومان,
اپل iPhone 13,در حد نو,۲ عدد,اصل,۱۲۸ گیگابایت,۴ گیگابایت,۴۴٬۰۰۰٬۰۰۰ تومان,
اپل iPhone X,در حد نو,۱ عدد,اصل,۶۴ گیگابایت,۳ گیگابایت,۱۰٬۰۰۰٬۰۰۰ تومان,خاکستری Space
سامسونگ Galaxy S21 Ultra 5G,در حد نو,۲ عدد,اصل,,,۲۷٬۹۰۰٬۰۰۰ تومان,
اپل iPhone X,در حد نو,۱ عدد,اصل,۶۴ گیگابایت,۳ گیگابایت,۹٬۵۰۰٬۰۰۰ تومان,خاکستری Space
شیائومی,در حد نو,,اصل,,,۴٬۵۰۰٬۰۰۰ تومان (مقطوع),
سونی Xperia Z5,نیاز به تعمیر,۱ عدد,اصل,۳۲ گیگابایت,۳ گیگابایت,۵۰۰٬۰۰۰ تومان,سفید
شیائومی 11T Pro,در حد نو,۲ عدد,اصل,۲۵۶ گیگابایت,۱۲ گیگابایت,۱۲٬۹۵۰٬۰۰۰ تومان,خاکستری Meteorite
لنوو K13 Note,در حد نو,۲ عدد,اصل,۱۲۸ گیگابایت,۴ گیگابایت,۸٬۰۰۰٬۰۰۰ تومان,
اپل iPhone 13 Pro,در حد نو,۱ عدد,اصل,۱۲۸ گیگابایت,۶ گیگابایت,۵۹٬۰۰۰٬۰۰۰ تومان,graphite
سامسونگ Galaxy J5,نو,۲ عدد,اصل,۱۶ گیگابایت,۱.۵ گیگابایت,۳٬۳۰۰٬۰۰۰ تومان,سفید
سایر,نو,۲ عدد,اصل,۶۴ گیگابایت,۴ گیگابایت,۲٬۰۰۰٬۰۰۰ تومان,مشکی
اپل iPhone 13,در حد نو,۲ عدد,اصل,۲۵۶ گیگابایت,۴ گیگابایت,۵۶٬۰۰۰٬۰۰۰ تومان,سفید starlight
اپل iPhone 12 Pro,در حد نو,۱ عدد,اصل,۲۵۶ گیگابایت,۶ گیگابایت,۳۸٬۰۰۰٬۰۰۰ تومان,graphite
سایر,در حد نو,۲ عدد,اصل,,,۱٬۲۰۰٬۰۰۰ تومان (مقطوع),
شیائومی Mi Max 4 Pro,در حد نو,۲ عدد,اصل,۱۲۸ گیگابایت,۶ گیگابایت,۶٬۰۰۰٬۰۰۰ تومان (مقطوع),مشکی
اپل iPhone 13,در حد نو,۲ عدد,اصل,,۴ گیگابایت,۱٬۱۱۱٬۱۱۱ تومان,سفید starlight
سایر,کارکرده,۱ عدد,اصل,,,۷۰۰٬۰۰۰ تومان,
سامسونگ Galaxy S21,در حد نو,۱ عدد,اصل,۱۲۸ گیگابایت,۸ گیگابایت,۱۳٬۰۰۰٬۰۰۰ تومان (مقطوع),
اپل iPhone 8 Plus,نو,۱ عدد,اصل,۶۴ گیگابایت,۳ گیگابایت,۶٬۰۰۰٬۰۰۰ تومان (مقطوع),خاکستری Space
اپل iPhone 8 Plus,در حد نو,۱ عدد,اصل,۶۴ گیگابایت,۳ گیگابایت,۹٬۲۰۰٬۰۰۰ تومان,نقره‌ای
اپل iPhone 13 Pro Max,در حد نو,۲ عدد,اصل,۲۵۶ گیگابایت,۶ گیگابایت,۷۸٬۰۰۰٬۰۰۰ تومان (مقطوع),طلایی
شیائومی Mi Note 10,در حد نو,۲ عدد,اصل,۲۵۶ گیگابایت,۶ گیگابایت,۸٬۷۵۰٬۰۰۰ تومان,مشکی Midnight
سونی,نیاز به تعمیر,,اصل,,,۲٬۰۰۰٬۰۰۰ تومان (مقطوع),
شیائومی Redmi 5A,در حد نو,۲ عدد,اصل,۱۶ گیگابایت,۲ گیگابایت,۱٬۷۰۰٬۰۰۰ تومان,خاکستری Dark
شیائومی Redmi 9T,در حد نو,۲ عدد,اصل,۱۲۸ گیگابایت,۶ گیگابایت,۵٬۵۰۰٬۰۰۰ تومان,
نوکیا,کارکرده,,اصل,,,۱٬۵۸۸٬۰۰۰ تومان,
اپل iPhone 11 Pro Max,در حد نو,۱ عدد,اصل,,۴ گیگابایت,۲۸٬۰۰۰٬۰۰۰ تومان,
نوکیا,در حد نو,,اصل,,,۶۰۰٬۰۰۰ تومان,
اپل iPhone 12 Pro,نو,۱ عدد,اصل,۲۵۶ گیگابایت,۶ گیگابایت,۳۵٬۵۰۰٬۰۰۰ تومان,آبی Pacific
شیائومی Poco X3 NFC,نو,۲ عدد,اصل,۱۲۸ گیگابایت,۶ گیگابایت,۵٬۵۰۰٬۰۰۰ تومان,آبی Cobalt
آنر,در حد نو,,اصل,,,۱۲٬۵۰۰٬۰۰۰ تومان,
اپل iPhone 11 Pro Max,نو,۱ عدد,اصل,۲۵۶ گیگابایت,۴ گیگابایت,۳۹٬۰۰۰٬۰۰۰ تومان (مقطوع),
اپل iPhone 12 Pro Max,نو,۱ عدد,اصل,۲۵۶ گیگابایت,۶ گیگابایت,۴۲٬۵۰۰٬۰۰۰ تومان,آبی Pacific
اپل iPhone 13,در حد نو,۲ عدد,اصل,۱۲۸ گیگابایت,۴ گیگابایت,۴۱٬۰۰۰٬۰۰۰ تومان,مشکی
شیائومی Redmi Note 4X,در حد نو,۲ عدد,اصل,۳۲ گیگابایت,۳ گیگابایت,۲٬۵۰۰٬۰۰۰ تومان (مقطوع),طلایی Champagne
اپل iPhone 7,کارکرده,۱ عدد,اصل,۱۲۸ گیگابایت,۲ گیگابایت,۴٬۸۲۰٬۰۰۰ تومان,مشکی
اپل iPhone 13 Pro Max,در حد نو,۱ عدد,اصل,۲۵۶ گیگابایت,۶ گیگابایت,۷۵٬۰۰۰٬۰۰۰ تومان,آبی Sierra
اپل iPhone 13 Pro,در حد نو,۱ عدد,اصل,۱ ترابایت,۶ گیگابایت,۶۰٬۰۰۰٬۰۰۰ تومان (مقطوع),
شیائومی Poco X3 NFC,در حد نو,۲ عدد,اصل,۱۲۸ گیگابایت,۶ گیگابایت,۶٬۰۰۰٬۰۰۰ تومان,آبی Cobalt
سامسونگ Galaxy A51,نو,۲ عدد,اصل,۱۲۸ گیگابایت,۶ گیگابایت,۴٬۵۰۰٬۰۰۰ تومان,آبی Prism Crush
نوکیا 5.3,در حد نو,۲ عدد,اصل,۶۴ گیگابایت,۴ گیگابایت,۲٬۵۰۰٬۰۰۰ تومان,مشکی
سایر,در حد نو,۲ عدد,اصل,۱۶ گیگابایت,۱ گیگابایت,۱٬۶۰۰٬۰۰۰ تومان (مقطوع),سفید
اپل iPhone 13,نو,۲ عدد,اصل,۱۲۸ گیگابایت,۴ گیگابایت,۴۶٬۰۰۰٬۰۰۰ تومان,آبیmidnight
سامسونگ Galaxy J5 Prime,کارکرده,۲ عدد,اصل,۱۶ گیگابایت,۲ گیگابایت,۲٬۵۰۰٬۰۰۰ تومان,طلایی
سایر,در حد نو,۲ عدد,اصل,۶۴ گیگابایت,۸ گیگابایت,۶٬۰۰۰٬۰۰۰ تومان (مقطوع),سفید
اپل iPhone 13 Pro Max,نو,۱ عدد,اصل,۲۵۶ گیگابایت,۶ گیگابایت,۹۰٬۰۰۰٬۰۰۰ تومان,graphite
اپل iPhone 13,در حد نو,۲ عدد,اصل,۱۲۸ گیگابایت,۴ گیگابایت,۴۳٬۰۰۰٬۰۰۰ تومان (مقطوع),مشکی
اپل iPhone 11 Pro,در حد نو,۱ عدد,اصل,۲۵۶ گیگابایت,۴ گیگابایت,۳۲٬۰۰۰٬۰۰۰ تومان,طلایی Matte
اپل iPhone 13,نو,۲ عدد,اصل,۲۵۶ گیگابایت,۴ گیگابایت,۵۰٬۰۰۰٬۰۰۰ تومان,
اپل iPhone 11 Pro Max,در حد نو,۲ عدد,اصل,۶۴ گیگابایت,۴ گیگابایت,۳۰٬۰۰۰٬۰۰۰ تومان,طلایی Matte
سایر,نو,۲ عدد,اصل,,,۹۰٬۰۰۰٬۰۰۰ تومان,
سامسونگ Galaxy S21 Ultra 5G,در حد نو,۲ عدد,اصل,۲۵۶ گیگابایت,۱۲ گیگابایت,۲۱٬۹۰۰٬۰۰۰ تومان (مقطوع),مشکی Phantom
اپل iPhone 11,در حد نو,۲ عدد,اصل,۱۲۸ گیگابایت,۴ گیگابایت,۲۶٬۰۰۰٬۰۰۰ تومان (مقطوع),سفید
شیائومی Poco X3,در حد نو,۲ عدد,اصل,,۸ گیگابایت,۷٬۰۰۰٬۰۰۰ تومان,آبی Cobalt
اپل iPhone 12 Pro,در حد نو,۲ عدد,اصل,۲۵۶ گیگابایت,۶ گیگابایت,۳۸٬۰۰۰٬۰۰۰ تومان,آبی Pacific
سامسونگ Galaxy J7 (2016),کارکرده,۲ عدد,اصل,۱۶ گیگابایت,۲ گیگابایت,۳٬۸۰۰٬۰۰۰ تومان (مقطوع),مشکی
آنر,در حد نو,,اصل,,,۶٬۵۰۰٬۰۰۰ تومان,
سامسونگ Galaxy Note20 Ultra 5G,در حد نو,۲ عدد,اصل,۲۵۶ گیگابایت,۱۲ گیگابایت,۲۴٬۵۰۰٬۰۰۰ تومان,
اپل iPhone 7,کارکرده,۱ عدد,اصل,۳۲ گیگابایت,۲ گیگابایت,۵٬۰۰۰٬۰۰۰ تومان (مقطوع),نقره‌ای
اپل iPhone 12 Pro,در حد نو,۱ عدد,اصل,۲۵۶ گیگابایت,۶ گیگابایت,۵۷٬۰۰۰٬۰۰۰ تومان (مقطوع),آبی Pacific
شیائومی Mi 11 Pro,در حد نو,۲ عدد,اصل,۱۲۸ گیگابایت,۸ گیگابایت,۸٬۵۰۰٬۰۰۰ تومان (مقطوع),مشکی
سامسونگ Galaxy J5,کارکرده,۱ عدد,اصل,,۱.۵ گیگابایت,۲٬۰۰۰٬۰۰۰ تومان,طلایی
اپل iPhone 13,در حد نو,۲ عدد,اصل,۱۲۸ گیگابایت,۴ گیگابایت,۴۵٬۰۰۰٬۰۰۰ تومان,سفید starlight
سامسونگ Galaxy A70,نو,۲ عدد,اصل,۱۲۸ گیگابایت,,۶٬۵۰۰٬۰۰۰ تومان,
سامسونگ Galaxy S21,کارکرده,۲ عدد,اصل,۱۲۸ گیگابایت,۸ گیگابایت,۱۲٬۸۰۰٬۰۰۰ تومان,خاکستری Phantom
سامسونگ Galaxy A22,در حد نو,۲ عدد,اصل,۱۲۸ گیگابایت,۴ گیگابایت,۶٬۲۰۰٬۰۰۰ تومان (مقطوع),بنفش
اپل iPhone 13 Pro,در حد نو,۱ عدد,اصل,۲۵۶ گیگابایت,۶ گیگابایت,۵۸٬۰۰۰٬۰۰۰ تومان,نقره‌ای
اپل iPhone X,در حد نو,۱ عدد,اصل,۶۴ گیگابایت,۳ گیگابایت,۸٬۷۰۰٬۰۰۰ تومان,خاکستری Space
بلک‌بری Passport,نو,۱ عدد,اصل,۳۲ گیگابایت,۳ گیگابایت,۳۴٬۸۰۰٬۰۰۰ تومان (مقطوع),سفید
نوکیا,نیاز به تعمیر,,اصل,,,۳۰۰٬۰۰۰ تومان (مقطوع),
اپل iPhone 13,در حد نو,۱ عدد,اصل,۱۲۸ گیگابایت,۴ گیگابایت,۴۶٬۰۰۰٬۰۰۰ تومان (مقطوع),مشکی
اپل iPhone 11,در حد نو,۱ عدد,اصل,۶۴ گیگابایت,۴ گیگابایت,۱۹٬۰۰۰٬۰۰۰ تومان,سبز
اپل iPhone 7,در حد نو,۱ عدد,اصل,۱۲۸ گیگابایت,۲ گیگابایت,۵٬۵۰۰٬۰۰۰ تومان,مشکی
شیائومی Poco F3,نو,۲ عدد,اصل,۲۵۶ گیگابایت,۸ گیگابایت,۱٬۰۰۰ تومان,آبی Deep Ocean
شیائومی Poco X3,در حد نو,۲ عدد,اصل,۱۲۸ گیگابایت,۶ گیگابایت,۵٬۵۰۰٬۰۰۰ تومان,
ال‌جی X screen,در حد نو,۲ عدد,اصل,۱۶ گیگابایت,۲ گیگابایت,۹۰۰٬۰۰۰ تومان (مقطوع),سفید
اپل iPhone 12 mini,در حد نو,۱ عدد,اصل,۱۲۸ گیگابایت,۴ گیگابایت,۲۳٬۵۰۰٬۰۰۰ تومان,سبز
اپل iPhone 13,در حد نو,۲ عدد,اصل,۱۲۸ گیگابایت,۴ گیگابایت,۴۵٬۰۰۰٬۰۰۰ تومان,سفید starlight
سامسونگ Galaxy A50s,کارکرده,۲ عدد,اصل,۱۲۸ گیگابایت,۶ گیگابایت,۵٬۶۰۰٬۰۰۰ تومان,سفید Prism Crush
اپل iPhone 13,در حد نو,۲ عدد,اصل,۱۲۸ گیگابایت,۴ گیگابایت,۴۰٬۰۰۰٬۰۰۰ تومان,مشکی
اپل iPhone 13 Pro Max,در حد نو,۱ عدد,اصل,۲۵۶ گیگابایت,۶ گیگابایت,۴۴٬۸۰۰٬۰۰۰ تومان (مقطوع),آبی Sierra
اپل iPhone SE (2020),کارکرده,۱ عدد,اصل,۱۲۸ گیگابایت,۳ گیگابایت,۹٬۷۵۰٬۰۰۰ تومان,سفید
سایر,کارکرده,۲ عدد,اصل,۸ گیگابایت,۸ گیگابایت,۱٬۰۰۰ تومان,مشکی
اپل iPhone SE,در حد نو,۱ عدد,اصل,۱۲۸ گیگابایت,۲ گیگابایت,۱۱٬۰۰۰٬۰۰۰ تومان,خاکستری Space
سامسونگ Galaxy A50,در حد نو,۲ عدد,اصل,۱۲۸ گیگابایت,۴ گیگابایت,۴٬۰۰۰٬۰۰۰ تومان (مقطوع),آبی
سامسونگ Galaxy A31,نیاز به تعمیر,۲ عدد,اصل,۶۴ گیگابایت,۴ گیگابایت,۱٬۲۱۱ تومان,
شیائومی Mi A3,نو,۲ عدد,اصل,۶۴ گیگابایت,۴ گیگابایت,۵٬۳۰۰٬۰۰۰ تومان,خاکستری Kind Of
اپل iPhone 13 Pro Max,در حد نو,۲ عدد,اصل,۲۵۶ گیگابایت,۶ گیگابایت,۸۰٬۰۰۰٬۰۰۰ تومان,آبی Sierra
نوکیا 1,کارکرده,۲ عدد,اصل,۸ گیگابایت,۱ گیگابایت,۷۰۰٬۰۰۰ تومان,
اپل iPhone 13,نو,۲ عدد,اصل,۱۲۸ گیگابایت,۴ گیگابایت,۴۳٬۰۰۰٬۰۰۰ تومان,مشکی
سامسونگ Galaxy A31,در حد نو,۲ عدد,اصل,۱۲۸ گیگابایت,۶ گیگابایت,۶٬۵۰۰٬۰۰۰ تومان,آبی Prism Crush
اپل iPhone 13 Pro Max,در حد نو,۱ عدد,اصل,۱۲۸ گیگابایت,۶ گیگابایت,۶۹٬۰۰۰٬۰۰۰ تومان,
اپل iPhone 13,در حد نو,۲ عدد,اصل,۱۲۸ گیگابایت,۴ گیگابایت,۴۵٬۰۰۰٬۰۰۰ تومان,آبی
اپل iPhone 11 Pro Max,در حد نو,۱ عدد,اصل,,۴ گیگابایت,۲۲٬۱۰۰٬۰۰۰ تومان (مقطوع),
آنر 8S,در حد نو,۲ عدد,اصل,۳۲ گیگابایت,۲ گیگابایت,۲٬۵۰۰٬۰۰۰ تومان,آبی
شیائومی Mi A3,در حد نو,۲ عدد,اصل,۱۲۸ گیگابایت,۴ گیگابایت,۴٬۵۰۰٬۰۰۰ تومان,سفید More Than
نوکیا 2.1,در حد نو,۲ عدد,اصل,۸ گیگابایت,۱ گیگابایت,۱٬۲۰۰٬۰۰۰ تومان (مقطوع),
شیائومی Poco M3 Pro 5G,در حد نو,۲ عدد,اصل,۱۲۸ گیگابایت,۶ گیگابایت,۵٬۵۰۰٬۰۰۰ تومان,خاکستری Graphite
آنر 9X,در حد نو,۲ عدد,اصل,۱۲۸ گیگابایت,۶ گیگابایت,۲٬۲۰۰٬۰۰۰ تومان (مقطوع),آبی Sapphire
سایر,نو,۲ عدد,اصل,,,۶۸۰٬۰۰۰ تومان,مشکی
اپل iPhone 13 Pro,در حد نو,۲ عدد,اصل,۲۵۶ گیگابایت,۶ گیگابایت,۸۵٬۰۰۰٬۰۰۰ تومان,آبی Sierra
موتورولا,نو,,اصل,,,۶٬۹۰۰٬۰۰۰ تومان (مقطوع),
سامسونگ Galaxy Note10,کارکرده,۱ عدد,اصل,۲۵۶ گیگابایت,۸ گیگابایت,۱۷٬۰۰۰٬۰۰۰ تومان,
اپل iPhone 13 Pro,کارکرده,۲ عدد,اصل,۲۵۶ گیگابایت,۶ گیگابایت,۷۵٬۰۰۰٬۰۰۰ تومان,آبی Sierra
اپل iPhone 13,در حد نو,۲ عدد,اصل,۱۲۸ گیگابایت,۴ گیگابایت,۳۹٬۰۰۰٬۰۰۰ تومان,آبی
اپل iPhone 13 mini,نو,۱ عدد,غیر اصل,۱۲۸ گیگابایت,۴ گیگابایت,۸٬۰۰۰٬۰۰۰ تومان,آبیmidnight
اپل iPhone 13 Pro,در حد نو,۲ عدد,اصل,۲۵۶ گیگابایت,۶ گیگابایت,۷۲٬۹۰۰٬۰۰۰ تومان,graphite
اپل iPhone 12 Pro,در حد نو,۱ عدد,اصل,۲۵۶ گیگابایت,۶ گیگابایت,۳۸٬۹۰۰٬۰۰۰ تومان,آبی Pacific
اپل iPhone 7 Plus,در حد نو,۱ عدد,اصل,۱۲۸ گیگابایت,۳ گیگابایت,۵٬۰۰۰٬۰۰۰ تومان (مقطوع),مشکی
اپل iPhone 5,کارکرده,۱ عدد,اصل,,۱ گیگابایت,۱٬۵۰۰٬۰۰۰ تومان,
هواوی P smart,در حد نو,۲ عدد,اصل,۳۲ گیگابایت,۳ گیگابایت,۲٬۹۰۰٬۰۰۰ تومان (مقطوع),مشکی
سامسونگ Galaxy S21,در حد نو,۲ عدد,اصل,۱۲۸ گیگابایت,۸ گیگابایت,۱۷٬۵۵۰٬۰۰۰ تومان (مقطوع),خاکستری Phantom
اپل iPhone 13 Pro Max,در حد نو,۲ عدد,اصل,۲۵۶ گیگابایت,۶ گیگابایت,۷۷٬۰۰۰٬۰۰۰ تومان,آبی Sierra
سامسونگ Galaxy A7 (2018),در حد نو,۲ عدد,اصل,۱۲۸ گیگابایت,۶ گیگابایت,۳٬۰۰۰٬۰۰۰ تومان (مقطوع),آبی
سامسونگ Galaxy A32 5G,در حد نو,۲ عدد,اصل,۱۲۸ گیگابایت,۸ گیگابایت,۸٬۵۰۰٬۰۰۰ تومان,مشکی Awesome
اپل iPhone 7 Plus,در حد نو,۱ عدد,اصل,۲۵۶ گیگابایت,۳ گیگابایت,۸٬۰۰۰٬۰۰۰ تومان,طلایی
اپل iPhone 11 Pro,در حد نو,۱ عدد,اصل,۲۵۶ گیگابایت,۴ گیگابایت,۲۶٬۳۰۰٬۰۰۰ تومان,سبز Matte Midnight
اپل iPhone 11,در حد نو,۱ عدد,اصل,۱۲۸ گیگابایت,۴ گیگابایت,۲۳٬۵۰۰٬۰۰۰ تومان,مشکی
اپل iPhone 11 Pro,در حد نو,۲ عدد,اصل,۶۴ گیگابایت,۴ گیگابایت,۲۷٬۰۰۰٬۰۰۰ تومان,خاکستری Matte Space
اپل iPhone 12 Pro,در حد نو,۲ عدد,اصل,,۶ گیگابایت,۳۸٬۰۰۰٬۰۰۰ تومان,
آنر 8,کارکرده,۲ عدد,اصل,۳۲ گیگابایت,۴ گیگابایت,۳٬۰۰۰٬۰۰۰ تومان,مشکی Midnight
اپل iPhone 11 Pro Max,در حد نو,۲ عدد,اصل,۲۵۶ گیگابایت,۴ گیگابایت,۳۸٬۰۰۰٬۰۰۰ تومان (مقطوع),طلایی Matte
آنر,در حد نو,,اصل,,,۱۱٬۰۰۰٬۰۰۰ تومان,
اپل iPhone 7 Plus,در حد نو,۱ عدد,اصل,۱۲۸ گیگابایت,۳ گیگابایت,۷٬۵۰۰٬۰۰۰ تومان,نقره‌ای
نوکیا,نو,,اصل,,,۲٬۰۰۰٬۰۰۰ تومان (مقطوع),
اپل iPhone 13 Pro Max,نو,۲ عدد,اصل,۲۵۶ گیگابایت,۶ گیگابایت,۵۸٬۰۰۰٬۰۰۰ تومان (مقطوع),طلایی
هواوی,در حد نو,,اصل,,,۱٬۰۰۰٬۰۰۰ تومان,
هواوی G8,کارکرده,۲ عدد,اصل,۳۲ گیگابایت,۳ گیگابایت,۱٬۳۰۰٬۰۰۰ تومان,طلایی
اپل iPhone 8 Plus,در حد نو,۱ عدد,اصل,۲۵۶ گیگابایت,۳ گیگابایت,۱۱٬۴۰۰٬۰۰۰ تومان (مقطوع),خاکستری Space
اپل iPhone 7 Plus,در حد نو,۱ عدد,اصل,۱۲۸ گیگابایت,۳ گیگابایت,۸٬۰۰۰٬۰۰۰ تومان (مقطوع),مشکی
اپل iPhone 12,نو,۲ عدد,اصل,۲۵۶ گیگابایت,۴ گیگابایت,۴۰٬۰۰۰٬۰۰۰ تومان,
اپل iPhone 6s,در حد نو,۱ عدد,اصل,۶۴ گیگابایت,۲ گیگابایت,۴٬۲۰۰٬۰۰۰ تومان,طلایی Rose
سامسونگ Galaxy A10s,کارکرده,۲ عدد,اصل,۳۲ گیگابایت,,۲٬۰۰۰٬۰۰۰ تومان,
هواوی Y6p,کارکرده,۲ عدد,اصل,۳۲ گیگابایت,۳ گیگابایت,۲٬۶۰۰٬۰۰۰ تومان (مقطوع),مشکی Midnight
سایر,نو,۱ عدد,اصل,,,۱۸٬۰۰۰٬۰۰۰ تومان,
سامسونگ Galaxy S10+,در حد نو,۲ عدد,اصل,۱۲۸ گیگابایت,۸ گیگابایت,۱۲٬۵۰۰٬۰۰۰ تومان,مشکی Prism
اپل iPhone XS Max,در حد نو,۱ عدد,اصل,۲۵۶ گیگابایت,۴ گیگابایت,۱۸٬۵۰۰٬۰۰۰ تومان,خاکستری Space
شیائومی Redmi 9A,در حد نو,۲ عدد,اصل,۳۲ گیگابایت,۲ گیگابایت,۳٬۳۰۰٬۰۰۰ تومان (مقطوع),خاکستری Carbon
اپل iPhone 7 Plus,در حد نو,۱ عدد,اصل,۱۲۸ گیگابایت,۳ گیگابایت,۶٬۸۵۰٬۰۰۰ تومان,قرمز
شیائومی,نو,,اصل,,,۱۳٬۲۰۰٬۰۰۰ تومان,
اپل iPhone 13,در حد نو,۲ عدد,اصل,۱۲۸ گیگابایت,۴ گیگابایت,۴۸٬۱۰۰٬۰۰۰ تومان,
شیائومی 11T,در حد نو,۲ عدد,اصل,۱۲۸ گیگابایت,۸ گیگابایت,۸٬۸۰۰٬۰۰۰ تومان,خاکستری Meteorite
اپل iPhone 13,در حد نو,۲ عدد,اصل,۱۲۸ گیگابایت,۴ گیگابایت,۲۷٬۰۰۰٬۰۰۰ تومان,سفید starlight
شیائومی,نو,۲ عدد,اصل,,۵۱۲ مگابایت,۱۰٬۱۰۰٬۰۰۰ تومان,
اپل iPhone XS,در حد نو,۱ عدد,اصل,۲۵۶ گیگابایت,۴ گیگابایت,۱۶٬۰۰۰٬۰۰۰ تومان (مقطوع),خاکستری Space
سامسونگ Galaxy A50,در حد نو,۲ عدد,اصل,۱۲۸ گیگابایت,۴ گیگابایت,۶٬۲۰۰٬۰۰۰ تومان (مقطوع),مشکی
آنر,در حد نو,۲ عدد,اصل,۳۲ گیگابایت,۲ گیگابایت,۱٬۹۲۰٬۰۰۰ تومان (مقطوع),
اپل iPhone 11,در حد نو,۱ عدد,اصل,۱۲۸ گیگابایت,۴ گیگابایت,۲۱٬۵۰۰٬۰۰۰ تومان,مشکی
اپل iPhone 13,نو,۲ عدد,اصل,۱۲۸ گیگابایت,۴ گیگابایت,۴۰٬۵۰۰٬۰۰۰ تومان,صورتی
اپل iPhone 13 Pro,در حد نو,۲ عدد,اصل,۱۲۸ گیگابایت,۶ گیگابایت,۶۲٬۰۰۰٬۰۰۰ تومان,graphite
اپل iPhone 12 Pro Max,در حد نو,۱ عدد,اصل,۵۱۲ گیگابایت,۶ گیگابایت,۵۴٬۴۰۰٬۰۰۰ تومان,آبی Pacific
سایر,نو,۲ عدد,اصل,۱۶ گیگابایت,۲ گیگابایت,۱٬۴۹۰٬۰۰۰ تومان,
اپل iPhone 13 Pro Max,در حد نو,۲ عدد,اصل,۲۵۶ گیگابایت,۶ گیگابایت,۱٬۰۰۰ تومان,نقره‌ای
نوکیا 110 4G,در حد نو,۲ عدد,اصل,مطرح نیست,مطرح نیست,۶۵۰٬۰۰۰ تومان,
شیائومی Mi Mix 2S,کارکرده,۲ عدد,اصل,۱۲۸ گیگابایت,۶ گیگابایت,۳٬۵۰۰٬۰۰۰ تومان (مقطوع),مشکی
شیائومی,کارکرده,,اصل,,,۴٬۰۰۰٬۰۰۰ تومان (مقطوع),
اپل iPhone 13,در حد نو,۲ عدد,اصل,۲۵۶ گیگابایت,۴ گیگابایت,۴۱٬۵۰۰٬۰۰۰ تومان,مشکی
اپل iPhone X,در حد نو,۱ عدد,اصل,۶۴ گیگابایت,۳ گیگابایت,۱۱٬۰۰۰٬۰۰۰ تومان (مقطوع),خاکستری Space
سایر,در حد نو,۲ عدد,اصل,مطرح نیست,مطرح نیست,۱٬۰۰۰٬۰۰۰ تومان,
اپل iPhone 11,نو,۱ عدد,اصل,۱۲۸ گیگابایت,۴ گیگابایت,۲۰٬۷۰۰٬۰۰۰ تومان,سفید
اپل iPhone 13,در حد نو,۲ عدد,اصل,۱۲۸ گیگابایت,۴ گیگابایت,۳۸٬۹۰۰٬۰۰۰ تومان,آبیmidnight
اپل iPhone 12 Pro,در حد نو,۲ عدد,اصل,۵۱۲ گیگابایت,۶ گیگابایت,۴۴٬۵۰۰٬۰۰۰ تومان,آبی Pacific
سامسونگ,نو,,اصل,,,۱۲٬۲۰۰٬۰۰۰ تومان,
اپل iPhone 13 Pro,در حد نو,۲ عدد,اصل,۲۵۶ گیگابایت,۶ گیگابایت,۷۹٬۵۰۰٬۰۰۰ تومان,طلایی
اپل iPhone 11,در حد نو,۱ عدد,اصل,۱۲۸ گیگابایت,۴ گیگابایت,۲۳٬۰۰۰٬۰۰۰ تومان (مقطوع),سفید
شیائومی Poco X3 NFC,کارکرده,۲ عدد,اصل,۱۲۸ گیگابایت,۸ گیگابایت,۱٬۰۰۰٬۰۰۰ تومان (مقطوع),خاکستری Shadow
اپل iPhone 11,در حد نو,۱ عدد,اصل,۶۴ گیگابایت,۴ گیگابایت,۱۷٬۷۰۰٬۰۰۰ تومان,قرمز
نوکیا,کارکرده,,اصل,,,۵۰۰٬۰۰۰ تومان,
شیائومی,نو,,اصل,,,۸٬۵۰۰٬۰۰۰ تومان,
نوکیا,نو,,اصل,,,۵۰۰٬۰۰۰ تومان,
اپل iPhone 13 Pro Max,در حد نو,۲ عدد,اصل,۲۵۶ گیگابایت,۶ گیگابایت,۵۲٬۵۰۰٬۰۰۰ تومان,نقره‌ای
شیائومی Mi Note 10,در حد نو,۲ عدد,اصل,۱۲۸ گیگابایت,۶ گیگابایت,۸٬۶۵۰٬۰۰۰ تومان (مقطوع),مشکی Midnight
هواوی Y5II,کارکرده,۲ عدد,اصل,۸ گیگابایت,۱ گیگابایت,۱٬۲۰۰٬۰۰۰ تومان (مقطوع),آبی Sky
اپل iPhone 13,در حد نو,۲ عدد,اصل,۱۲۸ گیگابایت,۴ گیگابایت,۳۸٬۵۰۰٬۰۰۰ تومان,مشکی
سامسونگ Galaxy A12,کارکرده,۲ عدد,اصل,,,۷۰۰٬۰۰۰ تومان,
اپل iPhone 13,در حد نو,۲ عدد,اصل,۱۲۸ گیگابایت,۴ گیگابایت,۴۲٬۰۰۰٬۰۰۰ تومان (مقطوع),مشکی
اپل iPhone SE,کارکرده,۱ عدد,اصل,۱۶ گیگابایت,۲ گیگابایت,۳٬۲۰۰٬۰۰۰ تومان,طلایی Rose
اپل,نو,۲ عدد,غیر اصل,۱۲۸ گیگابایت,۶ گیگابایت,۵٬۸۹۰٬۰۰۰ تومان,
اپل iPhone 11,در حد نو,۲ عدد,اصل,۱۲۸ گیگابایت,۴ گیگابایت,۲۲٬۵۰۰٬۰۰۰ تومان (مقطوع),مشکی
اپل iPhone 11,در حد نو,۲ عدد,اصل,۱۲۸ گیگابایت,۴ گیگابایت,۲۲٬۵۰۰٬۰۰۰ تومان,مشکی
هواوی Ascend Y320,نیاز به تعمیر,۱ عدد,اصل,۴ گیگابایت,۵۱۲ مگابایت,۱٬۷۵۰٬۰۰۰ تومان,
شیائومی Redmi 9A,در حد نو,۲ عدد,اصل,۶۴ گیگابایت,۴ گیگابایت,۳٬۰۰۰٬۰۰۰ تومان,آبی Sky
نوکیا 8,کارکرده,۲ عدد,اصل,۶۴ گیگابایت,۴ گیگابایت,۳٬۹۸۰٬۰۰۰ تومان,آبی Polished
شیائومی Poco F3,نو,۲ عدد,اصل,۱۲۸ گیگابایت,۶ گیگابایت,۹٬۵۰۰٬۰۰۰ تومان (مقطوع),
شیائومی Redmi Note 9T,در حد نو,۲ عدد,اصل,۱۲۸ گیگابایت,۴ گیگابایت,۵٬۰۰۰٬۰۰۰ تومان (مقطوع),بنفش Daybreak
اپل iPhone XS,در حد نو,۱ عدد,اصل,۲۵۶ گیگابایت,۴ گیگابایت,۱۶٬۰۰۰٬۰۰۰ تومان,خاکستری Space
سامسونگ,نو,,اصل,,,۲۶٬۰۰۰٬۰۰۰ تومان,
اپل iPhone 13 mini,نو,۲ عدد,اصل,۱۲۸ گیگابایت,۴ گیگابایت,۴۷٬۸۰۰٬۰۰۰ تومان,سفید starlight
هواوی Y6,در حد نو,۲ عدد,اصل,۸ گیگابایت,۲ گیگابایت,۱٬۶۰۰٬۰۰۰ تومان,سفید
هواوی,در حد نو,,اصل,,,۴٬۰۰۰٬۰۰۰ تومان,
اپل iPhone X,در حد نو,۱ عدد,اصل,,۳ گیگابایت,۹٬۶۰۰٬۰۰۰ تومان (مقطوع),
هواوی Y7 Prime (2019),در حد نو,۲ عدد,اصل,,۳ گیگابایت,۳٬۰۰۰٬۰۰۰ تومان,
سامسونگ Galaxy A7 (2017),در حد نو,۲ عدد,اصل,۳۲ گیگابایت,۳ گیگابایت,۴٬۰۰۰٬۰۰۰ تومان,طلایی Sand
هواوی Y7 Prime (2019),در حد نو,۲ عدد,اصل,۳۲ گیگابایت,۳ گیگابایت,۳٬۵۰۰٬۰۰۰ تومان (مقطوع),آبی Aurora
آنر 9X,در حد نو,۲ عدد,اصل,۱۲۸ گیگابایت,۶ گیگابایت,۴٬۰۰۰٬۰۰۰ تومان,مشکی Midnight
اپل iPhone 13,نو,۲ عدد,اصل,۱۲۸ گیگابایت,۴ گیگابایت,۴۷٬۲۰۰٬۰۰۰ تومان,
نوکیا 8.1 Plus,کارکرده,۲ عدد,اصل,,,۶۰۰٬۰۰۰ تومان,آبی
اپل iPhone 8 Plus,در حد نو,۱ عدد,اصل,۶۴ گیگابایت,۳ گیگابایت,۱۲٬۵۰۰٬۰۰۰ تومان,خاکستری Space
سامسونگ,نو,۲ عدد,اصل,۶۴ گیگابایت,۴ گیگابایت,۱٬۷۰۰٬۰۰۰ تومان,
سامسونگ Galaxy Note8,کارکرده,۱ عدد,اصل,۶۴ گیگابایت,۶ گیگابایت,۱٬۱۰۰٬۰۰۰ تومان (مقطوع),خاکستری Orchid
نوکیا,نو,,اصل,,,۱٬۲۰۰٬۰۰۰ تومان (مقطوع),
سایر,نو,۲ عدد,اصل,,۸ گیگابایت,۱۷٬۴۰۰٬۰۰۰ تومان,
شیائومی,در حد نو,,اصل,,,۱۰٬۲۹۰٬۰۰۰ تومان,
اپل iPhone 12 Pro,در حد نو,۲ عدد,اصل,۲۵۶ گیگابایت,۶ گیگابایت,۳۶٬۰۰۰٬۰۰۰ تومان,طلایی
اپل iPhone XS Max,در حد نو,۱ عدد,اصل,۲۵۶ گیگابایت,۴ گیگابایت,۲۳٬۹۰۰٬۰۰۰ تومان,خاکستری Space
سامسونگ Galaxy Grand 2,نو,۲ عدد,اصل,۸ گیگابایت,۱.۵ گیگابایت,۲٬۳۰۰٬۰۰۰ تومان,مشکی
اپل iPhone 13 Pro Max,در حد نو,۱ عدد,اصل,۲۵۶ گیگابایت,۶ گیگابایت,۴۷٬۰۰۰٬۰۰۰ تومان,آبی Sierra
آنر 7A,کارکرده,۲ عدد,اصل,۱۶ گیگابایت,۳ گیگابایت,۱٬۴۰۰٬۰۰۰ تومان (مقطوع),مشکی
هواوی Y9 Prime (2019),نو,۲ عدد,اصل,۱۲۸ گیگابایت,۴ گیگابایت,۴٬۵۰۰٬۰۰۰ تومان,آبی Sapphire
سامسونگ Galaxy A52s 5G,در حد نو,۲ عدد,اصل,۲۵۶ گیگابایت,۸ گیگابایت,۱۰٬۵۰۰٬۰۰۰ تومان,بنفش Awesome
سامسونگ Galaxy J7 (2016),کارکرده,۲ عدد,اصل,۱۶ گیگابایت,۲ گیگابایت,۱٬۵۰۰٬۰۰۰ تومان,طلایی Rose
هواوی Y8p,در حد نو,۲ عدد,اصل,۱۲۸ گیگابایت,۶ گیگابایت,۴٬۱۰۰٬۰۰۰ تومان,مشکی Midnight
اپل iPhone XS Max,در حد نو,۲ عدد,اصل,۲۵۶ گیگابایت,۴ گیگابایت,۱۷٬۰۰۰٬۰۰۰ تومان,خاکستری Space
شیائومی 11 Lite 5G NE,در حد نو,۲ عدد,اصل,۲۵۶ گیگابایت,۸ گیگابایت,۸٬۵۰۰٬۰۰۰ تومان,سفید Snowflake
شیائومی Redmi Note 9,در حد نو,۲ عدد,اصل,۱۲۸ گیگابایت,۴ گیگابایت,۵٬۵۰۰٬۰۰۰ تومان,خاکستری Midnight
اپل iPhone XS Max,در حد نو,۱ عدد,اصل,۲۵۶ گیگابایت,۴ گیگابایت,۲۱٬۹۰۰٬۰۰۰ تومان,طلایی
اپل iPhone 6s Plus,در حد نو,۱ عدد,اصل,۱۲۸ گیگابایت,۲ گیگابایت,۳٬۱۰۰٬۰۰۰ تومان,نقره‌ای
شیائومی Redmi Note 8,در حد نو,۲ عدد,اصل,۶۴ گیگابایت,۴ گیگابایت,۴٬۴۰۰٬۰۰۰ تومان,آبی Neptune
اپل iPhone 13 Pro Max,کارکرده,۲ عدد,اصل,۲۵۶ گیگابایت,۶ گیگابایت,۵۵٬۰۰۰٬۰۰۰ تومان (مقطوع),آبی Sierra
اپل iPhone 6s Plus,نو,۱ عدد,اصل,۱۲۸ گیگابایت,۲ گیگابایت,۴٬۲۰۰٬۰۰۰ تومان,خاکستری Space
سایر,نو,۲ عدد,اصل,۵۱۲ گیگابایت,۱۲ گیگابایت,۱۹٬۴۴۰٬۰۰۰ تومان,
اپل iPhone X,نو,۱ عدد,اصل,۶۴ گیگابایت,۳ گیگابایت,۵٬۰۰۰٬۰۰۰ تومان,خاکستری Space
سونی اریکسون,در حد نو,,اصل,,,۶۵۰٬۰۰۰ تومان,
اپل iPhone 13 Pro,در حد نو,۲ عدد,اصل,۱۲۸ گیگابایت,۶ گیگابایت,۵۸٬۵۰۰٬۰۰۰ تومان,آبی Sierra
اپل iPhone 11 Pro Max,کارکرده,۱ عدد,اصل,۲۵۶ گیگابایت,۴ گیگابایت,۲۸٬۰۰۰٬۰۰۰ تومان,خاکستری Matte Space
اپل iPhone 12,کارکرده,۲ عدد,اصل,۱۲۸ گیگابایت,۴ گیگابایت,۲۸٬۰۰۰٬۰۰۰ تومان,آبی
اپل iPhone 11 Pro Max,کارکرده,۲ عدد,اصل,۲۵۶ گیگابایت,۴ گیگابایت,۳۲٬۰۰۰٬۰۰۰ تومان,خاکستری Matte Space
اپل iPhone 13,در حد نو,۲ عدد,اصل,۱۲۸ گیگابایت,۴ گیگابایت,۴۷٬۰۰۰٬۰۰۰ تومان,سفید starlight
شیائومی Poco X3 NFC,نیاز به تعمیر,۲ عدد,اصل,,,۴٬۰۰۰٬۰۰۰ تومان (مقطوع),
ال‌جی Folder 2,در حد نو,۱ عدد,اصل,۸ گیگابایت,۱ گیگابایت,۱٬۱۰۰٬۰۰۰ تومان (مقطوع),سفید
اپل iPhone 13,نو,۲ عدد,اصل,۱۲۸ گیگابایت,۴ گیگابایت,۴۷٬۰۰۰٬۰۰۰ تومان,
سامسونگ,نو,,اصل,,,۱۱٬۲۰۰٬۰۰۰ تومان,
اپل iPhone 12 Pro,کارکرده,۱ عدد,اصل,۲۵۶ گیگابایت,۶ گیگابایت,۱٬۱۱۱ تومان,طلایی
آنر 8X,در حد نو,۲ عدد,اصل,۱۲۸ گیگابایت,۶ گیگابایت,۷٬۵۰۰٬۰۰۰ تومان,آبی
اپل iPhone 12 Pro,در حد نو,۱ عدد,اصل,۱۲۸ گیگابایت,۶ گیگابایت,۲۵٬۵۳۰٬۰۰۰ تومان,آبی Pacific
شیائومی Poco X3 GT,در حد نو,۲ عدد,اصل,۲۵۶ گیگابایت,۸ گیگابایت,۷٬۰۰۰٬۰۰۰ تومان,مشکی Stargaze
شیائومی,نو,۲ عدد,اصل,۲۵۶ گیگابایت,۸ گیگابایت,۵٬۵۰۰٬۰۰۰ تومان,
شیائومی Redmi Note 8 Pro,در حد نو,۲ عدد,اصل,۱۲۸ گیگابایت,۶ گیگابایت,۲٬۶۰۰٬۰۰۰ تومان (مقطوع),آبی Midnight
اپل iPhone 13 Pro Max,در حد نو,۲ عدد,اصل,۲۵۶ گیگابایت,۶ گیگابایت,۷۸٬۰۰۰٬۰۰۰ تومان,آبی Sierra
اپل iPhone 11 Pro,در حد نو,۱ عدد,اصل,۲۵۶ گیگابایت,۴ گیگابایت,۲۴٬۰۰۰٬۰۰۰ تومان,سبز Matte Midnight
نوکیا,کارکرده,,اصل,,,۱۱٬۱۱۱ تومان,
اپل iPhone 13 Pro Max,در حد نو,۱ عدد,اصل,۲۵۶ گیگابایت,۶ گیگابایت,۸۴٬۰۰۰٬۰۰۰ تومان,طلایی
اپل iPhone 6s,کارکرده,۱ عدد,اصل,۶۴ گیگابایت,۲ گیگابایت,۴٬۱۵۰٬۰۰۰ تومان,طلایی Rose
سامسونگ Galaxy J5 Prime (2017),در حد نو,۲ عدد,اصل,۳۲ گیگابایت,۳ گیگابایت,۲٬۸۵۰٬۰۰۰ تومان,طلایی
اپل iPhone 13 Pro,در حد نو,۲ عدد,اصل,۲۵۶ گیگابایت,۶ گیگابایت,۶۸٬۰۰۰٬۰۰۰ تومان (مقطوع),graphite
سامسونگ Galaxy J1,در حد نو,۲ عدد,اصل,۴ گیگابایت,۵۱۲ مگابایت,۱٬۵۰۰٬۰۰۰ تومان,
سامسونگ,نو,۲ عدد,اصل,,,۵٬۴۹۰٬۰۰۰ تومان,
سامسونگ,نو,۲ عدد,اصل,,,۶٬۷۹۰٬۰۰۰ تومان,
سامسونگ Galaxy S21 5G,در حد نو,۲ عدد,اصل,۲۵۶ گیگابایت,۸ گیگابایت,۱۸٬۰۰۰٬۰۰۰ تومان (مقطوع),
سامسونگ Galaxy S20 FE,در حد نو,۲ عدد,اصل,۱۲۸ گیگابایت,۸ گیگابایت,۱۱٬۰۰۰٬۰۰۰ تومان,آبی
اپل iPhone 11 Pro Max,در حد نو,۲ عدد,اصل,۲۵۶ گیگابایت,۴ گیگابایت,۳۲٬۵۰۰٬۰۰۰ تومان,طلایی Matte
هواوی,کارکرده,,غیر اصل,,,۷۳۰٬۰۰۰ تومان,
شیائومی Redmi Note 9S,کارکرده,۲ عدد,اصل,۶۴ گیگابایت,۴ گیگابایت,۴٬۰۰۰٬۰۰۰ تومان,آبی Aurora
اپل iPhone 13 Pro Max,در حد نو,۲ عدد,اصل,۲۵۶ گیگابایت,۶ گیگابایت,۷۵٬۰۰۰٬۰۰۰ تومان,graphite
اپل iPhone 11,در حد نو,۱ عدد,اصل,۲۵۶ گیگابایت,۴ گیگابایت,۲۲٬۰۰۰٬۰۰۰ تومان,مشکی
شیائومی 11 Lite 5G NE,در حد نو,۲ عدد,اصل,۱۲۸ گیگابایت,۸ گیگابایت,۸٬۵۰۰٬۰۰۰ تومان (مقطوع),مشکی Truffle
سامسونگ Galaxy J7,در حد نو,۲ عدد,اصل,۱۶ گیگابایت,۱.۵ گیگابایت,۳٬۱۰۰٬۰۰۰ تومان,طلایی
اپل iPhone 13,در حد نو,۲ عدد,اصل,۱۲۸ گیگابایت,۴ گیگابایت,۴۲٬۵۰۰٬۰۰۰ تومان (مقطوع),صورتی
سامسونگ Galaxy J7 (2016),در حد نو,۲ عدد,اصل,۱۶ گیگابایت,۲ گیگابایت,۲٬۹۰۰٬۰۰۰ تومان,مشکی
سامسونگ Galaxy M62,در حد نو,۲ عدد,اصل,۲۵۶ گیگابایت,۸ گیگابایت,۱۰٬۶۰۰٬۰۰۰ تومان,خاکستری Laser
شیائومی,نو,۲ عدد,اصل,۵۱۲ گیگابایت,۱۲ گیگابایت,۱۸٬۶۹۰٬۰۰۰ تومان,
اپل iPhone X,در حد نو,۱ عدد,اصل,۲۵۶ گیگابایت,۳ گیگابایت,۵٬۰۰۰٬۰۰۰ تومان,خاکستری Space
نوکیا,نو,,اصل,,,۸۰۰٬۰۰۰ تومان,
سامسونگ Galaxy Grand I9080,در حد نو,۱ عدد,اصل,۸ گیگابایت,۱ گیگابایت,۵۰۰٬۰۰۰ تومان (مقطوع),سفید
اپل iPhone 7 Plus,نو,۱ عدد,اصل,۳۲ گیگابایت,۳ گیگابایت,۱۲۳٬۴۵۶ تومان,نقره‌ای
سامسونگ Galaxy A52s 5G,در حد نو,۲ عدد,اصل,۲۵۶ گیگابایت,۸ گیگابایت,۳٬۶۸۰٬۰۰۰ تومان,مشکی Awesome
اپل iPhone 11 Pro Max,در حد نو,۱ عدد,اصل,۵۱۲ گیگابایت,۴ گیگابایت,۳۰٬۰۰۰٬۰۰۰ تومان,
سامسونگ Galaxy S20 FE,در حد نو,۲ عدد,اصل,۱۲۸ گیگابایت,۸ گیگابایت,۱۲٬۸۰۰٬۰۰۰ تومان,
اپل iPhone 7 Plus,در حد نو,۱ عدد,اصل,۱۲۸ گیگابایت,۳ گیگابایت,۷٬۳۰۰٬۰۰۰ تومان (مقطوع),نقره‌ای
اپل iPhone X,در حد نو,۱ عدد,اصل,۶۴ گیگابایت,۳ گیگابایت,۱۱٬۵۰۰٬۰۰۰ تومان (مقطوع),خاکستری Space
شیائومی Redmi Note 8,کارکرده,۲ عدد,اصل,۱۲۸ گیگابایت,۴ گیگابایت,۳٬۵۰۰٬۰۰۰ تومان,آبی Neptune
اپل iPhone 13,نو,۲ عدد,اصل,۱۲۸ گیگابایت,۴ گیگابایت,۵۰٬۵۰۰٬۰۰۰ تومان,صورتی
اپل iPhone 7 Plus,در حد نو,۱ عدد,اصل,۱۲۸ گیگابایت,۳ گیگابایت,۶٬۵۰۰٬۰۰۰ تومان,مشکی
اپل iPhone 7 Plus,کارکرده,۱ عدد,اصل,۲۵۶ گیگابایت,۳ گیگابایت,۶٬۳۰۰٬۰۰۰ تومان,مشکی
اپل iPhone 13 Pro Max,در حد نو,۱ عدد,اصل,۵۱۲ گیگابایت,۶ گیگابایت,۵۰٬۰۰۰٬۰۰۰ تومان,graphite
سامسونگ Galaxy S20 Ultra 5G,در حد نو,۲ عدد,اصل,۱۲۸ گیگابایت,۱۲ گیگابایت,۱۹٬۹۰۰٬۰۰۰ تومان,مشکی Cosmic
اپل iPhone 13,کارکرده,۲ عدد,اصل,۱۲۸ گیگابایت,۴ گیگابایت,۳۳٬۰۰۰٬۰۰۰ تومان,آبی
اپل iPhone 13,کارکرده,۲ عدد,اصل,۲۵۶ گیگابایت,۴ گیگابایت,۵۳٬۰۰۰٬۰۰۰ تومان,سفید starlight
اپل iPhone 11,کارکرده,۲ عدد,اصل,۱۲۸ گیگابایت,۴ گیگابایت,۱٬۱۱۱٬۱۱۱ تومان,مشکی
اپل iPhone X,در حد نو,۱ عدد,اصل,۶۴ گیگابایت,۳ گیگابایت,۱۱٬۰۰۰٬۰۰۰ تومان,خاکستری Space
اپل iPhone X,در حد نو,۱ عدد,اصل,۲۵۶ گیگابایت,۳ گیگابایت,۱۲٬۸۰۰٬۰۰۰ تومان,خاکستری Space
اپل iPhone 8,در حد نو,۱ عدد,اصل,۲۵۶ گیگابایت,۲ گیگابایت,۶٬۳۰۰٬۰۰۰ تومان (مقطوع),خاکستری Space
اپل iPhone 11 Pro,در حد نو,۲ عدد,اصل,۲۵۶ گیگابایت,۴ گیگابایت,۲۶٬۰۰۰٬۰۰۰ تومان,سبز Matte Midnight
اپل iPhone 8,در حد نو,۱ عدد,اصل,۲۵۶ گیگابایت,۲ گیگابایت,۸٬۵۰۰٬۰۰۰ تومان,خاکستری Space
اپل iPhone 12 Pro,در حد نو,۲ عدد,اصل,۲۵۶ گیگابایت,۶ گیگابایت,۴۲٬۰۰۰٬۰۰۰ تومان,graphite
اپل iPhone 13,نو,۲ عدد,اصل,,۴ گیگابایت,۴۵٬۸۰۰٬۰۰۰ تومان,
سامسونگ,نو,۲ عدد,اصل,۶۴ گیگابایت,۴ گیگابایت,۲٬۰۰۰٬۰۰۰ تومان,
اپل iPhone 12 Pro Max,در حد نو,۱ عدد,اصل,۲۵۶ گیگابایت,۶ گیگابایت,۵۰٬۰۰۰٬۰۰۰ تومان (مقطوع),نقره‌ای
اپل iPhone 12 Pro Max,در حد نو,۲ عدد,اصل,۲۵۶ گیگابایت,۶ گیگابایت,۵۷٬۰۰۰٬۰۰۰ تومان,graphite
هواوی Y7 Prime,در حد نو,۲ عدد,اصل,۳۲ گیگابایت,۳ گیگابایت,۱٬۶۰۰٬۰۰۰ تومان (مقطوع),طلایی Prestige
شیائومی Mi Note 10,در حد نو,۲ عدد,اصل,۱۲۸ گیگابایت,۶ گیگابایت,۶٬۵۰۰٬۰۰۰ تومان (مقطوع),مشکی Midnight
اپل iPhone 13 Pro Max,نو,۱ عدد,اصل,۱ ترابایت,۶ گیگابایت,۱۰۰٬۰۰۰٬۰۰۰ تومان,طلایی
اپل iPhone X,در حد نو,۱ عدد,اصل,۶۴ گیگابایت,۳ گیگابایت,۱۲٬۰۰۰٬۰۰۰ تومان,نقره‌ای
اپل iPhone 11,در حد نو,۱ عدد,اصل,۱۲۸ گیگابایت,۴ گیگابایت,۲۵٬۰۰۰٬۰۰۰ تومان,مشکی
اپل iPhone 13 mini,نو,۲ عدد,اصل,۱۲۸ گیگابایت,۴ گیگابایت,۴۹٬۰۰۰٬۰۰۰ تومان (مقطوع),آبی
سامسونگ Galaxy A7 (2017),در حد نو,۲ عدد,اصل,۳۲ گیگابایت,۳ گیگابایت,۳٬۲۰۰ تومان (مقطوع),طلایی Sand
اپل iPhone SE (2020),در حد نو,۱ عدد,اصل,۱۲۸ گیگابایت,۳ گیگابایت,۱۱٬۱۱۱٬۱۱۱ تومان,سفید
سایر,در حد نو,۱ عدد,اصل,,,۱۱٬۱۱۱٬۱۱۱٬۱۱۱ تومان,
اپل iPhone XR,در حد نو,۲ عدد,اصل,,۳ گیگابایت,۱۴٬۵۰۰٬۰۰۰ تومان,
اپل iPhone 13,در حد نو,۲ عدد,اصل,۱۲۸ گیگابایت,۴ گیگابایت,۳۷٬۰۰۰٬۰۰۰ تومان,مشکی
اپل iPhone 13,در حد نو,۲ عدد,اصل,,۴ گیگابایت,۴۲٬۰۰۰٬۰۰۰ تومان,
اپل iPhone 11,در حد نو,۱ عدد,اصل,۱۲۸ گیگابایت,۴ گیگابایت,۱۱٬۱۱۱ تومان,سفید
اپل iPhone 7,در حد نو,۱ عدد,اصل,۱۲۸ گیگابایت,۲ گیگابایت,۴٬۸۰۰٬۰۰۰ تومان,طلایی
شیائومی,نو,۲ عدد,اصل,۱۲۸ گیگابایت,۶ گیگابایت,۲٬۴۰۰٬۰۰۰ تومان,
سونی اریکسون,کارکرده,,اصل,,,۱۱٬۱۱۱ تومان (مقطوع),
شیائومی,نو,۲ عدد,اصل,مطرح نیست,مطرح نیست,۴٬۹۹۰٬۰۰۰ تومان,
اپل iPhone 11,در حد نو,۲ عدد,اصل,۱۲۸ گیگابایت,۴ گیگابایت,۲۶٬۰۰۰٬۰۰۰ تومان (مقطوع),سفید
شیائومی,نو,۲ عدد,اصل,,,۱۴٬۹۹۰٬۰۰۰ تومان,
اپل iPhone X,نو,۱ عدد,اصل,۲۵۶ گیگابایت,۳ گیگابایت,۳٬۹۵۰٬۰۰۰ تومان (مقطوع),خاکستری Space
سامسونگ Galaxy A12,نو,۲ عدد,اصل,۱۲۸ گیگابایت,۴ گیگابایت,۳٬۸۰۰٬۰۰۰ تومان,مشکی
اپل iPhone 13,در حد نو,۲ عدد,اصل,۱۲۸ گیگابایت,۴ گیگابایت,۴۳٬۵۰۰٬۰۰۰ تومان,مشکی
ایسر Liquid Glow E330,در حد نو,۱ عدد,اصل,۱ گیگابایت,۵۱۲ مگابایت,۳٬۲۰۰٬۰۰۰ تومان,
اپل iPhone 13 Pro Max,نو,۱ عدد,اصل,۲۵۶ گیگابایت,۶ گیگابایت,۹۰٬۰۰۰٬۰۰۰ تومان (مقطوع),طلایی
اپل iPhone 12 Pro,در حد نو,۲ عدد,اصل,۲۵۶ گیگابایت,۶ گیگابایت,۳۰٬۰۰۰٬۰۰۰ تومان,آبی Pacific
سامسونگ Galaxy Note10,کارکرده,۲ عدد,اصل,۲۵۶ گیگابایت,۸ گیگابایت,۱۶٬۰۰۰٬۰۰۰ تومان (مقطوع),مشکی Aura
اپل iPhone 11,در حد نو,۲ عدد,اصل,۱۲۸ گیگابایت,۴ گیگابایت,۱۹٬۵۰۰٬۰۰۰ تومان (مقطوع),مشکی
اپل iPhone 12 Pro Max,در حد نو,۲ عدد,اصل,۲۵۶ گیگابایت,۶ گیگابایت,۵۸٬۸۰۰٬۰۰۰ تومان,graphite
اپل iPhone 12 Pro,در حد نو,۱ عدد,اصل,۵۱۲ گیگابایت,۶ گیگابایت,۴۲٬۵۰۰٬۰۰۰ تومان,طلایی
سامسونگ Galaxy S8,کارکرده,۲ عدد,اصل,۶۴ گیگابایت,۴ گیگابایت,۸٬۰۰۰٬۰۰۰ تومان,مشکی Midnight
اپل iPhone 7,در حد نو,۱ عدد,اصل,,۲ گیگابایت,۴٬۰۰۰٬۰۰۰ تومان,
اپل iPhone 13 Pro Max,در حد نو,۲ عدد,اصل,۲۵۶ گیگابایت,۶ گیگابایت,۸۰٬۰۰۰٬۰۰۰ تومان,آبی Sierra
اپل iPhone 13 Pro Max,در حد نو,۱ عدد,اصل,۲۵۶ گیگابایت,۶ گیگابایت,۵۱٬۰۰۰٬۰۰۰ تومان (مقطوع),
شیائومی,نو,۲ عدد,اصل,۵۱۲ گیگابایت,۱۲ گیگابایت,۱۶٬۵۰۰٬۰۰۰ تومان,
اپل iPhone 11,در حد نو,۲ عدد,اصل,۱۲۸ گیگابایت,۴ گیگابایت,۱۹٬۵۰۰٬۰۰۰ تومان (مقطوع),بنفش
اپل iPhone SE,کارکرده,۱ عدد,اصل,۱۲۸ گیگابایت,۲ گیگابایت,۱۰٬۰۰۰٬۰۰۰ تومان,
سامسونگ Galaxy S10,نیاز به تعمیر,۲ عدد,اصل,۱۲۸ گیگابایت,۸ گیگابایت,۳٬۰۰۰٬۰۰۰ تومان,سفید Prism
شیائومی Mi A3,در حد نو,۲ عدد,اصل,,,۴٬۸۰۰٬۰۰۰ تومان,
کت,نو,,اصل,,,۱٬۴۰۰٬۰۰۰ تومان,
اپل iPhone 13 Pro Max,نو,۱ عدد,اصل,۵۱۲ گیگابایت,۶ گیگابایت,۱۸۰٬۰۰۰٬۰۰۰ تومان,آبی Sierra
اپل iPhone 13,نو,۲ عدد,اصل,۱۲۸ گیگابایت,۴ گیگابایت,۵۰٬۰۰۰٬۰۰۰ تومان (مقطوع),سفید starlight
موتورولا,نو,,اصل,,,۱٬۱۱۱ تومان,
سایر,کارکرده,۱ عدد,اصل,,,۱۱٬۱۱۱ تومان,
اپل iPhone 13 Pro Max,در حد نو,۱ عدد,اصل,۲۵۶ گیگابایت,۶ گیگابایت,۷۵٬۰۰۰٬۰۰۰ تومان,آبی Sierra
سامسونگ,نو,۲ عدد,اصل,۱۲۸ گیگابایت,۸ گیگابایت,۹٬۷۰۰٬۰۰۰ تومان,
سامسونگ Galaxy A20s,کارکرده,۲ عدد,اصل,۳۲ گیگابایت,۳ گیگابایت,۳٬۵۰۰٬۰۰۰ تومان (مقطوع),آبی
اپل iPhone 11 Pro,در حد نو,۲ عدد,اصل,۲۵۶ گیگابایت,۴ گیگابایت,۲۵٬۸۰۰٬۰۰۰ تومان,طلایی Matte
اپل iPhone 13,در حد نو,۲ عدد,اصل,,۴ گیگابایت,۴۰٬۰۰۰٬۰۰۰ تومان,مشکی
نوکیا 8.1 Plus,نیاز به تعمیر,۲ عدد,اصل,۶۴ گیگابایت,۴ گیگابایت,۸۰۰٬۰۰۰ تومان (مقطوع),آبی
سامسونگ Galaxy A52s 5G,در حد نو,۲ عدد,اصل,۲۵۶ گیگابایت,۸ گیگابایت,۱۱٬۰۰۰٬۰۰۰ تومان,مشکی Awesome
شیائومی Poco X3 Pro,کارکرده,۲ عدد,اصل,۲۵۶ گیگابایت,۸ گیگابایت,۴٬۵۰۰٬۰۰۰ تومان (مقطوع),آبی Frost
اپل iPhone X,در حد نو,۱ عدد,اصل,۶۴ گیگابایت,۳ گیگابایت,۱۲٬۰۰۰٬۰۰۰ تومان,نقره‌ای
اپل iPhone 12 Pro,در حد نو,۲ عدد,اصل,,۶ گیگابایت,۲۹٬۸۸۰٬۰۰۰ تومان (مقطوع),
اپل iPhone 13 Pro Max,در حد نو,۲ عدد,اصل,۲۵۶ گیگابایت,۶ گیگابایت,۴۹٬۰۰۰٬۰۰۰ تومان (مقطوع),طلایی
اپل iPhone 13,نو,۲ عدد,اصل,۱۲۸ گیگابایت,۴ گیگابایت,۴۸٬۵۰۰٬۰۰۰ تومان (مقطوع),مشکی
شیائومی Mi A3,در حد نو,۲ عدد,اصل,۱۲۸ گیگابایت,۴ گیگابایت,۴٬۲۰۰٬۰۰۰ تومان,خاکستری Kind Of
اپل iPhone X,در حد نو,۱ عدد,اصل,۲۵۶ گیگابایت,۳ گیگابایت,۱۵٬۲۰۰٬۰۰۰ تومان,خاکستری Space
اپل iPhone 13 Pro Max,در حد نو,۲ عدد,اصل,۲۵۶ گیگابایت,۶ گیگابایت,۸۷٬۰۰۰٬۰۰۰ تومان,graphite
اپل iPhone 7,کارکرده,۱ عدد,اصل,,۲ گیگابایت,۵٬۰۰۰٬۰۰۰ تومان,
اپل iPhone 13 Pro,در حد نو,۱ عدد,اصل,۵۱۲ گیگابایت,۶ گیگابایت,۵۲٬۰۰۰٬۰۰۰ تومان,آبی Sierra
کت S22 Flip,نو,۱ عدد,اصل,۱۶ گیگابایت,۲ گیگابایت,۶٬۰۰۰٬۰۰۰ تومان,مشکی
هواوی Y9s,کارکرده,۲ عدد,اصل,۱۲۸ گیگابایت,۶ گیگابایت,۶٬۰۰۰٬۰۰۰ تومان (مقطوع),
سامسونگ Galaxy A02s,نو,۲ عدد,اصل,,,۵٬۰۰۰٬۰۰۰ تومان,
سامسونگ,نو,,اصل,,,۵٬۲۰۰٬۰۰۰ تومان (مقطوع),
هواوی,نو,,اصل,,,۱۰٬۰۰۰٬۰۰۰ تومان (مقطوع),
اپل iPhone 12 Pro Max,در حد نو,۱ عدد,اصل,۱۲۸ گیگابایت,۶ گیگابایت,۴۵٬۰۰۰٬۰۰۰ تومان,آبی Pacific
شیائومی 11T Pro,در حد نو,۲ عدد,اصل,۲۵۶ گیگابایت,۸ گیگابایت,۱۲٬۵۰۰٬۰۰۰ تومان,خاکستری Meteorite
سامسونگ Galaxy A03s,در حد نو,۲ عدد,اصل,۶۴ گیگابایت,۴ گیگابایت,۴٬۵۰۰٬۰۰۰ تومان,
شیائومی,در حد نو,۲ عدد,اصل,۲۵۶ گیگابایت,۸ گیگابایت,۷٬۴۵۰٬۰۰۰ تومان,
اپل iPhone 13 Pro Max,در حد نو,۱ عدد,اصل,۲۵۶ گیگابایت,۶ گیگابایت,۷۴٬۰۰۰٬۰۰۰ تومان,آبی Sierra
نوکیا,در حد نو,,اصل,,,۱٬۰۰۰٬۰۰۰ تومان (مقطوع),
اپل iPhone 13 Pro,نو,۲ عدد,اصل,۱۲۸ گیگابایت,۶ گیگابایت,۱۲٬۳۷۷ تومان,نقره‌ای
سامسونگ Galaxy A02s,در حد نو,۲ عدد,اصل,۶۴ گیگابایت,۴ گیگابایت,۳٬۵۰۰٬۰۰۰ تومان,مشکی
اپل iPhone 13 Pro Max,در حد نو,۲ عدد,اصل,,۶ گیگابایت,۴۹٬۰۰۰٬۰۰۰ تومان (مقطوع),طلایی
اپل iPhone 11 Pro Max,در حد نو,۲ عدد,اصل,۲۵۶ گیگابایت,۴ گیگابایت,۳۲٬۵۰۰٬۰۰۰ تومان,نقره‌ای Matte
اپل iPhone 13 Pro Max,در حد نو,۲ عدد,اصل,۲۵۶ گیگابایت,۶ گیگابایت,۸۳٬۹۰۰٬۰۰۰ تومان,نقره‌ای
سامسونگ Galaxy A20,در حد نو,۲ عدد,اصل,۳۲ گیگابایت,۳ گیگابایت,۳٬۷۹۰٬۰۰۰ تومان,قرمز
سایر,در حد نو,۲ عدد,اصل,۸ گیگابایت,۴ گیگابایت,۲٬۰۰۰٬۰۰۰ تومان,سفید
سامسونگ Galaxy A20,در حد نو,۲ عدد,اصل,۳۲ گیگابایت,۳ گیگابایت,۳٬۰۰۰٬۰۰۰ تومان,مشکی
شیائومی 11T Pro,در حد نو,۲ عدد,اصل,۲۵۶ گیگابایت,۱۲ گیگابایت,۱۲٬۸۰۰٬۰۰۰ تومان (مقطوع),آبی Celestial
اپل iPhone 11 Pro Max,کارکرده,۱ عدد,اصل,۲۵۶ گیگابایت,۴ گیگابایت,۲۰٬۰۰۰٬۰۰۰ تومان,سبز Matte Midnight
سایر,کارکرده,۲ عدد,اصل,,,۵۰۰٬۰۰۰ تومان,مشکی
اپل iPhone 13 Pro,در حد نو,۱ عدد,اصل,۲۵۶ گیگابایت,۶ گیگابایت,۷۰٬۰۰۰٬۰۰۰ تومان,graphite
سامسونگ Galaxy J5,نیاز به تعمیر,۲ عدد,اصل,۱۶ گیگابایت,۱.۵ گیگابایت,۴۳۰٬۰۰۰ تومان,مشکی
آنر 4X,کارکرده,۲ عدد,اصل,۸ گیگابایت,۲ گیگابایت,۱٬۲۰۰٬۰۰۰ تومان,
سامسونگ Galaxy S6 Plus,در حد نو,۱ عدد,اصل,۳۲ گیگابایت,۴ گیگابایت,۲٬۰۰۰٬۰۰۰ تومان (مقطوع),
نوکیا,نو,۲ عدد,اصل,۱ گیگابایت,۱ گیگابایت,۶۵۰٬۰۰۰ تومان,
اپل iPhone 13,نو,۲ عدد,اصل,۱۲۸ گیگابایت,۴ گیگابایت,۴۸٬۵۰۰٬۰۰۰ تومان,مشکی
اپل iPhone 13,نو,۲ عدد,اصل,۱۲۸ گیگابایت,۴ گیگابایت,۴۲٬۰۰۰٬۰۰۰ تومان,مشکی
اپل iPhone XS Max,در حد نو,۲ عدد,اصل,۶۴ گیگابایت,۴ گیگابایت,۱۹٬۰۰۰٬۰۰۰ تومان,طلایی
اپل iPhone 12 Pro Max,در حد نو,۲ عدد,اصل,۲۵۶ گیگابایت,۶ گیگابایت,۵۰٬۰۰۰٬۰۰۰ تومان,نقره‌ای
اپل iPhone 13,نو,۱ عدد,اصل,۱۲۸ گیگابایت,۴ گیگابایت,۵۰٬۰۰۰٬۰۰۰ تومان,سفید starlight
سایر,نو,۲ عدد,اصل,۶۴ گیگابایت,۳ گیگابایت,۶٬۴۵۰٬۰۰۰ تومان,
سامسونگ Galaxy Grand I9080,نیاز به تعمیر,۱ عدد,اصل,۸ گیگابایت,۱ گیگابایت,۳۵۰٬۰۰۰ تومان,مشکی
اپل iPhone 12,در حد نو,۲ عدد,اصل,۱۲۸ گیگابایت,۴ گیگابایت,۳۱٬۰۰۰٬۰۰۰ تومان,سفید
آنر 3C,نیاز به تعمیر,۲ عدد,اصل,۸ گیگابایت,۲ گیگابایت,۳۸۰٬۰۰۰ تومان,سفید مشکی
سامسونگ,کارکرده,,اصل,,,۳٬۰۰۰٬۰۰۰ تومان (مقطوع),
شیائومی,نو,۲ عدد,اصل,۵۱۲ گیگابایت,۱۲ گیگابایت,۱۱٬۹۰۰٬۰۰۰ تومان,
اپل iPhone 12 mini,در حد نو,۱ عدد,اصل,,۴ گیگابایت,۲۸٬۵۰۰٬۰۰۰ تومان,مشکی
اپل iPhone 13 Pro Max,در حد نو,۲ عدد,اصل,۲۵۶ گیگابایت,۶ گیگابایت,۴۵٬۰۰۰٬۰۰۰ تومان,طلایی
سایر,نیاز به تعمیر,۲ عدد,اصل,,,۱٬۲۰۰٬۰۰۰ تومان,
شیائومی Redmi Pro 2,در حد نو,۲ عدد,اصل,۶۴ گیگابایت,۶ گیگابایت,۵٬۶۰۰٬۰۰۰ تومان (مقطوع),مشکی
شیائومی Poco X3 NFC,در حد نو,۲ عدد,اصل,۱۲۸ گیگابایت,۸ گیگابایت,۵٬۵۰۰٬۰۰۰ تومان (مقطوع),آبی Cobalt
اپل iPhone 13,نو,۲ عدد,اصل,۱۲۸ گیگابایت,۴ گیگابایت,۳۸٬۰۰۰٬۰۰۰ تومان (مقطوع),سفید starlight
سامسونگ Galaxy A10s,در حد نو,۲ عدد,اصل,۳۲ گیگابایت,۳ گیگابایت,۲٬۶۰۰٬۰۰۰ تومان,مشکی
سامسونگ Galaxy J5,کارکرده,۲ عدد,اصل,,۱.۵ گیگابایت,۱٬۴۰۰٬۰۰۰ تومان,
هواوی nova 7i,در حد نو,۲ عدد,اصل,۱۲۸ گیگابایت,۸ گیگابایت,۱۵٬۰۰۰٬۰۰۰ تومان (مقطوع),سبز Crush
سامسونگ,در حد نو,,اصل,,,۱۰٬۰۰۰٬۰۰۰ تومان,
نوکیا C1,کارکرده,۲ عدد,اصل,۱۶ گیگابایت,۱ گیگابایت,۱٬۲۰۰٬۰۰۰ تومان (مقطوع),مشکی
اپل iPhone 13 mini,کارکرده,۱ عدد,اصل,۲۵۶ گیگابایت,۴ گیگابایت,۲۴٬۸۰۰٬۰۰۰ تومان,آبیmidnight
اپل iPhone 13 Pro,نو,۱ عدد,اصل,۲۵۶ گیگابایت,۶ گیگابایت,۶۵٬۰۰۰٬۰۰۰ تومان,آبی Sierra
اپل iPhone 13,نو,۲ عدد,اصل,۱۲۸ گیگابایت,۴ گیگابایت,۴۵٬۸۰۰٬۰۰۰ تومان (مقطوع),آبی
اپل iPhone 13 Pro,نو,۱ عدد,اصل,۲۵۶ گیگابایت,۶ گیگابایت,۴۳٬۰۰۰٬۰۰۰ تومان (مقطوع),آبی Sierra
آنر,در حد نو,,اصل,,,۱٬۷۰۰٬۰۰۰ تومان,
اپل iPhone 7,در حد نو,۱ عدد,اصل,۳۲ گیگابایت,۲ گیگابایت,۵٬۲۰۰٬۰۰۰ تومان,طلایی Rose
اپل iPhone 11 Pro Max,در حد نو,۱ عدد,اصل,۲۵۶ گیگابایت,۴ گیگابایت,۳۰٬۰۰۰٬۰۰۰ تومان,طلایی Matte
هواوی P30 Pro,در حد نو,۲ عدد,اصل,۲۵۶ گیگابایت,۸ گیگابایت,۱۸٬۰۰۰٬۰۰۰ تومان,بنفش
شیائومی Redmi Note 9,در حد نو,۲ عدد,اصل,۶۴ گیگابایت,۴ گیگابایت,۴٬۵۰۰٬۰۰۰ تومان,سبز Forest
اپل iPhone 13 Pro,نو,۲ عدد,اصل,۲۵۶ گیگابایت,۶ گیگابایت,۳۹٬۵۰۰٬۰۰۰ تومان (مقطوع),آبی Sierra
سامسونگ Galaxy J6,در حد نو,۲ عدد,اصل,,,۳٬۲۰۰٬۰۰۰ تومان (مقطوع),
اپل iPhone 13,در حد نو,۲ عدد,اصل,۱۲۸ گیگابایت,۴ گیگابایت,۳۷٬۰۰۰٬۰۰۰ تومان,سفید starlight
اپل iPhone XS Max,کارکرده,۲ عدد,اصل,۲۵۶ گیگابایت,۴ گیگابایت,۲۱٬۵۰۰٬۰۰۰ تومان,خاکستری Space
اپل iPhone 7,در حد نو,۱ عدد,اصل,۲۵۶ گیگابایت,۲ گیگابایت,۱۱۱٬۱۱۱٬۱۱۱ تومان,طلایی Rose
هواوی P10 Lite,کارکرده,۲ عدد,اصل,۳۲ گیگابایت,۴ گیگابایت,۲٬۰۰۰٬۰۰۰ تومان (مقطوع),مشکی Graphite
شیائومی Redmi 3,در حد نو,۲ عدد,اصل,۱۶ گیگابایت,۲ گیگابایت,۴٬۰۰۰٬۰۰۰ تومان (مقطوع),
هواوی,کارکرده,,اصل,,,۳٬۵۰۰٬۰۰۰ تومان (مقطوع),
سامسونگ Galaxy C7,نیاز به تعمیر,۲ عدد,اصل,,۴ گیگابایت,۵۰۰٬۰۰۰ تومان (مقطوع),
هواوی Mate 10 Lite,کارکرده,۲ عدد,اصل,۶۴ گیگابایت,۴ گیگابایت,۲٬۲۵۰٬۰۰۰ تومان,
شیائومی Poco X3 Pro,در حد نو,۲ عدد,اصل,۲۵۶ گیگابایت,۸ گیگابایت,۶٬۵۰۰٬۰۰۰ تومان (مقطوع),آبی Frost
آنر 8X,در حد نو,۲ عدد,اصل,۶۴ گیگابایت,۴ گیگابایت,۳٬۷۰۰٬۰۰۰ تومان (مقطوع),آبی
اپل iPhone 13,نو,۱ عدد,اصل,۱۲۸ گیگابایت,۴ گیگابایت,۴۴۴٬۴۴۴ تومان,سفید starlight
اپل iPhone 13 Pro Max,در حد نو,۲ عدد,اصل,۲۵۶ گیگابایت,۶ گیگابایت,۵۲٬۰۰۰٬۰۰۰ تومان,آبی Sierra
هواوی Y5 lite (2018),در حد نو,۲ عدد,اصل,۱۶ گیگابایت,۱ گیگابایت,۱٬۲۵۰٬۰۰۰ تومان (مقطوع),مشکی
اپل iPhone 13 Pro Max,در حد نو,۱ عدد,اصل,۱۲۸ گیگابایت,۶ گیگابایت,۴۰٬۰۰۰٬۰۰۰ تومان,نقره‌ای
اپل iPhone X,در حد نو,۱ عدد,اصل,۲۵۶ گیگابایت,۳ گیگابایت,۱۰٬۰۰۰٬۰۰۰ تومان (مقطوع),نقره‌ای
اپل,نو,,اصل,,,۸۱٬۰۰۰٬۰۰۰ تومان (مقطوع),
اپل iPhone XS,نو,۱ عدد,اصل,۲۵۶ گیگابایت,۴ گیگابایت,۱۸٬۰۰۰٬۰۰۰ تومان,نقره‌ای
نوکیا,در حد نو,,اصل,,,۱٬۲۰۰٬۰۰۰ تومان,
شیائومی Redmi Note 9,کارکرده,۲ عدد,اصل,۶۴ گیگابایت,۴ گیگابایت,۲٬۷۰۰٬۰۰۰ تومان (مقطوع),خاکستری Midnight
شیائومی Redmi Note 8,کارکرده,۲ عدد,اصل,,,۴٬۰۰۰٬۰۰۰ تومان,
اپل iPhone 13,در حد نو,۲ عدد,اصل,۱۲۸ گیگابایت,۴ گیگابایت,۴٬۵۰۰ تومان,مشکی
سامسونگ Galaxy M10,در حد نو,۲ عدد,اصل,۱۶ گیگابایت,۲ گیگابایت,۳٬۰۰۰٬۰۰۰ تومان,آبی Ocean
شیائومی Redmi Note 9S,در حد نو,۲ عدد,اصل,۱۲۸ گیگابایت,۶ گیگابایت,۶٬۵۰۰٬۰۰۰ تومان (مقطوع),آبی Aurora
سامسونگ Galaxy Note8,کارکرده,۲ عدد,اصل,۶۴ گیگابایت,۶ گیگابایت,۷٬۰۰۰٬۰۰۰ تومان,مشکی Midnight
اپل,نو,۲ عدد,غیر اصل,۵۱۲ گیگابایت,۶ گیگابایت,۵٬۹۹۰٬۰۰۰ تومان,
اپل iPhone 13,نو,۲ عدد,اصل,,۴ گیگابایت,۱٬۱۱۱٬۱۱۱ تومان,
شیائومی Redmi Note 8 Pro,نیاز به تعمیر,۲ عدد,اصل,۱۲۸ گیگابایت,۶ گیگابایت,۱٬۵۰۰٬۰۰۰ تومان,
شیائومی,در حد نو,,اصل,,,۷٬۴۰۰٬۰۰۰ تومان,
اپل iPhone 13 Pro Max,در حد نو,۲ عدد,اصل,۱ ترابایت,۶ گیگابایت,۱۳۹٬۰۰۰٬۰۰۰ تومان,طلایی
اپل iPhone 13,در حد نو,۲ عدد,اصل,۱۲۸ گیگابایت,۴ گیگابایت,۴۶٬۵۰۰٬۰۰۰ تومان,سفید starlight
اپل iPhone 6,کارکرده,۱ عدد,اصل,,۱ گیگابایت,۱۱٬۲۲۳٬۲۲۲ تومان,
اپل iPhone 13 Pro,در حد نو,۱ عدد,اصل,۲۵۶ گیگابایت,۶ گیگابایت,۷۵٬۰۰۰٬۰۰۰ تومان,نقره‌ای
شیائومی Poco M3 Pro 5G,در حد نو,۲ عدد,اصل,,,۹٬۰۰۰٬۰۰۰ تومان,
شیائومی Redmi Note 9,کارکرده,۲ عدد,اصل,,,۳٬۸۰۰٬۰۰۰ تومان,
اپل iPhone 13 Pro Max,در حد نو,۱ عدد,اصل,۲۵۶ گیگابایت,۶ گیگابایت,۷۲٬۰۰۰٬۰۰۰ تومان,آبی Sierra
شیائومی Redmi 9A,در حد نو,۲ عدد,اصل,۶۴ گیگابایت,۴ گیگابایت,۳٬۰۰۰٬۰۰۰ تومان,خاکستری Carbon
اپل iPhone 6,کارکرده,۱ عدد,اصل,۶۴ گیگابایت,۱ گیگابایت,۳٬۵۰۰٬۰۰۰ تومان,نقره‌ای
اپل iPhone 12 Pro Max,در حد نو,۱ عدد,اصل,۱۲۸ گیگابایت,۶ گیگابایت,۴۹٬۵۰۰٬۰۰۰ تومان (مقطوع),آبی Pacific
اپل iPhone XR,کارکرده,۱ عدد,اصل,۶۴ گیگابایت,۳ گیگابایت,۱۱٬۰۰۰٬۰۰۰ تومان,مشکی
سایر,نو,۲ عدد,اصل,,,۱۱٬۵۰۰٬۰۰۰ تومان,
سایر,در حد نو,۱ عدد,اصل,مطرح نیست,مطرح نیست,۳٬۵۰۰٬۰۰۰ تومان,
اپل iPhone 13,در حد نو,۲ عدد,اصل,,۴ گیگابایت,۳۹٬۰۰۰٬۰۰۰ تومان (مقطوع),
سامسونگ,در حد نو,,اصل,,,۵۵۰٬۰۰۰ تومان,
سونی Xperia E dual,نیاز به تعمیر,۲ عدد,اصل,۴ گیگابایت,۵۱۲ مگابایت,۱٬۵۰۰٬۰۰۰ تومان,مشکی
هواوی P30 lite,در حد نو,۲ عدد,اصل,۱۲۸ گیگابایت,۶ گیگابایت,۴٬۲۰۰٬۰۰۰ تومان,مشکی Midnight
نوکیا,کارکرده,,اصل,,,۴۹۰٬۰۰۰ تومان,
شیائومی,نو,,اصل,,,۱۲٬۱۵۰٬۰۰۰ تومان,
اپل iPhone 13,نو,۲ عدد,اصل,۱۲۸ گیگابایت,۴ گیگابایت,۴۹٬۰۰۰٬۰۰۰ تومان,مشکی
اپل iPhone 12,در حد نو,۲ عدد,اصل,۱۲۸ گیگابایت,۴ گیگابایت,۲۹٬۹۰۰٬۰۰۰ تومان,مشکی
اپل iPhone 13 Pro Max,در حد نو,۲ عدد,اصل,۲۵۶ گیگابایت,۶ گیگابایت,۷۵٬۰۰۰٬۰۰۰ تومان (مقطوع),graphite
اپل iPhone 12,نو,۱ عدد,اصل,۱۲۸ گیگابایت,۴ گیگابایت,۲۶٬۰۰۰٬۰۰۰ تومان (مقطوع),آبی
سونی Xperia Z1,در حد نو,۱ عدد,اصل,۱۶ گیگابایت,۲ گیگابایت,۱٬۵۰۰٬۰۰۰ تومان,
اپل iPhone 13,در حد نو,۲ عدد,اصل,۱۲۸ گیگابایت,۴ گیگابایت,۴۴٬۰۰۰٬۰۰۰ تومان,سفید starlight
نوکیا,در حد نو,,اصل,,,۹۰۰٬۰۰۰ تومان,
سایر,نو,۲ عدد,غیر اصل,,,۷٬۹۰۰٬۰۰۰ تومان,
نوکیا,نو,,اصل,,,۳۴۹٬۰۰۰ تومان,
شیائومی Redmi Note 10 Pro,در حد نو,۲ عدد,اصل,۱۲۸ گیگابایت,۸ گیگابایت,۷٬۵۰۰٬۰۰۰ تومان,خاکستری Onyx
اپل iPhone 7 Plus,کارکرده,۱ عدد,اصل,۲۵۶ گیگابایت,۳ گیگابایت,۴٬۰۰۰٬۰۰۰ تومان,طلایی Rose
سامسونگ Galaxy S6,کارکرده,۱ عدد,اصل,,۳ گیگابایت,۵۰۰٬۰۰۰ تومان,
اپل iPhone 11 Pro,در حد نو,۱ عدد,اصل,۲۵۶ گیگابایت,۴ گیگابایت,۲۶٬۵۰۰٬۰۰۰ تومان,خاکستری Matte Space
سایر,نو,۲ عدد,اصل,,,۱٬۲۰۰٬۰۰۰ تومان,
هواوی Mate 10 Lite,کارکرده,۲ عدد,اصل,۶۴ گیگابایت,۴ گیگابایت,۲٬۵۰۰٬۰۰۰ تومان (مقطوع),
هواوی Ascend P6,در حد نو,۲ عدد,اصل,,۲ گیگابایت,۱٬۱۰۰٬۰۰۰ تومان,
اپل iPhone 6,در حد نو,۱ عدد,اصل,۶۴ گیگابایت,۱ گیگابایت,۳٬۲۰۰٬۰۰۰ تومان,خاکستری Space
اپل iPhone SE,در حد نو,۱ عدد,اصل,۶۴ گیگابایت,۲ گیگابایت,۶۵٬۰۰۰٬۰۰۰ تومان,خاکستری Space
اپل iPhone 13,در حد نو,۲ عدد,اصل,۱۲۸ گیگابایت,۴ گیگابایت,۴۴٬۸۰۰٬۰۰۰ تومان,آبی
سامسونگ,کارکرده,,اصل,,,۳٬۵۰۰٬۰۰۰ تومان,
اپل iPhone 13 Pro,در حد نو,۱ عدد,اصل,۲۵۶ گیگابایت,۶ گیگابایت,۴۰٬۰۰۰٬۰۰۰ تومان (مقطوع),طلایی
اپل iPhone 13,نو,۲ عدد,اصل,۱۲۸ گیگابایت,۴ گیگابایت,۴۵٬۰۰۰٬۰۰۰ تومان,سفید starlight
اپل iPhone 12 Pro Max,در حد نو,۲ عدد,اصل,۲۵۶ گیگابایت,۶ گیگابایت,۵۱٬۰۰۰٬۰۰۰ تومان,graphite
اپل iPhone 13,نو,۲ عدد,اصل,۱۲۸ گیگابایت,۴ گیگابایت,۵۲٬۰۰۰٬۰۰۰ تومان (مقطوع),مشکی
اپل iPhone 13,نو,۲ عدد,اصل,۱۲۸ گیگابایت,۴ گیگابایت,۴۹٬۹۹۹٬۰۰۰ تومان,مشکی
اپل iPhone 12 Pro Max,در حد نو,۲ عدد,اصل,۵۱۲ گیگابایت,۶ گیگابایت,۵۲٬۰۰۰٬۰۰۰ تومان,طلایی
اپل iPhone 13,نو,۲ عدد,اصل,۱۲۸ گیگابایت,۴ گیگابایت,۴۵٬۰۰۰٬۰۰۰ تومان (مقطوع),مشکی
شیائومی Redmi Note 10 Pro,در حد نو,۲ عدد,اصل,۱۲۸ گیگابایت,۸ گیگابایت,۶٬۹۰۰٬۰۰۰ تومان,خاکستری Onyx
شیائومی,نو,۲ عدد,اصل,۲۵۶ گیگابایت,۸ گیگابایت,۲٬۹۰۰٬۰۰۰ تومان,
سامسونگ Galaxy Note 3 Neo,در حد نو,۱ عدد,اصل,۱۶ گیگابایت,۲ گیگابایت,۲٬۰۰۰٬۰۰۰ تومان,سفید
سایر,نیاز به تعمیر,۲ عدد,اصل,,,۲٬۵۰۰٬۰۰۰ تومان (مقطوع),
شیائومی,نو,,اصل,,,۹٬۵۰۰٬۰۰۰ تومان (مقطوع),
اپل iPhone 13 Pro,در حد نو,۲ عدد,غیر اصل,۱۲۸ گیگابایت,۶ گیگابایت,۵٬۰۰۰٬۰۰۰ تومان,نقره‌ای
اپل iPhone 13,در حد نو,۲ عدد,اصل,۱۲۸ گیگابایت,۴ گیگابایت,۴۵٬۹۰۰٬۰۰۰ تومان (مقطوع),سفید starlight
شیائومی Redmi Note 9 Pro (India),در حد نو,۲ عدد,اصل,۱۲۸ گیگابایت,۶ گیگابایت,۵٬۷۰۰٬۰۰۰ تومان,آبی Aurora
شیائومی Poco X3 GT,در حد نو,۲ عدد,اصل,۲۵۶ گیگابایت,۸ گیگابایت,۷٬۵۰۰٬۰۰۰ تومان,مشکی Stargaze
سایر,نو,۲ عدد,اصل,,,۹۰۰٬۰۰۰ تومان,
هواوی Y6,کارکرده,۲ عدد,اصل,۸ گیگابایت,۲ گیگابایت,۱٬۰۰۰٬۰۰۰ تومان,مشکی
سایر,کارکرده,۱ عدد,اصل,,,۳۰۰٬۰۰۰ تومان,
اپل iPhone 13,نو,۲ عدد,اصل,۱۲۸ گیگابایت,۴ گیگابایت,۴۴٬۵۰۰٬۰۰۰ تومان,مشکی
سامسونگ,نو,,اصل,,,۲۷٬۵۰۰٬۰۰۰ تومان,
اپل iPhone 11 Pro Max,در حد نو,۲ عدد,اصل,۲۵۶ گیگابایت,۴ گیگابایت,۳۲٬۰۰۰٬۰۰۰ تومان,نقره‌ای Matte
اپل iPhone XS,در حد نو,۱ عدد,اصل,۲۵۶ گیگابایت,۴ گیگابایت,۱۷٬۱۰۰٬۰۰۰ تومان,خاکستری Space
سامسونگ Galaxy A71,نو,۱ عدد,غیر اصل,۱۲۸ گیگابایت,,۳٬۲۰۰٬۰۰۰ تومان,آبی Prism Crush
اپل iPhone 13 Pro,در حد نو,۱ عدد,اصل,۲۵۶ گیگابایت,۶ گیگابایت,۴۷٬۰۰۰٬۰۰۰ تومان,graphite
سامسونگ,نو,۲ عدد,اصل,۱۲۸ گیگابایت,۶ گیگابایت,۱۱٬۳۰۰٬۰۰۰ تومان,
سامسونگ Galaxy A52s 5G,در حد نو,۲ عدد,اصل,۱۲۸ گیگابایت,۸ گیگابایت,۹٬۵۰۰٬۰۰۰ تومان (مقطوع),مشکی Awesome
اپل iPhone 8,در حد نو,۱ عدد,اصل,۶۴ گیگابایت,۲ گیگابایت,۶٬۸۰۰٬۰۰۰ تومان,خاکستری Space
اپل iPhone 11,کارکرده,۱ عدد,اصل,۶۴ گیگابایت,۴ گیگابایت,۱۷٬۵۰۰٬۰۰۰ تومان,مشکی
سامسونگ Galaxy A10s,در حد نو,۲ عدد,اصل,۳۲ گیگابایت,,۲٬۸۰۰٬۰۰۰ تومان,مشکی
اپل iPhone 13 Pro Max,در حد نو,۲ عدد,اصل,۲۵۶ گیگابایت,۶ گیگابایت,۱۱۵٬۰۰۰٬۰۰۰ تومان,طلایی
سامسونگ,نو,۲ عدد,اصل,۲۵۶ گیگابایت,۱۲ گیگابایت,۳۴٬۳۰۰٬۰۰۰ تومان,
اپل iPhone 13,نو,۱ عدد,اصل,۱۲۸ گیگابایت,۴ گیگابایت,۵۰٬۰۰۰٬۰۰۰ تومان (مقطوع),سفید starlight
اپل iPhone 13 Pro,نو,۲ عدد,اصل,۱۲۸ گیگابایت,۶ گیگابایت,۸۵٬۰۰۰٬۰۰۰ تومان,آبی Sierra
سامسونگ Galaxy J5 (2016),در حد نو,۲ عدد,اصل,۱۶ گیگابایت,۲ گیگابایت,۲٬۲۰۰٬۰۰۰ تومان,طلایی
اپل iPhone 13,کارکرده,۲ عدد,اصل,۱۲۸ گیگابایت,۴ گیگابایت,۴۱٬۰۰۰٬۰۰۰ تومان,سفید starlight
گوگل,در حد نو,,اصل,,,۱۶٬۰۰۰٬۰۰۰ تومان,
اپل iPhone 13,در حد نو,۲ عدد,اصل,۲۵۶ گیگابایت,۴ گیگابایت,۵۰٬۵۰۰٬۰۰۰ تومان,سفید starlight
اپل iPhone 7,نو,۱ عدد,اصل,۱۲۸ گیگابایت,۲ گیگابایت,۶٬۰۰۰٬۰۰۰ تومان (مقطوع),مشکی
اپل iPhone 13,در حد نو,۲ عدد,اصل,۱۲۸ گیگابایت,۴ گیگابایت,۴۰٬۰۰۰٬۰۰۰ تومان,سفید starlight
اپل iPhone 13 Pro,در حد نو,۲ عدد,اصل,۲۵۶ گیگابایت,۶ گیگابایت,۴۰٬۰۰۰٬۰۰۰ تومان,graphite
اپل iPhone 13 Pro Max,نو,۱ عدد,اصل,,۶ گیگابایت,۳٬۰۰۰٬۰۰۰ تومان,
سامسونگ Galaxy S20 FE 5G,در حد نو,۲ عدد,اصل,۱۲۸ گیگابایت,۸ گیگابایت,۱۳٬۰۰۰٬۰۰۰ تومان,سفید Cloud
اپل iPhone 13,کارکرده,۲ عدد,اصل,۱۲۸ گیگابایت,۴ گیگابایت,۳۱٬۵۰۰٬۰۰۰ تومان (مقطوع),مشکی
سامسونگ Galaxy A21s,در حد نو,۲ عدد,اصل,۶۴ گیگابایت,۴ گیگابایت,۴٬۶۰۰٬۰۰۰ تومان (مقطوع),آبی
اپل iPhone X,در حد نو,۱ عدد,اصل,۶۴ گیگابایت,۳ گیگابایت,۱۲٬۵۰۰٬۰۰۰ تومان,خاکستری Space
هواوی Y5 Prime (2018),کارکرده,۲ عدد,اصل,۱۶ گیگابایت,۲ گیگابایت,۱٬۰۰۰٬۰۰۰ تومان (مقطوع),مشکی
اپل iPhone 13 Pro,در حد نو,۲ عدد,اصل,۲۵۶ گیگابایت,۶ گیگابایت,۶۷٬۰۰۰٬۰۰۰ تومان,آبی Sierra
سایر,نو,۲ عدد,اصل,۶۴ گیگابایت,۴ گیگابایت,۷۶٬۵۰۰٬۰۰۰ تومان (مقطوع),مشکی
سامسونگ,نو,۲ عدد,اصل,۱۲۸ گیگابایت,۶ گیگابایت,۲٬۹۰۰٬۰۰۰ تومان,
اپل iPhone 6,در حد نو,۱ عدد,اصل,۱۶ گیگابایت,۱ گیگابایت,۲٬۱۵۰٬۰۰۰ تومان (مقطوع),خاکستری Space
اپل iPhone 13,در حد نو,۲ عدد,اصل,۱۲۸ گیگابایت,۴ گیگابایت,۴۳٬۵۰۰٬۰۰۰ تومان,سفید starlight
اپل iPhone 11 Pro Max,در حد نو,۲ عدد,اصل,۲۵۶ گیگابایت,۴ گیگابایت,۳۳٬۰۰۰٬۰۰۰ تومان (مقطوع),سبز Matte Midnight
اپل iPhone 7,کارکرده,۱ عدد,اصل,۱۲۸ گیگابایت,۲ گیگابایت,۳٬۸۰۰٬۰۰۰ تومان,قرمز
اپل iPhone 13 Pro Max,در حد نو,۲ عدد,اصل,۲۵۶ گیگابایت,۶ گیگابایت,۹۳٬۰۰۰٬۰۰۰ تومان,آبی Sierra
سامسونگ Galaxy A02s,در حد نو,۲ عدد,اصل,,,۱۰۰٬۰۰۰ تومان,
سامسونگ Galaxy Note8,در حد نو,۲ عدد,اصل,۶۴ گیگابایت,۶ گیگابایت,۹٬۲۰۰٬۰۰۰ تومان,مشکی Midnight
سامسونگ Galaxy A52s 5G,در حد نو,۲ عدد,اصل,۱۲۸ گیگابایت,۸ گیگابایت,۱۰٬۰۰۰٬۰۰۰ تومان,مشکی Awesome
هواوی P30 Pro,کارکرده,۲ عدد,اصل,۲۵۶ گیگابایت,۸ گیگابایت,۱۰٬۵۰۰٬۰۰۰ تومان,مشکی
سامسونگ Galaxy S21,نو,۱ عدد,اصل,۱۲۸ گیگابایت,۸ گیگابایت,۱۲٬۹۰۰٬۰۰۰ تومان,
سامسونگ Galaxy J3 Pro,نو,۲ عدد,اصل,۱۶ گیگابایت,۲ گیگابایت,۵٬۸۰۰٬۰۰۰ تومان,طلایی
سامسونگ Galaxy A52s 5G,در حد نو,۲ عدد,اصل,۱۲۸ گیگابایت,,۱۰٬۰۰۰٬۰۰۰ تومان,مشکی Awesome
سایر,در حد نو,۲ عدد,اصل,,,۸٬۰۰۰٬۰۰۰ تومان (مقطوع),
اپل iPhone XS,در حد نو,۱ عدد,اصل,۲۵۶ گیگابایت,۴ گیگابایت,۱۶٬۵۰۰٬۰۰۰ تومان,طلایی
اپل iPhone 12 Pro Max,در حد نو,۲ عدد,اصل,۲۵۶ گیگابایت,۶ گیگابایت,۴۴٬۵۰۰٬۰۰۰ تومان (مقطوع),آبی Pacific
اپل iPhone 13 Pro,کارکرده,۱ عدد,اصل,۱۲۸ گیگابایت,۶ گیگابایت,۵۵٬۵۰۰٬۰۰۰ تومان (مقطوع),آبی Sierra
اپل iPhone 13 Pro Max,در حد نو,۲ عدد,اصل,۲۵۶ گیگابایت,۶ گیگابایت,۷۷٬۵۰۰٬۰۰۰ تومان (مقطوع),graphite
نوکیا 9.3 PureView,نو,۲ عدد,اصل,,,۸۵۰٬۰۰۰ تومان,
سامسونگ,نو,۲ عدد,اصل,۲۵۶ گیگابایت,۸ گیگابایت,۲٬۶۰۰٬۰۰۰ تومان,
اپل iPhone 12 Pro,در حد نو,۲ عدد,اصل,۲۵۶ گیگابایت,۶ گیگابایت,۳۹٬۵۰۰٬۰۰۰ تومان (مقطوع),طلایی
نوکیا,در حد نو,,اصل,,,۳٬۰۰۰٬۰۰۰ تومان (مقطوع),
هواوی Y6 (2019),در حد نو,۲ عدد,اصل,۳۲ گیگابایت,۲ گیگابایت,۱٬۶۰۰٬۰۰۰ تومان,
سایر,در حد نو,۱ عدد,اصل,,,۱٬۰۰۰٬۰۰۰ تومان,
سامسونگ,نو,,اصل,,,۵۵۰٬۰۰۰ تومان,
اپل iPhone 13 Pro,در حد نو,۱ عدد,اصل,۲۵۶ گیگابایت,۶ گیگابایت,۴۰٬۰۰۰٬۰۰۰ تومان,طلایی
اپل iPhone 11 Pro,در حد نو,۲ عدد,اصل,,۴ گیگابایت,۱۱٬۱۱۱ تومان,
اپل iPhone 13 Pro Max,در حد نو,۲ عدد,اصل,۲۵۶ گیگابایت,۶ گیگابایت,۸۰٬۰۰۰٬۰۰۰ تومان,آبی Sierra
اپل iPhone 13 Pro Max,در حد نو,۲ عدد,اصل,۲۵۶ گیگابایت,۶ گیگابایت,۹۹٬۰۰۰٬۰۰۰ تومان,طلایی
سامسونگ Galaxy S20 FE,کارکرده,۲ عدد,اصل,۲۵۶ گیگابایت,۶ گیگابایت,۱۴٬۰۰۰٬۰۰۰ تومان (مقطوع),آبی
اپل iPhone 13,نو,۲ عدد,اصل,۱۲۸ گیگابایت,۴ گیگابایت,۵۱٬۰۰۰٬۰۰۰ تومان,مشکی
شیائومی 11T Pro,در حد نو,۲ عدد,اصل,۲۵۶ گیگابایت,۸ گیگابایت,۱۳٬۰۰۰٬۰۰۰ تومان (مقطوع),خاکستری Meteorite
اپل iPhone XR,در حد نو,۲ عدد,اصل,۱۲۸ گیگابایت,۳ گیگابایت,۱۵٬۵۰۰٬۰۰۰ تومان,مشکی
اپل iPhone 13 Pro Max,در حد نو,۲ عدد,اصل,۲۵۶ گیگابایت,۶ گیگابایت,۷۲٬۰۰۰٬۰۰۰ تومان (مقطوع),نقره‌ای
سایر,کارکرده,۲ عدد,اصل,,,۱۰۰٬۰۰۰٬۰۰۰ تومان,
نوکیا 5310 (2020),در حد نو,۲ عدد,اصل,مطرح نیست,مطرح نیست,۱٬۷۰۰٬۰۰۰ تومان,مشکی قرمز
شیائومی,نو,,اصل,,,۹٬۰۰۰٬۰۰۰ تومان,
سایر,در حد نو,۲ عدد,اصل,۸ گیگابایت,۸ گیگابایت,۷٬۵۰۰٬۰۰۰ تومان,مشکی
شیائومی Redmi Note 10 Pro,در حد نو,۲ عدد,اصل,۱۲۸ گیگابایت,۸ گیگابایت,۷٬۸۰۰٬۰۰۰ تومان,خاکستری Onyx
نوکیا 105 4G,نو,۲ عدد,اصل,مطرح نیست,مطرح نیست,۷۰۰٬۰۰۰ تومان,
اپل iPhone 8,در حد نو,۱ عدد,اصل,۶۴ گیگابایت,۲ گیگابایت,۷٬۰۰۰٬۰۰۰ تومان,نقره‌ای
اپل iPhone 7,کارکرده,۱ عدد,اصل,۳۲ گیگابایت,۲ گیگابایت,۴٬۰۰۰٬۰۰۰ تومان,طلایی Rose
سایر,نو,۲ عدد,اصل,۶۴ گیگابایت,,۵٬۰۰۰٬۰۰۰ تومان,مشکی
شیائومی Poco X3 Pro,در حد نو,۲ عدد,اصل,۱۲۸ گیگابایت,۶ گیگابایت,۶٬۰۰۰٬۰۰۰ تومان,
شیائومی,نو,۲ عدد,اصل,,,۵٬۴۸۰٬۰۰۰ تومان,
سایر,نو,۲ عدد,اصل,,,۱٬۰۰۰٬۰۰۰ تومان,مشکی
شیائومی Redmi Note 8,کارکرده,۲ عدد,اصل,۱۲۸ گیگابایت,,۵٬۰۰۰٬۰۰۰ تومان,
اپل iPhone 13,نو,۲ عدد,اصل,۱۲۸ گیگابایت,۴ گیگابایت,۴۸٬۰۰۰٬۰۰۰ تومان,مشکی
اپل iPhone 13 Pro,نو,۱ عدد,اصل,۱۲۸ گیگابایت,۶ گیگابایت,۶۹٬۰۰۰٬۰۰۰ تومان,آبی Sierra
اپل iPhone 13,در حد نو,۲ عدد,اصل,۱۲۸ گیگابایت,۴ گیگابایت,۳۹٬۵۰۰٬۰۰۰ تومان,مشکی
اپل iPhone 7,در حد نو,۱ عدد,اصل,۱۲۸ گیگابایت,۲ گیگابایت,۵٬۵۰۰٬۰۰۰ تومان (مقطوع),طلایی
سایر,نو,۲ عدد,اصل,۲۵۶ گیگابایت,۸ گیگابایت,۱۰٬۷۰۰٬۰۰۰ تومان,
اپل iPhone 13,در حد نو,۲ عدد,اصل,۱۲۸ گیگابایت,۴ گیگابایت,۴۴٬۵۰۰٬۰۰۰ تومان,مشکی
اپل iPhone 12 Pro,در حد نو,۱ عدد,اصل,۲۵۶ گیگابایت,۶ گیگابایت,۳۷٬۰۰۰٬۰۰۰ تومان (مقطوع),graphite
اپل iPhone 11,در حد نو,۱ عدد,اصل,۱۲۸ گیگابایت,۴ گیگابایت,۲۰٬۰۰۰٬۰۰۰ تومان,بنفش
اپل iPhone 13,نو,۲ عدد,اصل,۱۲۸ گیگابایت,۴ گیگابایت,۴۹٬۰۰۰٬۰۰۰ تومان,آبی
اپل iPhone 7,در حد نو,۱ عدد,اصل,۱۲۸ گیگابایت,۲ گیگابایت,۵٬۲۰۰٬۰۰۰ تومان (مقطوع),طلایی
اپل iPhone 13 Pro Max,در حد نو,۲ عدد,اصل,۲۵۶ گیگابایت,۶ گیگابایت,۸۶٬۰۰۰٬۰۰۰ تومان (مقطوع),نقره‌ای
اپل iPhone 13 Pro Max,در حد نو,۲ عدد,اصل,۲۵۶ گیگابایت,۶ گیگابایت,۷۵٬۹۰۰٬۰۰۰ تومان,نقره‌ای
اپل iPhone 13 Pro,در حد نو,۲ عدد,اصل,۲۵۶ گیگابایت,۶ گیگابایت,۶۷٬۵۰۰٬۰۰۰ تومان,آبی Sierra
شیائومی Redmi Note 9 Pro (India),نو,۲ عدد,اصل,۱۲۸ گیگابایت,۶ گیگابایت,۵٬۳۰۰٬۰۰۰ تومان,آبی Aurora
اپل iPhone 13,نو,۱ عدد,اصل,۱۲۸ گیگابایت,۴ گیگابایت,۴۵٬۰۰۰٬۰۰۰ تومان,
سامسونگ,نو,۲ عدد,اصل,۲۵۶ گیگابایت,۸ گیگابایت,۱۱۱٬۱۱۱ تومان,
شیائومی,نو,۲ عدد,اصل,۲۵۶ گیگابایت,۸ گیگابایت,۱۱٬۱۱۱ تومان,
اپل iPhone 6,در حد نو,۱ عدد,اصل,۱۶ گیگابایت,۱ گیگابایت,۱٬۱۱۱٬۱۱۱ تومان,نقره‌ای
سایر,در حد نو,۲ عدد,اصل,۲۵۶ گیگابایت,مطرح نیست,۷۸٬۰۰۰٬۰۰۰ تومان,
سامسونگ Galaxy A52,در حد نو,۲ عدد,اصل,۱۲۸ گیگابایت,۸ گیگابایت,۸٬۹۰۰٬۰۰۰ تومان,بنفش Awesome
اپل iPhone 13,نو,۲ عدد,اصل,۱۲۸ گیگابایت,۴ گیگابایت,۴۳٬۵۰۰٬۰۰۰ تومان,صورتی
شیائومی,نو,۲ عدد,اصل,۲۵۶ گیگابایت,۸ گیگابایت,۵٬۰۰۰٬۰۰۰ تومان,
سامسونگ Galaxy A10s,در حد نو,۲ عدد,اصل,۳۲ گیگابایت,۳ گیگابایت,۱٬۵۰۰٬۰۰۰ تومان,آبی
اپل iPhone 13,نو,۲ عدد,اصل,۱۲۸ گیگابایت,۴ گیگابایت,۴۸٬۵۰۰٬۰۰۰ تومان (مقطوع),آبی
سایر,نو,۲ عدد,اصل,,۸ گیگابایت,۱۰٬۰۰۰٬۰۰۰ تومان (مقطوع),
اپل iPhone 11,نو,۲ عدد,اصل,۱۲۸ گیگابایت,۴ گیگابایت,۱۳٬۰۰۰٬۰۰۰ تومان,قرمز
سامسونگ Galaxy S21 Ultra 5G,در حد نو,۲ عدد,اصل,۲۵۶ گیگابایت,۱۲ گیگابایت,۲۶٬۵۰۰٬۰۰۰ تومان,مشکی Phantom
شیائومی Poco X3 Pro,در حد نو,۲ عدد,اصل,,,۶٬۰۰۰٬۰۰۰ تومان (مقطوع),
سامسونگ Galaxy S10+,در حد نو,۲ عدد,اصل,۱۲۸ گیگابایت,۸ گیگابایت,۱۴٬۳۰۰٬۰۰۰ تومان,مشکی Ceramic
اپل iPhone 13,در حد نو,۲ عدد,اصل,۲۵۶ گیگابایت,۴ گیگابایت,۴۷٬۴۰۰٬۰۰۰ تومان,آبیmidnight
اپل iPhone 12 mini,در حد نو,۱ عدد,اصل,۶۴ گیگابایت,۴ گیگابایت,۲۱٬۰۰۰٬۰۰۰ تومان (مقطوع),آبی
اپل iPhone 12 Pro Max,کارکرده,۱ عدد,اصل,۱۲۸ گیگابایت,۶ گیگابایت,۴۴٬۰۰۰٬۰۰۰ تومان,طلایی
شیائومی Redmi Note 9S,در حد نو,۲ عدد,اصل,۱۲۸ گیگابایت,۶ گیگابایت,۱۲۳٬۴۵۶٬۷۸۹ تومان,آبی Aurora
اپل iPhone 13,نو,۲ عدد,اصل,۱۲۸ گیگابایت,۴ گیگابایت,۴۸٬۰۰۰٬۰۰۰ تومان (مقطوع),مشکی
شیائومی Mi 11 Lite,در حد نو,۲ عدد,اصل,۱۲۸ گیگابایت,۸ گیگابایت,۷٬۱۹۰٬۰۰۰ تومان,مشکی Boba
نوکیا,کارکرده,,اصل,,,۱٬۵۰۰٬۰۰۰ تومان,
اپل iPhone 12 Pro Max,در حد نو,۲ عدد,اصل,۱۲۸ گیگابایت,۶ گیگابایت,۵۵٬۵۰۰٬۰۰۰ تومان,طلایی
اپل iPhone XS Max,نیاز به تعمیر,۱ عدد,اصل,۲۵۶ گیگابایت,۴ گیگابایت,۱۴٬۰۰۰٬۰۰۰ تومان,خاکستری Space
اپل iPhone 12,در حد نو,۲ عدد,اصل,۱۲۸ گیگابایت,۴ گیگابایت,۱۷٬۰۰۰٬۰۰۰ تومان,
سامسونگ,نو,۲ عدد,اصل,۲۵۶ گیگابایت,۱۲ گیگابایت,۲۸٬۲۰۰٬۰۰۰ تومان,
اپل iPhone 11,در حد نو,۱ عدد,اصل,۱۲۸ گیگابایت,۴ گیگابایت,۲۴٬۵۰۰٬۰۰۰ تومان (مقطوع),سفید
اپل iPhone X,در حد نو,۱ عدد,اصل,۶۴ گیگابایت,۳ گیگابایت,۱۲٬۰۰۰٬۰۰۰ تومان,خاکستری Space
سامسونگ,نو,۲ عدد,اصل,۲۵۶ گیگابایت,۸ گیگابایت,۲۸٬۵۰۰٬۰۰۰ تومان,
اپل iPhone 8,کارکرده,۱ عدد,اصل,۶۴ گیگابایت,۲ گیگابایت,۶٬۳۰۰٬۰۰۰ تومان (مقطوع),طلایی
اپل iPhone 13,در حد نو,۲ عدد,اصل,۱۲۸ گیگابایت,۴ گیگابایت,۴۲٬۰۰۰٬۰۰۰ تومان,مشکی
سامسونگ Galaxy S20 FE,در حد نو,۲ عدد,اصل,,,۱۱٬۱۱۱٬۱۱۱ تومان,
سامسونگ Galaxy A50,در حد نو,۲ عدد,اصل,۱۲۸ گیگابایت,۴ گیگابایت,۵٬۲۰۰٬۰۰۰ تومان (مقطوع),سفید
شیائومی 11T Pro,در حد نو,۲ عدد,اصل,,,۱۱٬۵۰۰٬۰۰۰ تومان,
سامسونگ Galaxy Note 4 (USA),در حد نو,۱ عدد,اصل,۳۲ گیگابایت,۳ گیگابایت,۲٬۰۰۰٬۰۰۰ تومان,سفید Frosted
اپل iPhone 6 Plus,کارکرده,۱ عدد,اصل,,۱ گیگابایت,۲٬۲۰۰٬۰۰۰ تومان,نقره‌ای
سامسونگ Galaxy A70,در حد نو,۲ عدد,اصل,۱۲۸ گیگابایت,۶ گیگابایت,۵٬۹۰۰٬۰۰۰ تومان,آبی
اپل iPhone X,در حد نو,۱ عدد,اصل,۲۵۶ گیگابایت,۳ گیگابایت,۱۲۳٬۴۵۶ تومان,نقره‌ای
اپل iPhone XS Max,در حد نو,۱ عدد,اصل,۲۵۶ گیگابایت,۴ گیگابایت,۱۸٬۶۰۰٬۰۰۰ تومان,خاکستری Space
سامسونگ Galaxy Xcover 3,در حد نو,۱ عدد,غیر اصل,۸ گیگابایت,۱.۵ گیگابایت,۲٬۷۰۰٬۰۰۰ تومان (مقطوع),خاکستری
اپل iPhone 12,نو,۱ عدد,اصل,۱۲۸ گیگابایت,۴ گیگابایت,۱۵٬۰۰۰٬۰۰۰ تومان,قرمز
اپل iPhone XS,نو,۱ عدد,اصل,۲۵۶ گیگابایت,۴ گیگابایت,۹٬۰۰۰٬۰۰۰ تومان,طلایی
شیائومی,نو,,اصل,,,۵٬۸۰۰٬۰۰۰ تومان (مقطوع),
اپل iPhone X,در حد نو,۱ عدد,اصل,۲۵۶ گیگابایت,۳ گیگابایت,۱۳٬۵۰۰٬۰۰۰ تومان (مقطوع),نقره‌ای
اپل iPhone XR,نو,۱ عدد,اصل,۶۴ گیگابایت,۳ گیگابایت,۱۳٬۵۰۰٬۰۰۰ تومان,قرمز
اپل iPhone 11 Pro,کارکرده,۱ عدد,اصل,,۴ گیگابایت,۲۶٬۰۰۰٬۰۰۰ تومان,
هواوی Y7 Prime (2019),در حد نو,۲ عدد,اصل,۳۲ گیگابایت,۳ گیگابایت,۳٬۲۰۰٬۰۰۰ تومان,آبی Aurora
سایر,در حد نو,۲ عدد,اصل,,,۱۰۰٬۰۰۰ تومان,
سامسونگ Galaxy A5 (2017),نو,۲ عدد,اصل,۳۲ گیگابایت,۳ گیگابایت,۲٬۷۵۰٬۰۰۰ تومان,مشکی Sky
اپل iPhone 6s Plus,نو,۱ عدد,اصل,۶۴ گیگابایت,۲ گیگابایت,۵٬۵۰۰٬۰۰۰ تومان,خاکستری Space
اپل iPhone 7,در حد نو,۱ عدد,اصل,۱۲۸ گیگابایت,۲ گیگابایت,۵٬۷۰۰٬۰۰۰ تومان,طلایی Rose
اپل iPhone 8,در حد نو,۱ عدد,اصل,۶۴ گیگابایت,۲ گیگابایت,۷٬۰۰۰٬۰۰۰ تومان (مقطوع),خاکستری Space
سامسونگ Galaxy A10,کارکرده,۲ عدد,اصل,۳۲ گیگابایت,۴ گیگابایت,۲٬۱۸۰٬۰۰۰ تومان,آبی
سایر,کارکرده,۲ عدد,غیر اصل,,,۶۰۰٬۰۰۰ تومان (مقطوع),
سامسونگ,نو,۲ عدد,اصل,۲۵۶ گیگابایت,۸ گیگابایت,۲۷٬۸۹۹٬۰۰۰ تومان,
نوکیا 6,در حد نو,۲ عدد,غیر اصل,,,۷۵۰٬۰۰۰ تومان (مقطوع),
نوکیا 105 4G,نو,۲ عدد,اصل,مطرح نیست,مطرح نیست,۶۹۰٬۰۰۰ تومان,مشکی
اپل iPhone 13 Pro Max,در حد نو,۲ عدد,اصل,۲۵۶ گیگابایت,۶ گیگابایت,۶۴٬۸۰۰٬۰۰۰ تومان,graphite
اپل iPhone 11 Pro Max,در حد نو,۲ عدد,اصل,۲۵۶ گیگابایت,۴ گیگابایت,۱۲۳٬۴۵۶ تومان,خاکستری Matte Space
اپل iPhone 11,در حد نو,۲ عدد,اصل,۱۲۸ گیگابایت,۴ گیگابایت,۱۲۳٬۴۵۶ تومان,مشکی
اپل iPhone 11 Pro,در حد نو,۱ عدد,اصل,۲۵۶ گیگابایت,۴ گیگابایت,۲۵٬۲۰۰٬۰۰۰ تومان,
اپل iPhone 11,در حد نو,۲ عدد,اصل,۱۲۸ گیگابایت,۴ گیگابایت,۱۲۳٬۴۵۶ تومان,سفید
هواوی Ascend P2,در حد نو,۱ عدد,اصل,۱۶ گیگابایت,۱ گیگابایت,۲٬۵۰۰٬۰۰۰ تومان (مقطوع),مشکی
شیائومی,نو,,اصل,,,۱۲٬۵۰۰٬۰۰۰ تومان (مقطوع),
هواوی Y6II Compact,کارکرده,۲ عدد,اصل,۱۶ گیگابایت,۲ گیگابایت,۵۰۰٬۰۰۰ تومان (مقطوع),
اپل iPhone 12,در حد نو,۱ عدد,اصل,۱۲۸ گیگابایت,۴ گیگابایت,۲۸٬۵۰۰٬۰۰۰ تومان,مشکی
نوکیا,نیاز به تعمیر,,اصل,,,۲۵۰٬۰۰۰ تومان,
اپل iPhone 13 Pro Max,در حد نو,۱ عدد,اصل,۲۵۶ گیگابایت,۶ گیگابایت,۹۰٬۰۰۰٬۰۰۰ تومان,
اپل iPhone 11,در حد نو,۱ عدد,اصل,۶۴ گیگابایت,۴ گیگابایت,۲۱٬۲۰۰٬۰۰۰ تومان,قرمز
هواوی Ascend G630,کارکرده,۱ عدد,اصل,۴ گیگابایت,۱ گیگابایت,۷۵۰٬۰۰۰ تومان,سفید
اپل iPhone XS Max,در حد نو,۱ عدد,اصل,۲۵۶ گیگابایت,۴ گیگابایت,۲۰٬۹۰۰٬۰۰۰ تومان,خاکستری Space
سامسونگ Galaxy S9,در حد نو,۲ عدد,اصل,۶۴ گیگابایت,۴ گیگابایت,۶٬۶۰۰٬۰۰۰ تومان,مشکی Midnight
اپل iPhone 13,در حد نو,۲ عدد,اصل,۲۵۶ گیگابایت,۴ گیگابایت,۵۰٬۰۰۰٬۰۰۰ تومان,سفید starlight
اپل iPhone 13,در حد نو,۲ عدد,اصل,۱۲۸ گیگابایت,۴ گیگابایت,۴۳٬۰۰۰٬۰۰۰ تومان,سفید starlight
اپل iPhone 12 Pro,نو,۱ عدد,اصل,۲۵۶ گیگابایت,۶ گیگابایت,۴۰٬۰۰۰٬۰۰۰ تومان,graphite
شیائومی Redmi Note 10 5G,در حد نو,۲ عدد,اصل,۱۲۸ گیگابایت,۴ گیگابایت,۵٬۶۰۰٬۰۰۰ تومان,سبز Aurora
سامسونگ,کارکرده,۲ عدد,اصل,,,۶۰۰٬۰۰۰ تومان,
سایر,کارکرده,۲ عدد,اصل,,,۵۰۰٬۰۰۰ تومان,
هواوی G10,نو,۲ عدد,اصل,۶۴ گیگابایت,۴ گیگابایت,۱٬۱۱۱٬۱۱۱ تومان,
سامسونگ,نیاز به تعمیر,,اصل,,,۵۰۰٬۰۰۰ تومان,
سامسونگ Galaxy Z Flip 5G,کارکرده,۱ عدد,اصل,۲۵۶ گیگابایت,۸ گیگابایت,۳۲٬۵۰۰٬۰۰۰ تومان (مقطوع),سفید Mystic
اپل iPhone 13,در حد نو,۱ عدد,اصل,۱۲۸ گیگابایت,۴ گیگابایت,۲۸٬۰۰۰٬۰۰۰ تومان,صورتی
سایر,نو,۲ عدد,اصل,,,۱٬۱۵۰٬۰۰۰ تومان,مشکی
سامسونگ Galaxy A72,در حد نو,۲ عدد,اصل,۱۲۸ گیگابایت,۸ گیگابایت,۱۱٬۱۱۱٬۱۱۱٬۱۱۱ تومان,
اپل iPhone 13,نو,۲ عدد,اصل,۱۲۸ گیگابایت,۴ گیگابایت,۴۲٬۴۰۰٬۰۰۰ تومان,مشکی
اپل iPhone XR,در حد نو,۱ عدد,اصل,۶۴ گیگابایت,۳ گیگابایت,۱۵٬۵۰۰٬۰۰۰ تومان,مشکی
سامسونگ,نو,۲ عدد,اصل,۱۲۸ گیگابایت,۶ گیگابایت,۵٬۲۰۰٬۰۰۰ تومان,
اپل iPhone 13 Pro,در حد نو,۱ عدد,اصل,۲۵۶ گیگابایت,۶ گیگابایت,۶۰٬۵۰۰ تومان,طلایی
شیائومی,نو,,اصل,,,۵٬۷۰۰٬۰۰۰ تومان (مقطوع),
شیائومی Redmi Note 10 Pro Max,در حد نو,۲ عدد,اصل,۱۲۸ گیگابایت,۶ گیگابایت,۶٬۸۰۰٬۰۰۰ تومان,آبی Glacial
شیائومی Redmi Note 10 Pro,کارکرده,۲ عدد,اصل,۱۲۸ گیگابایت,۶ گیگابایت,۶٬۹۹۷٬۰۰۰ تومان,خاکستری Onyx
اپل iPhone 13,در حد نو,۲ عدد,اصل,۱۲۸ گیگابایت,۴ گیگابایت,۴۴٬۰۰۰٬۰۰۰ تومان,صورتی
اپل iPhone 13,در حد نو,۲ عدد,اصل,۱۲۸ گیگابایت,۴ گیگابایت,۴۵٬۰۰۰٬۰۰۰ تومان,مشکی
سامسونگ Galaxy A32 5G,در حد نو,۲ عدد,اصل,۱۲۸ گیگابایت,۶ گیگابایت,۶٬۵۰۰٬۰۰۰ تومان,آبی Awesome
سامسونگ Galaxy A02,در حد نو,۲ عدد,اصل,۶۴ گیگابایت,۳ گیگابایت,۳٬۰۰۰٬۰۰۰ تومان (مقطوع),مشکی
اپل iPhone 12 Pro Max,نو,۱ عدد,اصل,,۶ گیگابایت,۸٬۰۰۰٬۰۰۰ تومان,graphite
اپل iPhone 13,در حد نو,۲ عدد,اصل,۱۲۸ گیگابایت,۴ گیگابایت,۴۳٬۰۰۰٬۰۰۰ تومان (مقطوع),آبیmidnight
سایر,در حد نو,۲ عدد,اصل,۳۲ گیگابایت,,۳٬۰۰۰٬۰۰۰ تومان,
اپل iPhone 11 Pro,نو,۲ عدد,اصل,۲۵۶ گیگابایت,۴ گیگابایت,۲۱٬۴۰۰٬۰۰۰ تومان,سبز Matte Midnight
اپل iPhone XS Max,در حد نو,۱ عدد,اصل,۶۴ گیگابایت,۴ گیگابایت,۱۶٬۰۰۰٬۰۰۰ تومان,خاکستری Space
اپل iPhone 13,نو,۲ عدد,اصل,۱۲۸ گیگابایت,۴ گیگابایت,۴۶٬۰۰۰٬۰۰۰ تومان,مشکی
سامسونگ Galaxy A7 (2016),کارکرده,۲ عدد,اصل,۱۶ گیگابایت,۳ گیگابایت,۵۰۰٬۰۰۰ تومان (مقطوع),
گوگل,در حد نو,,اصل,,,۵۲٬۰۰۰٬۰۰۰ تومان,
اپل iPhone 5,در حد نو,۱ عدد,اصل,۱۶ گیگابایت,۱ گیگابایت,۱٬۰۰۰٬۰۰۰ تومان,سفید نقره‌ای
اپل iPhone 13 Pro Max,در حد نو,۱ عدد,اصل,۲۵۶ گیگابایت,۶ گیگابایت,۵۲٬۰۰۰٬۰۰۰ تومان,طلایی
اپل iPhone 13 Pro Max,در حد نو,۲ عدد,اصل,۱۲۸ گیگابایت,۶ گیگابایت,۷۶٬۰۰۰٬۰۰۰ تومان,graphite
هواوی Y6 Pro,در حد نو,۲ عدد,اصل,۱۶ گیگابایت,۲ گیگابایت,۲٬۰۰۰٬۰۰۰ تومان (مقطوع),
اپل iPhone 6,در حد نو,۱ عدد,اصل,,۱ گیگابایت,۴٬۲۰۰٬۰۰۰ تومان (مقطوع),
اپل iPhone 13 Pro Max,در حد نو,۲ عدد,اصل,۲۵۶ گیگابایت,۶ گیگابایت,۸۶٬۰۰۰٬۰۰۰ تومان (مقطوع),طلایی
شیائومی,نو,,اصل,,,۷٬۰۰۰٬۰۰۰ تومان (مقطوع),
اپل iPhone 13 Pro,نو,۱ عدد,اصل,۲۵۶ گیگابایت,۶ گیگابایت,۵۶٬۵۰۰٬۰۰۰ تومان,آبی Sierra
اپل iPhone 6,کارکرده,۱ عدد,اصل,۱۲۸ گیگابایت,۱ گیگابایت,۳٬۷۰۰٬۰۰۰ تومان,نقره‌ای
اپل iPhone 13 Pro,در حد نو,۲ عدد,اصل,۲۵۶ گیگابایت,۶ گیگابایت,۶۶٬۰۰۰٬۰۰۰ تومان,آبی Sierra
سامسونگ Galaxy A32 5G,در حد نو,۱ عدد,اصل,,,۱۲۳٬۴۵۶ تومان,
اپل iPhone 13,در حد نو,۲ عدد,اصل,۱۲۸ گیگابایت,۴ گیگابایت,۳۷٬۰۰۰٬۰۰۰ تومان,مشکی
اپل iPhone 13 Pro Max,در حد نو,۲ عدد,اصل,۵۱۲ گیگابایت,۶ گیگابایت,۷۸٬۰۰۰٬۰۰۰ تومان,graphite
نوکیا,در حد نو,,اصل,,,۴٬۳۰۰٬۰۰۰ تومان,
اپل iPhone XS Max,در حد نو,۱ عدد,اصل,۶۴ گیگابایت,۴ گیگابایت,۱۴٬۰۰۰٬۰۰۰ تومان (مقطوع),خاکستری Space
اپل iPhone 13 Pro Max,در حد نو,۲ عدد,اصل,۵۱۲ گیگابایت,۶ گیگابایت,۸۰٬۰۰۰٬۰۰۰ تومان,نقره‌ای
اپل iPhone 6s,در حد نو,۱ عدد,اصل,۶۴ گیگابایت,۲ گیگابایت,۳٬۷۵۰٬۰۰۰ تومان,طلایی Rose
شیائومی Redmi Note 8,در حد نو,۲ عدد,اصل,۳۲ گیگابایت,۶ گیگابایت,۳٬۵۰۰٬۰۰۰ تومان,آبی Neptune
شیائومی Redmi Note 10 Pro,در حد نو,۲ عدد,اصل,,۸ گیگابایت,۹٬۵۰۰٬۰۰۰ تومان,خاکستری Onyx
اپل iPhone 13 Pro,نو,۲ عدد,اصل,۲۵۶ گیگابایت,۶ گیگابایت,۷۰٬۰۰۰٬۰۰۰ تومان,graphite
سامسونگ Galaxy A30s,نیاز به تعمیر,۲ عدد,اصل,,,۲٬۰۰۰٬۰۰۰ تومان,
اپل iPhone 13 Pro,در حد نو,۱ عدد,اصل,۲۵۶ گیگابایت,۶ گیگابایت,۶۲٬۰۰۰٬۰۰۰ تومان (مقطوع),آبی Sierra
اپل iPhone 13 Pro Max,در حد نو,۲ عدد,اصل,,۶ گیگابایت,۵۸٬۰۰۰٬۰۰۰ تومان,
سامسونگ Galaxy J7 (2016),نیاز به تعمیر,۲ عدد,اصل,۱۶ گیگابایت,۲ گیگابایت,۳۰۰٬۰۰۰ تومان (مقطوع),طلایی
اپل iPhone 13 Pro Max,در حد نو,۱ عدد,اصل,۱۲۸ گیگابایت,۶ گیگابایت,۶۳٬۵۰۰٬۰۰۰ تومان,graphite
اپل iPhone 12 Pro,نو,۱ عدد,اصل,۲۵۶ گیگابایت,۶ گیگابایت,۳۲٬۹۰۰٬۰۰۰ تومان,graphite
اپل iPhone 13,نو,۲ عدد,اصل,۱۲۸ گیگابایت,۴ گیگابایت,۳۴٬۰۰۰٬۰۰۰ تومان,سفید starlight
اپل iPhone 13 Pro Max,در حد نو,۲ عدد,اصل,۲۵۶ گیگابایت,۶ گیگابایت,۷۸٬۵۰۰٬۰۰۰ تومان (مقطوع),طلایی
اپل iPhone 13 Pro Max,نو,۲ عدد,اصل,,۶ گیگابایت,۷۸٬۰۰۰٬۰۰۰ تومان,
اپل iPhone 11,در حد نو,۱ عدد,اصل,۱۲۸ گیگابایت,۴ گیگابایت,۱۸٬۰۰۰٬۰۰۰ تومان,مشکی
سامسونگ Galaxy S10+,در حد نو,۲ عدد,اصل,۱۲۸ گیگابایت,۸ گیگابایت,۱۲٬۵۰۰٬۰۰۰ تومان,
سایر,نو,۲ عدد,اصل,۲۵۶ گیگابایت,۸ گیگابایت,۸٬۹۵۰٬۰۰۰ تومان,
اپل iPhone 13 Pro Max,در حد نو,۱ عدد,اصل,۲۵۶ گیگابایت,۶ گیگابایت,۶۵٬۰۰۰٬۰۰۰ تومان (مقطوع),طلایی
شیائومی Mi 11 Ultra,در حد نو,۲ عدد,اصل,۲۵۶ گیگابایت,۱۲ گیگابایت,۳۱٬۵۰۰٬۰۰۰ تومان,مشکی Ceramic
اپل iPhone 13,نو,۲ عدد,اصل,۱۲۸ گیگابایت,۴ گیگابایت,۳۵٬۰۰۰٬۰۰۰ تومان,سفید starlight
سامسونگ Galaxy J7 Prime 2,کارکرده,۲ عدد,اصل,۳۲ گیگابایت,۳ گیگابایت,۳٬۹۰۰٬۰۰۰ تومان (مقطوع),مشکی
نوکیا,در حد نو,,اصل,,,۶۰۰٬۰۰۰ تومان (مقطوع),
سامسونگ Galaxy A22,در حد نو,۲ عدد,اصل,۱۲۸ گیگابایت,۶ گیگابایت,۷٬۰۰۰٬۰۰۰ تومان (مقطوع),سبز
شیائومی Poco X3 Pro,در حد نو,۲ عدد,اصل,,,۷٬۰۰۰٬۰۰۰ تومان,
اپل iPhone 13,نو,۲ عدد,اصل,۲۵۶ گیگابایت,۴ گیگابایت,۴۹٬۰۰۰٬۰۰۰ تومان,مشکی
اپل iPhone 12 Pro,در حد نو,۲ عدد,اصل,۲۵۶ گیگابایت,۶ گیگابایت,۳۷٬۵۰۰٬۰۰۰ تومان,graphite
شیائومی,نو,,اصل,,,۱۰٬۴۵۰٬۰۰۰ تومان,
اپل iPhone 12 Pro Max,در حد نو,۲ عدد,اصل,۲۵۶ گیگابایت,۶ گیگابایت,۵۵٬۰۰۰٬۰۰۰ تومان,طلایی
شیائومی,نو,,اصل,,,۵٬۴۵۰٬۰۰۰ تومان,
اپل iPhone 12,در حد نو,۱ عدد,اصل,۱۲۸ گیگابایت,۴ گیگابایت,۳۰٬۰۰۰٬۰۰۰ تومان,آبی
اپل iPhone 13 Pro Max,در حد نو,۲ عدد,اصل,۲۵۶ گیگابایت,۶ گیگابایت,۷۵٬۰۰۰٬۰۰۰ تومان,طلایی
آنر 6,کارکرده,۱ عدد,اصل,۱۶ گیگابایت,۳ گیگابایت,۱٬۰۰۰٬۰۰۰ تومان,مشکی
هواوی nova 5T,در حد نو,۲ عدد,اصل,۱۲۸ گیگابایت,,۶٬۵۰۰٬۰۰۰ تومان (مقطوع),
اپل iPhone XS Max,در حد نو,۲ عدد,اصل,۲۵۶ گیگابایت,۴ گیگابایت,۲۰٬۵۰۰٬۰۰۰ تومان,طلایی
اپل,نو,,اصل,,,۲۰٬۰۰۰٬۰۰۰ تومان (مقطوع),
شیائومی Redmi Note 8,در حد نو,۲ عدد,اصل,۶۴ گیگابایت,۴ گیگابایت,۴٬۲۰۰٬۰۰۰ تومان,آبی Neptune
اپل iPhone 13 Pro,در حد نو,۱ عدد,اصل,۲۵۶ گیگابایت,۶ گیگابایت,۶۴٬۰۰۰٬۰۰۰ تومان,graphite
سامسونگ Galaxy A30,نو,۲ عدد,اصل,۶۴ گیگابایت,۴ گیگابایت,۳٬۰۰۰٬۰۰۰ تومان (مقطوع),سفید
شیائومی,نو,,اصل,,,۳۳٬۵۰۰٬۰۰۰ تومان (مقطوع),
سایر,نو,۳ و بیشتر,اصل,۸ گیگابایت,مطرح نیست,۲٬۵۰۰٬۰۰۰ تومان,
اپل iPhone 13,نو,۲ عدد,اصل,۱۲۸ گیگابایت,۴ گیگابایت,۴۹٬۵۰۰٬۰۰۰ تومان,صورتی
هواوی Y6 (2019),در حد نو,۲ عدد,اصل,۳۲ گیگابایت,۲ گیگابایت,۲٬۶۰۰٬۰۰۰ تومان,آبی Sapphire
اپل iPhone 11,کارکرده,۲ عدد,اصل,۱۲۸ گیگابایت,۴ گیگابایت,۲۰٬۶۰۰٬۰۰۰ تومان,قرمز
شیائومی Redmi Note 8,در حد نو,۲ عدد,اصل,۶۴ گیگابایت,,۴٬۳۰۰٬۰۰۰ تومان (مقطوع),مشکی Space
سامسونگ Galaxy J7 (2016),نیاز به تعمیر,۲ عدد,اصل,۱۶ گیگابایت,۲ گیگابایت,۱٬۶۵۰٬۰۰۰ تومان (مقطوع),
سایر,نو,۱ عدد,اصل,۶۴ گیگابایت,۸ گیگابایت,۲۰۰٬۰۰۰٬۰۰۰ تومان,مشکی
موتورولا Moto E7,کارکرده,۲ عدد,اصل,۶۴ گیگابایت,۴ گیگابایت,۲٬۵۰۰٬۰۰۰ تومان (مقطوع),
اپل iPhone 13 Pro Max,نو,۲ عدد,اصل,,۶ گیگابایت,۶۸٬۰۰۰٬۰۰۰ تومان (مقطوع),
شیائومی Poco X3 GT,کارکرده,۲ عدد,اصل,۱۲۸ گیگابایت,۸ گیگابایت,۵٬۵۰۰٬۰۰۰ تومان (مقطوع),آبی Wave
اپل iPhone 7,نو,۱ عدد,غیر اصل,۱۲۸ گیگابایت,۲ گیگابایت,۲٬۰۰۰٬۰۰۰ تومان,طلایی Rose
هواوی Y6,در حد نو,۲ عدد,غیر اصل,۸ گیگابایت,,۳٬۲۰۰٬۰۰۰ تومان (مقطوع),طلایی
هواوی Ascend G630,نیاز به تعمیر,۱ عدد,اصل,۴ گیگابایت,۱ گیگابایت,۱۵۰٬۰۰۰ تومان,
اپل iPhone 13 Pro Max,در حد نو,۲ عدد,اصل,۲۵۶ گیگابایت,۶ گیگابایت,۷۵٬۰۰۰٬۰۰۰ تومان,graphite
اپل iPhone 13 Pro Max,نو,۲ عدد,اصل,۵۱۲ گیگابایت,۶ گیگابایت,۶۲٬۰۰۰٬۰۰۰ تومان (مقطوع),آبی Sierra
سامسونگ Galaxy A52,در حد نو,۲ عدد,اصل,۱۲۸ گیگابایت,۸ گیگابایت,۸٬۲۰۰٬۰۰۰ تومان,سفید Awesome
سامسونگ Galaxy Grand 2,در حد نو,۲ عدد,اصل,۸ گیگابایت,۱.۵ گیگابایت,۱٬۴۰۰٬۰۰۰ تومان,مشکی
اپل iPhone 13,نو,۲ عدد,اصل,,۴ گیگابایت,۴۱٬۰۰۰٬۰۰۰ تومان (مقطوع),
شیائومی,نو,,اصل,,,۴۹٬۰۰۰٬۰۰۰ تومان,
اپل iPhone 13,در حد نو,۲ عدد,اصل,۱۲۸ گیگابایت,۴ گیگابایت,۳۷٬۵۰۰٬۰۰۰ تومان (مقطوع),سفید starlight
اپل iPhone 13,در حد نو,۲ عدد,اصل,۱۲۸ گیگابایت,۴ گیگابایت,۴۰٬۰۰۰٬۰۰۰ تومان,آبیmidnight
اپل iPhone 7,کارکرده,۱ عدد,اصل,۳۲ گیگابایت,۲ گیگابایت,۳٬۶۰۰٬۰۰۰ تومان,مشکی
سامسونگ Galaxy J6+,نیاز به تعمیر,۲ عدد,اصل,۳۲ گیگابایت,۳ گیگابایت,۱٬۵۰۰٬۰۰۰ تومان (مقطوع),مشکی
سایر,نو,۲ عدد,اصل,۶۴ گیگابایت,۸ گیگابایت,۱٬۰۰۰ تومان (مقطوع),سفید
اپل iPhone 12 Pro Max,در حد نو,۱ عدد,اصل,۵۱۲ گیگابایت,۶ گیگابایت,۵۶٬۰۰۰٬۰۰۰ تومان (مقطوع),graphite
اپل iPhone 11,نو,۲ عدد,غیر اصل,,۴ گیگابایت,۲٬۴۲۰٬۰۰۰ تومان,
هواوی Y3 (2018),کارکرده,۲ عدد,اصل,۸ گیگابایت,۱ گیگابایت,۱٬۰۰۰٬۰۰۰ تومان (مقطوع),خاکستری
سامسونگ Galaxy J7 Prime,کارکرده,۲ عدد,اصل,,۳ گیگابایت,۲٬۷۰۰٬۰۰۰ تومان,
سامسونگ Galaxy A31,در حد نو,۲ عدد,اصل,۱۲۸ گیگابایت,۴ گیگابایت,۶٬۵۰۰٬۰۰۰ تومان (مقطوع),آبی Prism Crush
نوکیا C3,در حد نو,۲ عدد,اصل,۱۶ گیگابایت,۲ گیگابایت,۳٬۵۰۰٬۰۰۰ تومان,آبی Nordic
اپل iPhone 11 Pro,در حد نو,۱ عدد,اصل,,۴ گیگابایت,۳۷٬۵۰۰٬۰۰۰ تومان,
اپل iPhone 13 Pro Max,در حد نو,۱ عدد,اصل,۵۱۲ گیگابایت,۶ گیگابایت,۴۸٬۸۰۰٬۰۰۰ تومان (مقطوع),graphite
سامسونگ Galaxy S5 Duos,نیاز به تعمیر,۲ عدد,اصل,۱۶ گیگابایت,۲ گیگابایت,۵۰۰٬۰۰۰ تومان,سفید Shimmery
اپل iPhone 13 Pro Max,نو,۱ عدد,اصل,,۶ گیگابایت,۷۹٬۰۰۰٬۰۰۰ تومان,
سایر,در حد نو,۲ عدد,غیر اصل,۱۶ گیگابایت,,۱٬۵۰۰٬۰۰۰ تومان,مشکی
سامسونگ,نو,۲ عدد,اصل,۲۵۶ گیگابایت,۸ گیگابایت,۱۰٬۰۰۰٬۰۰۰ تومان,
اپل iPhone 11,کارکرده,۱ عدد,اصل,۱۲۸ گیگابایت,۴ گیگابایت,۱۶٬۰۰۰٬۰۰۰ تومان (مقطوع),مشکی
شیائومی,نو,۲ عدد,اصل,,۸ گیگابایت,۶٬۵۰۰ تومان (مقطوع),
شیائومی,نو,۲ عدد,اصل,۱۲۸ گیگابایت,۴ گیگابایت,۲٬۰۰۰٬۰۰۰ تومان,
آنر,کارکرده,,اصل,,,۲٬۰۰۰٬۰۰۰ تومان,
سامسونگ Galaxy A52s 5G,در حد نو,۲ عدد,اصل,۱۲۸ گیگابایت,۸ گیگابایت,۸٬۲۰۰٬۰۰۰ تومان,مشکی Awesome
اپل iPhone 8 Plus,در حد نو,۱ عدد,اصل,۲۵۶ گیگابایت,۳ گیگابایت,۱۳٬۰۰۰٬۰۰۰ تومان (مقطوع),خاکستری Space
اپل iPhone 12 Pro Max,در حد نو,۲ عدد,اصل,۲۵۶ گیگابایت,۶ گیگابایت,۵۵٬۰۰۰٬۰۰۰ تومان,graphite
اپل iPhone 12 Pro Max,در حد نو,۲ عدد,اصل,۲۵۶ گیگابایت,۶ گیگابایت,۴۸٬۵۰۰٬۰۰۰ تومان,طلایی
شیائومی Redmi Note 10 Pro (China),در حد نو,۲ عدد,اصل,,,۶٬۹۰۰٬۰۰۰ تومان (مقطوع),
اپل iPhone 11 Pro Max,در حد نو,۱ عدد,اصل,۵۱۲ گیگابایت,۴ گیگابایت,۳۲٬۰۰۰٬۰۰۰ تومان,سبز Matte Midnight
سامسونگ Galaxy S21 Ultra 5G,در حد نو,۲ عدد,اصل,۲۵۶ گیگابایت,۱۲ گیگابایت,۲۷٬۰۰۰٬۰۰۰ تومان (مقطوع),مشکی Phantom
اپل iPhone 11 Pro,در حد نو,۱ عدد,اصل,۲۵۶ گیگابایت,۴ گیگابایت,۲۲٬۰۰۰٬۰۰۰ تومان,خاکستری Matte Space
سامسونگ Galaxy A32,در حد نو,۲ عدد,اصل,۱۲۸ گیگابایت,۶ گیگابایت,۶٬۳۰۰٬۰۰۰ تومان,سفید Awesome
اپل iPhone 12 mini,در حد نو,۱ عدد,اصل,۱۲۸ گیگابایت,۴ گیگابایت,۲۲٬۰۰۰٬۰۰۰ تومان (مقطوع),مشکی
هواوی Y7 (2018),نیاز به تعمیر,۲ عدد,اصل,۱۶ گیگابایت,۲ گیگابایت,۲٬۰۰۰٬۰۰۰ تومان,
اپل iPhone 13,نو,۱ عدد,اصل,۱۲۸ گیگابایت,۴ گیگابایت,۴۳٬۰۰۰٬۰۰۰ تومان,مشکی
اپل iPhone 12 Pro Max,کارکرده,۲ عدد,اصل,۲۵۶ گیگابایت,۶ گیگابایت,۴۹٬۵۰۰٬۰۰۰ تومان,آبی Pacific
سامسونگ Galaxy J6,در حد نو,۲ عدد,اصل,۳۲ گیگابایت,۳ گیگابایت,۲٬۳۰۰٬۰۰۰ تومان,مشکی
اپل iPhone 13,نو,۲ عدد,اصل,۱۲۸ گیگابایت,۴ گیگابایت,۴۲٬۰۰۰٬۰۰۰ تومان (مقطوع),مشکی
شیائومی,نو,,اصل,,,۸٬۵۰۰٬۰۰۰ تومان (مقطوع),
اپل iPhone 13,در حد نو,۲ عدد,اصل,۱۲۸ گیگابایت,۴ گیگابایت,۴۱٬۰۰۰٬۰۰۰ تومان (مقطوع),آبیmidnight
هواوی Y5 (2019),در حد نو,۲ عدد,اصل,۳۲ گیگابایت,۲ گیگابایت,۱٬۳۰۰٬۰۰۰ تومان (مقطوع),آبی Sapphire
اپل iPhone 13 Pro,کارکرده,۲ عدد,اصل,۲۵۶ گیگابایت,۶ گیگابایت,۶۸٬۰۰۰٬۰۰۰ تومان,graphite
اپل iPhone 13 Pro Max,کارکرده,۱ عدد,اصل,۱۲۸ گیگابایت,۶ گیگابایت,۴۵٬۰۰۰٬۰۰۰ تومان (مقطوع),graphite
سامسونگ,نو,۲ عدد,اصل,۲۵۶ گیگابایت,۸ گیگابایت,۹٬۸۰۰٬۰۰۰ تومان,
اپل iPhone 11 Pro Max,در حد نو,۱ عدد,اصل,۲۵۶ گیگابایت,۴ گیگابایت,۲۹٬۸۰۰٬۰۰۰ تومان,سبز Matte Midnight
آلکاتل,کارکرده,,غیر اصل,,,۱٬۵۰۰٬۰۰۰ تومان,
هواوی Mate 30 Lite,نو,۲ عدد,اصل,۱۲۸ گیگابایت,۶ گیگابایت,۶٬۰۰۰٬۰۰۰ تومان (مقطوع),مشکی
آنر,کارکرده,,اصل,,,۱٬۱۱۱ تومان (مقطوع),
سایر,نو,۲ عدد,اصل,,,۴۰۰٬۰۰۰ تومان,
اپل iPhone 12 Pro,در حد نو,۱ عدد,اصل,۱۲۸ گیگابایت,۶ گیگابایت,۳۸٬۰۰۰٬۰۰۰ تومان,آبی Pacific
شیائومی Mi 11X,در حد نو,۲ عدد,اصل,,۸ گیگابایت,۷٬۵۰۰٬۰۰۰ تومان,مشکی
اپل iPhone 13 Pro,نو,۱ عدد,اصل,,۶ گیگابایت,۱۳٬۰۰۰٬۰۰۰ تومان (مقطوع),
اپل iPhone 13 Pro Max,در حد نو,۱ عدد,اصل,۵۱۲ گیگابایت,۶ گیگابایت,۵۹٬۶۰۰٬۰۰۰ تومان,graphite
اپل iPhone 11 Pro Max,در حد نو,۱ عدد,اصل,۲۵۶ گیگابایت,۴ گیگابایت,۲۸٬۰۰۰٬۰۰۰ تومان,سبز Matte Midnight
اپل iPhone 13 Pro Max,نو,۲ عدد,اصل,۲۵۶ گیگابایت,۶ گیگابایت,۲۵٬۰۰۰٬۰۰۰ تومان,طلایی
اپل iPhone SE (2020),در حد نو,۱ عدد,اصل,,۳ گیگابایت,۱۴٬۷۰۰٬۰۰۰ تومان,
اپل iPhone 11,در حد نو,۲ عدد,اصل,۱۲۸ گیگابایت,۴ گیگابایت,۲۲٬۰۰۰٬۰۰۰ تومان,مشکی
اپل iPhone 11 Pro,در حد نو,۱ عدد,اصل,۲۵۶ گیگابایت,۴ گیگابایت,۲۴٬۹۰۰٬۰۰۰ تومان,خاکستری Matte Space
شیائومی,نو,۲ عدد,اصل,۲۵۶ گیگابایت,۸ گیگابایت,۴٬۳۰۰٬۰۰۰ تومان,
سامسونگ Galaxy A51,نیاز به تعمیر,۲ عدد,اصل,۱۲۸ گیگابایت,۶ گیگابایت,۳٬۷۰۰٬۰۰۰ تومان,مشکی Prism Crush
هواوی Y6 Pro,کارکرده,۲ عدد,اصل,۱۶ گیگابایت,۲ گیگابایت,۳٬۴۰۰٬۰۰۰ تومان,طلایی
اپل iPhone 12 Pro,در حد نو,۱ عدد,اصل,۱۲۸ گیگابایت,۶ گیگابایت,۲۹٬۵۰۰٬۰۰۰ تومان,آبی Pacific
اپل iPhone 11 Pro,در حد نو,۱ عدد,اصل,۲۵۶ گیگابایت,۴ گیگابایت,۲۸٬۰۰۰٬۰۰۰ تومان,طلایی Matte
سایر,در حد نو,۱ عدد,اصل,,,۱۱۱٬۱۱۱ تومان,
اپل iPhone 13 Pro Max,در حد نو,۲ عدد,اصل,۱۲۸ گیگابایت,۶ گیگابایت,۷۵٬۵۰۰٬۰۰۰ تومان (مقطوع),graphite
سامسونگ Galaxy Note 3,کارکرده,۱ عدد,اصل,۳۲ گیگابایت,۳ گیگابایت,۱٬۵۰۰٬۰۰۰ تومان,مشکی
شیائومی Redmi 9A,در حد نو,۲ عدد,اصل,۳۲ گیگابایت,۲ گیگابایت,۳٬۲۰۰٬۰۰۰ تومان (مقطوع),آبی Sky
شیائومی Redmi 9C,کارکرده,۲ عدد,اصل,۶۴ گیگابایت,۴ گیگابایت,۳٬۵۰۰٬۰۰۰ تومان,
اپل iPhone 7,در حد نو,۱ عدد,اصل,,۲ گیگابایت,۵٬۰۰۰٬۰۰۰ تومان,
سامسونگ Galaxy S5 Duos,کارکرده,۲ عدد,اصل,۱۶ گیگابایت,۲ گیگابایت,۱٬۷۰۰٬۰۰۰ تومان,
اپل iPhone 11 Pro,در حد نو,۱ عدد,اصل,۲۵۶ گیگابایت,۴ گیگابایت,۲۵٬۷۰۰٬۰۰۰ تومان,سبز Matte Midnight
اپل iPhone 11 Pro Max,در حد نو,۲ عدد,اصل,۲۵۶ گیگابایت,۴ گیگابایت,۳۱٬۰۰۰٬۰۰۰ تومان,سبز Matte Midnight
شیائومی Redmi Note 10 Pro,در حد نو,۲ عدد,اصل,۱۲۸ گیگابایت,۸ گیگابایت,۷٬۱۰۰٬۰۰۰ تومان,خاکستری Onyx
شیائومی Redmi Note 9 Pro,در حد نو,۲ عدد,اصل,۱۲۸ گیگابایت,۶ گیگابایت,۵٬۵۰۰٬۰۰۰ تومان,
شیائومی Mi 11X,در حد نو,۲ عدد,اصل,۱۲۸ گیگابایت,۸ گیگابایت,۶٬۰۰۰٬۰۰۰ تومان (مقطوع),مشکی
اپل iPhone 13 Pro Max,در حد نو,۲ عدد,اصل,۲۵۶ گیگابایت,۶ گیگابایت,۷۹٬۰۰۰٬۰۰۰ تومان,نقره‌ای
سامسونگ I9190 Galaxy S4 mini,کارکرده,۱ عدد,اصل,۸ گیگابایت,۱.۵ گیگابایت,۷۰۰٬۰۰۰ تومان (مقطوع),مشکی Mist
اپل iPhone 12 Pro Max,کارکرده,۲ عدد,اصل,۲۵۶ گیگابایت,۶ گیگابایت,۵۶٬۰۰۰٬۰۰۰ تومان,
شیائومی Poco X3 NFC,در حد نو,۲ عدد,اصل,۶۴ گیگابایت,۶ گیگابایت,۵٬۲۰۰٬۰۰۰ تومان,خاکستری Shadow
سونی Xperia 5 III,نو,۲ عدد,اصل,۱۲۸ گیگابایت,۸ گیگابایت,۳۲٬۰۰۰٬۰۰۰ تومان,مشکی
سایر,نو,۲ عدد,اصل,,۲ گیگابایت,۱٬۰۰۰٬۰۰۰ تومان,مشکی
سامسونگ Galaxy S21 Ultra 5G,در حد نو,۲ عدد,اصل,۱۲۸ گیگابایت,۱۲ گیگابایت,۲۵٬۰۰۰٬۰۰۰ تومان,نقره‌ای Phantom
اپل iPhone 13,در حد نو,۲ عدد,اصل,۱۲۸ گیگابایت,۴ گیگابایت,۳۵٬۰۰۰٬۰۰۰ تومان,سفید starlight
هواوی Y9a,در حد نو,۲ عدد,اصل,۱۲۸ گیگابایت,,۶٬۰۰۰٬۰۰۰ تومان (مقطوع),
اپل iPhone 13 Pro,در حد نو,۱ عدد,اصل,۱۲۸ گیگابایت,۶ گیگابایت,۵۴٬۰۰۰٬۰۰۰ تومان,نقره‌ای
اپل iPhone 13,در حد نو,۲ عدد,اصل,۱۲۸ گیگابایت,۴ گیگابایت,۴۰٬۰۰۰٬۰۰۰ تومان,مشکی
شیائومی Poco X3 Pro,در حد نو,۲ عدد,اصل,,,۷٬۰۰۰٬۰۰۰ تومان (مقطوع),
اپل iPhone 13,در حد نو,۲ عدد,اصل,۱۲۸ گیگابایت,۴ گیگابایت,۴۱٬۰۰۰٬۰۰۰ تومان (مقطوع),مشکی
اپل iPhone XS,در حد نو,۱ عدد,اصل,۲۵۶ گیگابایت,۴ گیگابایت,۱۱٬۱۱۱ تومان,نقره‌ای
هواوی Y9s,در حد نو,۲ عدد,اصل,۱۲۸ گیگابایت,۶ گیگابایت,۵٬۱۹۵٬۰۰۰ تومان,مشکی Midnight
اپل iPhone 12 Pro,در حد نو,۱ عدد,اصل,۲۵۶ گیگابایت,۶ گیگابایت,۳۱٬۰۰۰٬۰۰۰ تومان,طلایی
اپل iPhone 13,در حد نو,۲ عدد,اصل,۲۵۶ گیگابایت,۴ گیگابایت,۵۵٬۰۰۰٬۰۰۰ تومان (مقطوع),سفید starlight
اپل iPhone XS,در حد نو,۱ عدد,اصل,۲۵۶ گیگابایت,۴ گیگابایت,۱۸٬۸۰۰٬۰۰۰ تومان,
اپل iPhone 7 Plus,در حد نو,۱ عدد,اصل,۱۲۸ گیگابایت,۳ گیگابایت,۶٬۷۹۰٬۰۰۰ تومان (مقطوع),طلایی Rose
اپل iPhone 13,در حد نو,۲ عدد,اصل,۱۲۸ گیگابایت,۴ گیگابایت,۳۹٬۵۰۰٬۰۰۰ تومان,
شیائومی,نو,,اصل,,,۱۲٬۰۰۰٬۰۰۰ تومان,
هواوی nova 7i,کارکرده,۲ عدد,اصل,۱۲۸ گیگابایت,۸ گیگابایت,۴٬۲۰۰٬۰۰۰ تومان (مقطوع),مشکی Midnight
شیائومی,نو,۲ عدد,اصل,,,۲۵٬۲۹۰٬۰۰۰ تومان,
شیائومی Poco M3,کارکرده,۲ عدد,اصل,۶۴ گیگابایت,۴ گیگابایت,۳٬۵۰۰٬۰۰۰ تومان (مقطوع),زرد Poco
اپل iPhone 13,در حد نو,۲ عدد,اصل,۲۵۶ گیگابایت,۴ گیگابایت,۴۸٬۰۰۰٬۰۰۰ تومان,
اپل iPhone SE (2020),در حد نو,۱ عدد,اصل,۱۲۸ گیگابایت,۳ گیگابایت,۱۲٬۵۰۰٬۰۰۰ تومان,قرمز
اپل iPhone 11,نو,۲ عدد,اصل,۱۲۸ گیگابایت,۴ گیگابایت,۲۱٬۴۰۰٬۰۰۰ تومان,سفید
سامسونگ Galaxy A10,کارکرده,۲ عدد,اصل,۳۲ گیگابایت,۲ گیگابایت,۳٬۰۰۰٬۰۰۰ تومان,آبی
سایر,در حد نو,۲ عدد,اصل,۶۴ گیگابایت,۸ گیگابایت,۱۸٬۰۰۰٬۰۰۰ تومان,مشکی
شیائومی Redmi Note 9 Pro,کارکرده,۲ عدد,اصل,۱۲۸ گیگابایت,۶ گیگابایت,۵٬۰۰۰٬۰۰۰ تومان,سبز Tropical
اپل iPhone 7,کارکرده,۱ عدد,اصل,,۲ گیگابایت,۴٬۰۰۰٬۰۰۰ تومان,
اپل iPhone 11,نو,۲ عدد,اصل,۱۲۸ گیگابایت,۴ گیگابایت,۲۳٬۹۵۰٬۰۰۰ تومان,سفید
سامسونگ Galaxy S9+,کارکرده,۲ عدد,اصل,۶۴ گیگابایت,۶ گیگابایت,۷٬۰۰۰٬۰۰۰ تومان,مشکی Midnight
هواوی nova 5T,کارکرده,۲ عدد,اصل,۱۲۸ گیگابایت,۸ گیگابایت,۶٬۵۰۰٬۰۰۰ تومان (مقطوع),آبی Crush
سامسونگ Galaxy J7 Pro,کارکرده,۲ عدد,اصل,۳۲ گیگابایت,۳ گیگابایت,۳٬۱۰۰٬۰۰۰ تومان,آبی
ال‌جی V20,در حد نو,۱ عدد,اصل,۳۲ گیگابایت,۴ گیگابایت,۴٬۱۰۰٬۰۰۰ تومان,نقره‌ای
آنر 4X,کارکرده,۲ عدد,اصل,۸ گیگابایت,۲ گیگابایت,۱٬۰۰۰ تومان,سفید
اپل iPhone 12,در حد نو,۲ عدد,اصل,,۴ گیگابایت,۲۶٬۴۹۰٬۰۰۰ تومان,سبز
اپل iPhone 13,در حد نو,۲ عدد,اصل,۱۲۸ گیگابایت,۴ گیگابایت,۴۲٬۹۰۰٬۰۰۰ تومان,مشکی
جی‌‌ال‌ایکس,نو,,اصل,,,۱٬۶۰۰٬۰۰۰ تومان (مقطوع),
شیائومی Mi 11,در حد نو,۲ عدد,اصل,۲۵۶ گیگابایت,۸ گیگابایت,۹٬۰۰۰٬۰۰۰ تومان (مقطوع),خاکستری Midnight
اپل iPhone XS Max,در حد نو,۲ عدد,اصل,۲۵۶ گیگابایت,۴ گیگابایت,۱۲۳٬۴۵۶ تومان,خاکستری Space
اپل iPhone 11 Pro Max,در حد نو,۲ عدد,اصل,۲۵۶ گیگابایت,۴ گیگابایت,۱۲۳٬۴۵۶ تومان,نقره‌ای Matte
سامسونگ,نو,۲ عدد,اصل,۲۵۶ گیگابایت,۸ گیگابایت,۶٬۰۰۰٬۰۰۰ تومان,
هواوی nova 9,در حد نو,۲ عدد,اصل,۱۲۸ گیگابایت,۸ گیگابایت,۱۰٬۰۰۰٬۰۰۰ تومان,مشکی
اپل iPhone 4 CDMA,نو,۱ عدد,اصل,۱۶ گیگابایت,۵۱۲ مگابایت,۴۸٬۴۰۱٬۰۱۸٬۴۶۹ تومان,مشکی
اپل iPhone 11,در حد نو,۲ عدد,اصل,۱۲۸ گیگابایت,۴ گیگابایت,۱۸٬۵۰۰٬۰۰۰ تومان,مشکی
اپل iPhone 13,نو,۲ عدد,اصل,,۴ گیگابایت,۴۴٬۰۰۰٬۰۰۰ تومان,
اپل iPhone 13,در حد نو,۲ عدد,اصل,۱۲۸ گیگابایت,۴ گیگابایت,۴۴٬۰۰۰٬۰۰۰ تومان,مشکی
سامسونگ,نو,۲ عدد,اصل,۲۵۶ گیگابایت,۸ گیگابایت,۲۶٬۷۰۰٬۰۰۰ تومان,
هواوی Y9 Prime (2019),در حد نو,۲ عدد,اصل,,۴ گیگابایت,۳٬۵۰۰٬۰۰۰ تومان (مقطوع),
هواوی Y6II Compact,در حد نو,۲ عدد,اصل,۱۶ گیگابایت,۲ گیگابایت,۱٬۴۰۰٬۰۰۰ تومان,طلایی
اپل iPhone 8,در حد نو,۱ عدد,اصل,۲۵۶ گیگابایت,۲ گیگابایت,۹٬۰۰۰٬۰۰۰ تومان (مقطوع),طلایی
اپل iPhone 13,در حد نو,۲ عدد,اصل,,۴ گیگابایت,۳۷٬۰۰۰٬۰۰۰ تومان,مشکی
اپل iPhone 7,کارکرده,۱ عدد,اصل,۱۲۸ گیگابایت,۲ گیگابایت,۳٬۴۹۲٬۰۰۰ تومان (مقطوع),مشکی Jet
اپل iPhone 13 Pro,در حد نو,۲ عدد,اصل,۲۵۶ گیگابایت,۶ گیگابایت,۷۳٬۵۰۰٬۰۰۰ تومان,آبی Sierra
اپل iPhone 13,در حد نو,۲ عدد,اصل,۱۲۸ گیگابایت,۴ گیگابایت,۳۹٬۸۰۰٬۰۰۰ تومان,صورتی
اپل iPhone 6s Plus,در حد نو,۱ عدد,اصل,۶۴ گیگابایت,۲ گیگابایت,۴٬۵۰۰٬۰۰۰ تومان,نقره‌ای
اپل iPhone 12 Pro Max,نو,۲ عدد,اصل,۲۵۶ گیگابایت,۶ گیگابایت,۵۸٬۰۰۰٬۰۰۰ تومان,آبی Pacific
اپل iPhone 13,نو,۲ عدد,اصل,,۴ گیگابایت,۴۷٬۰۰۰٬۰۰۰ تومان,مشکی
سامسونگ Galaxy S5 Duos,کارکرده,۲ عدد,اصل,۱۶ گیگابایت,۲ گیگابایت,۱٬۸۰۰٬۰۰۰ تومان,مشکی Charcoal
هواوی Ascend G312,کارکرده,۱ عدد,اصل,۴ گیگابایت,۱ گیگابایت,۱٬۰۰۰٬۰۰۰ تومان,مشکی
اپل iPhone 11 Pro,در حد نو,۱ عدد,اصل,۲۵۶ گیگابایت,۴ گیگابایت,۲۵٬۲۰۰٬۰۰۰ تومان,سبز Matte Midnight
سونی,کارکرده,,اصل,,,۱٬۵۰۰٬۰۰۰ تومان,
سامسونگ Galaxy J1 (2016),کارکرده,۲ عدد,اصل,۸ گیگابایت,۱ گیگابایت,۱٬۵۰۰٬۰۰۰ تومان,
اپل iPhone XS,کارکرده,۱ عدد,اصل,۲۵۶ گیگابایت,۴ گیگابایت,۱۴٬۰۰۰٬۰۰۰ تومان (مقطوع),طلایی
شیائومی Redmi Note 9T,در حد نو,۲ عدد,اصل,۱۲۸ گیگابایت,۴ گیگابایت,۵٬۵۰۰٬۰۰۰ تومان,مشکی Nightfall
شیائومی,نو,۲ عدد,اصل,۲۵۶ گیگابایت,۸ گیگابایت,۹٬۳۰۰٬۰۰۰ تومان,
سایر,کارکرده,۲ عدد,اصل,,,۱٬۰۰۰ تومان,
سامسونگ Galaxy Note8,کارکرده,۲ عدد,اصل,۶۴ گیگابایت,۶ گیگابایت,۱۰٬۰۰۰٬۰۰۰ تومان (مقطوع),طلایی Maple
سامسونگ Galaxy A71,کارکرده,۲ عدد,اصل,۱۲۸ گیگابایت,۸ گیگابایت,۴٬۹۰۰٬۰۰۰ تومان,مشکی Prism Crush
سامسونگ Galaxy Xcover 5,کارکرده,۲ عدد,اصل,۶۴ گیگابایت,۴ گیگابایت,۲٬۰۰۰٬۰۰۰ تومان (مقطوع),مشکی
اپل iPhone XS,کارکرده,۱ عدد,اصل,۲۵۶ گیگابایت,۴ گیگابایت,۹٬۵۰۰٬۰۰۰ تومان (مقطوع),طلایی
سامسونگ Galaxy J5,کارکرده,۲ عدد,اصل,۸ گیگابایت,۱.۵ گیگابایت,۱٬۳۰۰٬۰۰۰ تومان (مقطوع),طلایی
اپل iPhone 6s,در حد نو,۱ عدد,اصل,۶۴ گیگابایت,۲ گیگابایت,۴٬۵۰۰٬۰۰۰ تومان,نقره‌ای
اپل iPhone 13,نو,۲ عدد,اصل,۱۲۸ گیگابایت,۴ گیگابایت,۴۶٬۷۵۰٬۰۰۰ تومان (مقطوع),مشکی
اپل iPhone 13 Pro Max,نو,۲ عدد,اصل,۲۵۶ گیگابایت,۶ گیگابایت,۶۶٬۰۰۰٬۰۰۰ تومان,
شیائومی Redmi Note 8T,کارکرده,۲ عدد,اصل,۶۴ گیگابایت,۴ گیگابایت,۳٬۲۰۰٬۰۰۰ تومان,خاکستری Moonshadow
اپل iPhone 8 Plus,در حد نو,۱ عدد,اصل,۶۴ گیگابایت,۳ گیگابایت,۸٬۳۵۰٬۰۰۰ تومان,نقره‌ای
اپل iPhone 7,کارکرده,۱ عدد,اصل,,۲ گیگابایت,۴٬۹۰۰٬۰۰۰ تومان (مقطوع),
اپل iPhone 13 Pro Max,در حد نو,۲ عدد,اصل,۲۵۶ گیگابایت,۶ گیگابایت,۷۹٬۵۰۰٬۰۰۰ تومان,طلایی
نوکیا,در حد نو,,اصل,,,۳۰۰٬۰۰۰ تومان (مقطوع),
اپل iPhone 13,در حد نو,۲ عدد,اصل,۱۲۸ گیگابایت,۴ گیگابایت,۴۳٬۰۰۰٬۰۰۰ تومان,مشکی
شیائومی,نو,۲ عدد,اصل,۲۵۶ گیگابایت,۸ گیگابایت,۱۰٬۶۵۰٬۰۰۰ تومان,
اپل iPhone 13,نو,۲ عدد,اصل,۱۲۸ گیگابایت,۴ گیگابایت,۴۸٬۷۰۰٬۰۰۰ تومان,سفید starlight
سامسونگ Galaxy S21 5G,در حد نو,۲ عدد,اصل,۲۵۶ گیگابایت,۸ گیگابایت,۱۶٬۸۰۰٬۰۰۰ تومان (مقطوع),خاکستری Phantom
سایر,در حد نو,۱ عدد,اصل,۶۴ گیگابایت,۸ گیگابایت,۶۵٬۰۰۰٬۰۰۰ تومان (مقطوع),سفید
اپل iPhone 13 Pro Max,نو,۱ عدد,اصل,۵۱۲ گیگابایت,۶ گیگابایت,۸۰٬۰۰۰٬۰۰۰ تومان,graphite
اپل iPhone 13 Pro Max,در حد نو,۲ عدد,اصل,۲۵۶ گیگابایت,۶ گیگابایت,۸۹٬۰۰۰٬۰۰۰ تومان,آبی Sierra
اپل iPhone X,نو,۱ عدد,اصل,۲۵۶ گیگابایت,۳ گیگابایت,۱۳٬۵۰۰٬۰۰۰ تومان (مقطوع),نقره‌ای
شیائومی,نو,۲ عدد,اصل,۵۱۲ گیگابایت,۱۲ گیگابایت,۵٬۵۰۰٬۰۰۰ تومان,
شیائومی,نو,۲ عدد,اصل,۲۵۶ گیگابایت,۸ گیگابایت,۱۰٬۱۵۰٬۰۰۰ تومان,
اپل iPhone 6 Plus,در حد نو,۱ عدد,اصل,۶۴ گیگابایت,۱ گیگابایت,۴٬۸۰۰٬۰۰۰ تومان,
جی‌پلاس P10,در حد نو,۲ عدد,اصل,۳۲ گیگابایت,۲ گیگابایت,۳٬۰۰۰٬۰۰۰ تومان,آبی
اپل iPhone XS,کارکرده,۱ عدد,اصل,۲۵۶ گیگابایت,۴ گیگابایت,۱۴٬۵۰۰٬۰۰۰ تومان,خاکستری Space
اپل iPhone X,نیاز به تعمیر,۱ عدد,اصل,۲۵۶ گیگابایت,۳ گیگابایت,۱۰۰٬۰۰۰ تومان,نقره‌ای
سامسونگ Galaxy A12,کارکرده,۲ عدد,اصل,۶۴ گیگابایت,۴ گیگابایت,۴٬۰۰۰٬۰۰۰ تومان,آبی
هواوی P30 Pro,در حد نو,۲ عدد,اصل,۲۵۶ گیگابایت,,۲۴٬۰۰۰٬۰۰۰ تومان,
سایر,کارکرده,۱ عدد,اصل,,,۳۰۰٬۰۰۰ تومان,
اپل iPhone 11 Pro,در حد نو,۲ عدد,اصل,۶۴ گیگابایت,۴ گیگابایت,۲۱٬۰۰۰٬۰۰۰ تومان,خاکستری Matte Space
هواوی G10,کارکرده,۲ عدد,اصل,۶۴ گیگابایت,۴ گیگابایت,۹۰۰٬۰۰۰ تومان,
اپل iPhone 13,نو,۲ عدد,اصل,۲۵۶ گیگابایت,۴ گیگابایت,۵۸٬۹۹۹٬۰۰۰ تومان,آبیmidnight
هواوی Y6II Compact,در حد نو,۲ عدد,اصل,۱۶ گیگابایت,۲ گیگابایت,۳٬۲۰۰٬۰۰۰ تومان (مقطوع),طلایی
اپل iPhone 13 Pro Max,در حد نو,۲ عدد,اصل,۲۵۶ گیگابایت,۶ گیگابایت,۸۰٬۰۰۰٬۰۰۰ تومان,آبی Sierra
شیائومی Redmi Note 8 Pro,در حد نو,۲ عدد,اصل,۱۲۸ گیگابایت,۶ گیگابایت,۶٬۰۰۰٬۰۰۰ تومان (مقطوع),مشکی
شیائومی Poco X3 Pro,در حد نو,۲ عدد,اصل,۱۲۸ گیگابایت,۶ گیگابایت,۵٬۶۰۰٬۰۰۰ تومان (مقطوع),
شیائومی Redmi Note 10 Pro,در حد نو,۲ عدد,اصل,۱۲۸ گیگابایت,۸ گیگابایت,۶٬۹۵۰٬۰۰۰ تومان,
اپل,در حد نو,,اصل,,,۷٬۵۰۰٬۰۰۰ تومان,
اپل iPhone 7,در حد نو,۱ عدد,اصل,۳۲ گیگابایت,۲ گیگابایت,۳٬۵۰۰٬۰۰۰ تومان,طلایی
هواوی Ascend G628,نیاز به تعمیر,۲ عدد,اصل,۸ گیگابایت,۱ گیگابایت,۱٬۵۰۰٬۰۰۰ تومان,سفید
اپل iPhone 11,در حد نو,۲ عدد,اصل,۱۲۸ گیگابایت,۴ گیگابایت,۲۶٬۰۰۰٬۰۰۰ تومان,مشکی
اپل iPhone XS Max,در حد نو,۲ عدد,اصل,۲۵۶ گیگابایت,۴ گیگابایت,۲۵٬۰۰۰٬۰۰۰ تومان (مقطوع),خاکستری Space
هواوی Ascend G628,در حد نو,۲ عدد,اصل,۸ گیگابایت,۱ گیگابایت,۴٬۰۰۰٬۰۰۰ تومان (مقطوع),
اپل iPhone 12 Pro Max,در حد نو,۱ عدد,اصل,۲۵۶ گیگابایت,۶ گیگابایت,۴۲٬۰۰۰٬۰۰۰ تومان (مقطوع),طلایی
اپل iPhone 12,در حد نو,۲ عدد,اصل,۱۲۸ گیگابایت,۴ گیگابایت,۲۹٬۵۰۰٬۰۰۰ تومان (مقطوع),سفید
اپل iPhone 13 Pro Max,نو,۲ عدد,اصل,۲۵۶ گیگابایت,۶ گیگابایت,۷۱٬۰۰۰٬۰۰۰ تومان,graphite
هواوی P30 lite,کارکرده,۲ عدد,اصل,۱۲۸ گیگابایت,۶ گیگابایت,۳٬۴۵۰٬۰۰۰ تومان (مقطوع),مشکی Midnight
هواوی Ascend D2,کارکرده,۱ عدد,اصل,۳۲ گیگابایت,۲ گیگابایت,۲٬۷۰۰٬۰۰۰ تومان,
اپل iPhone 12 Pro,در حد نو,۱ عدد,اصل,۲۵۶ گیگابایت,۶ گیگابایت,۳۵٬۰۰۰٬۰۰۰ تومان,
اپل iPhone 11,در حد نو,۱ عدد,اصل,۱۲۸ گیگابایت,۴ گیگابایت,۲۲٬۵۰۰٬۰۰۰ تومان,مشکی
سامسونگ I9305 Galaxy S III,در حد نو,۱ عدد,اصل,۱۶ گیگابایت,۲ گیگابایت,۱٬۶۰۰٬۰۰۰ تومان,
اپل iPhone 6s,در حد نو,۱ عدد,اصل,۶۴ گیگابایت,۲ گیگابایت,۳٬۸۵۰٬۰۰۰ تومان,نقره‌ای
سایر,در حد نو,۲ عدد,اصل,۶۴ گیگابایت,۴ گیگابایت,۶٬۱۰۰٬۰۰۰ تومان (مقطوع),مشکی
اپل iPhone 7,کارکرده,۱ عدد,اصل,۳۲ گیگابایت,۲ گیگابایت,۴٬۰۰۰٬۰۰۰ تومان (مقطوع),طلایی
ریلمی,نو,,اصل,,,۵٬۱۰۰٬۰۰۰ تومان,
اپل iPhone 11,در حد نو,۲ عدد,اصل,۱۲۸ گیگابایت,۴ گیگابایت,۲۰٬۸۰۰٬۰۰۰ تومان (مقطوع),
اپل iPhone XS,در حد نو,۱ عدد,اصل,۵۱۲ گیگابایت,۴ گیگابایت,۱۹٬۴۰۰٬۰۰۰ تومان,خاکستری Space
سامسونگ Galaxy A12,در حد نو,۲ عدد,اصل,۶۴ گیگابایت,۴ گیگابایت,۳٬۸۰۰٬۰۰۰ تومان,مشکی
سامسونگ Galaxy Grand Prime Plus,در حد نو,۲ عدد,اصل,۸ گیگابایت,۱.۵ گیگابایت,۱٬۵۰۰٬۰۰۰ تومان,
سایر,نو,۱ عدد,اصل,,,۷۵۰٬۰۰۰ تومان,
شیائومی Redmi Note 9S,در حد نو,۲ عدد,اصل,۶۴ گیگابایت,۴ گیگابایت,۴٬۷۵۰٬۰۰۰ تومان,آبی Aurora
اپل iPhone 6s Plus,کارکرده,۱ عدد,اصل,۱۲۸ گیگابایت,۲ گیگابایت,۴٬۲۰۰ تومان,طلایی Rose
نوکیا,کارکرده,,اصل,,,۵۰۰٬۰۰۰ تومان,
اپل iPhone 13,در حد نو,۲ عدد,اصل,۲۵۶ گیگابایت,۴ گیگابایت,۴۷٬۰۰۰٬۰۰۰ تومان,سفید starlight
نوکیا 3.2,در حد نو,۲ عدد,اصل,,,۲٬۸۰۰٬۰۰۰ تومان,
سامسونگ Galaxy A01,کارکرده,۲ عدد,اصل,,۲ گیگابایت,۱٬۵۰۰٬۰۰۰ تومان,
شیائومی Redmi Note 8T,کارکرده,۲ عدد,اصل,۶۴ گیگابایت,۴ گیگابایت,۲٬۲۰۰٬۰۰۰ تومان (مقطوع),خاکستری Moonshadow
شیائومی Redmi Note 8,در حد نو,۲ عدد,اصل,۱۲۸ گیگابایت,۴ گیگابایت,۴٬۶۵۰٬۰۰۰ تومان,آبی Neptune
اپل iPhone XR,در حد نو,۲ عدد,اصل,۱۲۸ گیگابایت,۳ گیگابایت,۱۷٬۵۰۰٬۰۰۰ تومان,مشکی
اپل iPhone 6 Plus,کارکرده,۱ عدد,اصل,۶۴ گیگابایت,۱ گیگابایت,۴٬۳۰۰٬۰۰۰ تومان (مقطوع),نقره‌ای
اپل iPhone 13 Pro,در حد نو,۲ عدد,اصل,۲۵۶ گیگابایت,۶ گیگابایت,۷۵٬۰۰۰٬۰۰۰ تومان,آبی Sierra
اپل iPhone 12 Pro,در حد نو,۲ عدد,اصل,۲۵۶ گیگابایت,۶ گیگابایت,۴۰٬۰۰۰٬۰۰۰ تومان,graphite
سایر,نو,۲ عدد,اصل,۶۴ گیگابایت,۴ گیگابایت,۴٬۸۹۰٬۰۰۰ تومان,
سامسونگ,نو,۲ عدد,اصل,۱۲۸ گیگابایت,۸ گیگابایت,۴٬۳۰۰٬۰۰۰ تومان,
هواوی Y9a,در حد نو,۲ عدد,اصل,۱۲۸ گیگابایت,۸ گیگابایت,۵٬۷۰۰٬۰۰۰ تومان,مشکی Midnight
هواوی,کارکرده,,اصل,,,۳٬۵۰۰٬۰۰۰ تومان,
سامسونگ Galaxy A01,در حد نو,۲ عدد,اصل,,۲ گیگابایت,۲٬۵۰۰٬۰۰۰ تومان,
اپل iPhone 13 Pro Max,نو,۲ عدد,اصل,۲۵۶ گیگابایت,۶ گیگابایت,۷۰٬۰۰۰٬۰۰۰ تومان,طلایی
اپل iPhone 13 Pro,در حد نو,۲ عدد,اصل,۲۵۶ گیگابایت,۶ گیگابایت,۶۴٬۰۰۰٬۰۰۰ تومان,نقره‌ای
اپل iPhone 7 Plus,نو,۱ عدد,اصل,۱۲۸ گیگابایت,۳ گیگابایت,۵٬۰۰۰٬۰۰۰ تومان,طلایی Rose
سامسونگ Galaxy C10,در حد نو,۲ عدد,غیر اصل,,۶ گیگابایت,۲٬۵۰۰٬۰۰۰ تومان (مقطوع),مشکی
اپل iPhone 13,در حد نو,۲ عدد,اصل,۱۲۸ گیگابایت,۴ گیگابایت,۳۴٬۹۹۰٬۰۰۰ تومان,مشکی
اپل iPhone 12 Pro,نو,۱ عدد,اصل,۲۵۶ گیگابایت,۶ گیگابایت,۳۴٬۵۰۰٬۰۰۰ تومان,طلایی
اپل iPhone 13,در حد نو,۲ عدد,اصل,۱۲۸ گیگابایت,۴ گیگابایت,۳۹٬۰۰۰٬۰۰۰ تومان,آبیmidnight
اپل iPhone 13,در حد نو,۲ عدد,اصل,,۴ گیگابایت,۳۹٬۰۰۰٬۰۰۰ تومان,
اپل iPhone 13 Pro,در حد نو,۲ عدد,اصل,۵۱۲ گیگابایت,۶ گیگابایت,۶۵٬۰۰۰٬۰۰۰ تومان,graphite
اپل iPhone 6s,در حد نو,۱ عدد,اصل,۱۶ گیگابایت,۲ گیگابایت,۴٬۲۰۰٬۰۰۰ تومان (مقطوع),طلایی Rose
سامسونگ,نو,۲ عدد,اصل,۲۵۶ گیگابایت,۱۲ گیگابایت,۱٬۱۱۱ تومان,
سامسونگ E1272,کارکرده,۲ عدد,اصل,مطرح نیست,مطرح نیست,۴۹۰٬۰۰۰ تومان,سفید
شیائومی,نو,۲ عدد,اصل,۲۵۶ گیگابایت,۸ گیگابایت,۸٬۴۵۰٬۰۰۰ تومان,
نوکیا C30,در حد نو,۲ عدد,اصل,۶۴ گیگابایت,۳ گیگابایت,۲٬۴۰۰٬۰۰۰ تومان (مقطوع),
اپل iPhone 13,نو,۲ عدد,اصل,۱۲۸ گیگابایت,۴ گیگابایت,۴۳٬۹۰۰٬۰۰۰ تومان,آبیmidnight
سامسونگ,نو,۲ عدد,اصل,۱۲۸ گیگابایت,۶ گیگابایت,۷٬۰۰۰٬۰۰۰ تومان,
اپل iPhone 11,در حد نو,۲ عدد,اصل,۱۲۸ گیگابایت,۴ گیگابایت,۱۹٬۵۰۰٬۰۰۰ تومان,
اپل iPhone 7 Plus,در حد نو,۱ عدد,اصل,۱۲۸ گیگابایت,۳ گیگابایت,۵٬۱۰۰٬۰۰۰ تومان (مقطوع),مشکی
سامسونگ Galaxy Pocket Neo S5310,کارکرده,۱ عدد,اصل,۴ گیگابایت,۵۱۲ مگابایت,۸۰۰٬۰۰۰ تومان,خاکستری
اپل iPhone 5,کارکرده,۱ عدد,اصل,۱۶ گیگابایت,۱ گیگابایت,۲٬۰۰۰٬۰۰۰ تومان (مقطوع),سفید نقره‌ای
هواوی nova 5T,نو,۲ عدد,اصل,۱۲۸ گیگابایت,۸ گیگابایت,۷٬۰۰۰٬۰۰۰ تومان (مقطوع),بنفش Midsummer
اپل iPhone 11 Pro,در حد نو,۲ عدد,اصل,۵۱۲ گیگابایت,۴ گیگابایت,۲۴٬۰۰۰٬۰۰۰ تومان,سبز Matte Midnight
اپل iPhone 13 Pro Max,در حد نو,۲ عدد,اصل,۲۵۶ گیگابایت,۶ گیگابایت,۸۱٬۰۰۰٬۰۰۰ تومان,آبی Sierra
سایر,در حد نو,۲ عدد,اصل,,۸ گیگابایت,۶٬۰۰۰٬۰۰۰ تومان,مشکی
اپل iPhone 13,در حد نو,۲ عدد,اصل,۱۲۸ گیگابایت,۴ گیگابایت,۴۲٬۹۰۰٬۰۰۰ تومان,سفید starlight
اپل iPhone 13 Pro,نو,۱ عدد,اصل,,۶ گیگابایت,۲۹۹٬۰۰۰ تومان (مقطوع),طلایی
اپل iPhone 11,در حد نو,۲ عدد,اصل,۱۲۸ گیگابایت,۴ گیگابایت,۲۱٬۰۰۰٬۰۰۰ تومان,مشکی
اپل iPhone 13 Pro Max,در حد نو,۲ عدد,اصل,۵۱۲ گیگابایت,۶ گیگابایت,۸۰٬۰۰۰٬۰۰۰ تومان (مقطوع),آبی Sierra
سامسونگ Galaxy S10+,کارکرده,۲ عدد,اصل,۱۲۸ گیگابایت,۸ گیگابایت,۵٬۰۰۰٬۰۰۰ تومان,مشکی Ceramic
سایر,نو,۲ عدد,اصل,۸ گیگابایت,۱ گیگابایت,۷۵۰٬۰۰۰ تومان,مشکی
هواوی Y8p,در حد نو,۲ عدد,اصل,۱۲۸ گیگابایت,۶ گیگابایت,۵٬۰۰۰٬۰۰۰ تومان,آبی
اپل iPhone XS Max,نو,۱ عدد,اصل,۲۵۶ گیگابایت,۴ گیگابایت,۱۱٬۱۱۱٬۱۱۱ تومان,خاکستری Space
هواوی Y6 Pro,کارکرده,۲ عدد,اصل,۱۶ گیگابایت,۲ گیگابایت,۱٬۰۰۰٬۰۰۰ تومان,خاکستری
شیائومی 11T Pro,در حد نو,۲ عدد,اصل,۲۵۶ گیگابایت,۱۲ گیگابایت,۱۴٬۳۰۰٬۰۰۰ تومان,خاکستری Meteorite
اپل iPhone 11 Pro,در حد نو,۱ عدد,اصل,۲۵۶ گیگابایت,۴ گیگابایت,۲۲٬۵۰۰٬۰۰۰ تومان,
شیائومی Poco F3,در حد نو,۲ عدد,اصل,۲۵۶ گیگابایت,۸ گیگابایت,۹٬۰۰۰٬۰۰۰ تومان,مشکی Night
اپل iPhone X,در حد نو,۱ عدد,اصل,۶۴ گیگابایت,۳ گیگابایت,۹٬۳۰۰٬۰۰۰ تومان,نقره‌ای
اپل iPhone 12 Pro,در حد نو,۱ عدد,اصل,۲۵۶ گیگابایت,۶ گیگابایت,۳۰٬۰۰۰٬۰۰۰ تومان,
شیائومی Mi 10T Pro 5G,در حد نو,۲ عدد,اصل,۲۵۶ گیگابایت,۸ گیگابایت,۱۱٬۵۰۰٬۰۰۰ تومان,آبی Aurora
اپل iPhone 12 Pro Max,در حد نو,۲ عدد,اصل,۲۵۶ گیگابایت,۶ گیگابایت,۵۰٬۵۰۰٬۰۰۰ تومان,طلایی
اپل iPhone 11,در حد نو,۲ عدد,اصل,۱۲۸ گیگابایت,۴ گیگابایت,۲۳٬۵۰۰٬۰۰۰ تومان,مشکی
اپل iPhone 12 Pro Max,کارکرده,۲ عدد,اصل,۲۵۶ گیگابایت,۶ گیگابایت,۵۶٬۰۰۰٬۰۰۰ تومان,آبی Pacific
اپل iPhone 13 Pro,در حد نو,۲ عدد,اصل,۲۵۶ گیگابایت,۶ گیگابایت,۶۸٬۰۰۰٬۰۰۰ تومان,آبی Sierra
سامسونگ,نو,۲ عدد,اصل,۲۵۶ گیگابایت,۸ گیگابایت,۱۴٬۵۰۰٬۰۰۰ تومان,
اپل iPhone 11 Pro,در حد نو,۱ عدد,اصل,۲۵۶ گیگابایت,۴ گیگابایت,۲۵٬۸۰۰٬۰۰۰ تومان,خاکستری Matte Space
اپل iPhone 11 Pro Max,در حد نو,۱ عدد,اصل,۲۵۶ گیگابایت,۴ گیگابایت,۲۸٬۰۰۰٬۰۰۰ تومان,خاکستری Matte Space
سامسونگ Galaxy M52 5G,نو,۲ عدد,اصل,۱۲۸ گیگابایت,۸ گیگابایت,۹٬۵۰۰٬۰۰۰ تومان,مشکی Blazing
سامسونگ,نو,,اصل,,,۲۲٬۵۰۰٬۰۰۰ تومان,
اپل iPhone 11,در حد نو,۲ عدد,اصل,۱۲۸ گیگابایت,۴ گیگابایت,۲۴٬۰۰۰٬۰۰۰ تومان,سفید
اپل iPhone 11 Pro,در حد نو,۱ عدد,اصل,۲۵۶ گیگابایت,۴ گیگابایت,۲۵٬۰۰۰٬۰۰۰ تومان,نقره‌ای Matte
اپل iPhone 13 Pro Max,نو,۱ عدد,اصل,۵۱۲ گیگابایت,۶ گیگابایت,۵۰٬۵۰۰٬۰۰۰ تومان,آبی Sierra
اپل iPhone 12 Pro Max,در حد نو,۲ عدد,اصل,۲۵۶ گیگابایت,۶ گیگابایت,۴۹٬۹۰۰٬۰۰۰ تومان,آبی Pacific
اپل iPhone 11 Pro,در حد نو,۱ عدد,اصل,۲۵۶ گیگابایت,۴ گیگابایت,۲۶٬۰۰۰٬۰۰۰ تومان,خاکستری Matte Space
اپل iPhone 13,در حد نو,۲ عدد,اصل,۱۲۸ گیگابایت,۴ گیگابایت,۳۷٬۵۹۰٬۰۰۰ تومان,آبی
شیائومی,نو,۲ عدد,اصل,۲۵۶ گیگابایت,۱۲ گیگابایت,۱۵٬۵۰۰٬۰۰۰ تومان,
اپل iPhone 12,در حد نو,۲ عدد,اصل,۱۲۸ گیگابایت,۴ گیگابایت,۲۷٬۱۰۰٬۰۰۰ تومان,سفید
اپل iPhone 13,نو,۲ عدد,اصل,۱۲۸ گیگابایت,۴ گیگابایت,۴۵٬۰۰۰٬۰۰۰ تومان,مشکی
اپل iPhone 13 Pro Max,نو,۱ عدد,اصل,۲۵۶ گیگابایت,۶ گیگابایت,۷۸٬۵۰۰٬۰۰۰ تومان,graphite
سامسونگ Galaxy A10s,در حد نو,۲ عدد,اصل,۳۲ گیگابایت,۲ گیگابایت,۳٬۲۰۰٬۰۰۰ تومان,آبی
نوکیا,نو,۲ عدد,اصل,مطرح نیست,مطرح نیست,۱٬۳۹۹٬۰۰۰ تومان,
اپل iPhone 13,در حد نو,۲ عدد,اصل,۱۲۸ گیگابایت,۴ گیگابایت,۳۹٬۵۰۰٬۰۰۰ تومان,مشکی
شیائومی Mi 10T Lite 5G,در حد نو,۲ عدد,اصل,۱۲۸ گیگابایت,۶ گیگابایت,۵٬۸۵۰٬۰۰۰ تومان,خاکستری Pearl
اپل iPhone 13 Pro Max,در حد نو,۱ عدد,اصل,۲۵۶ گیگابایت,۶ گیگابایت,۷۰٬۰۰۰٬۰۰۰ تومان,آبی Sierra
سامسونگ,نو,۲ عدد,اصل,۲۵۶ گیگابایت,۸ گیگابایت,۱۱٬۱۱۱٬۱۱۱ تومان,
اپل iPhone 11 Pro,در حد نو,۱ عدد,اصل,۲۵۶ گیگابایت,۴ گیگابایت,۲۵٬۹۹۰٬۰۰۰ تومان,سبز Matte Midnight
اپل iPhone 13,در حد نو,۲ عدد,اصل,۱۲۸ گیگابایت,۴ گیگابایت,۳۸٬۸۰۰٬۰۰۰ تومان,صورتی
اپل iPhone 11,در حد نو,۲ عدد,اصل,۱۲۸ گیگابایت,۴ گیگابایت,۲۲٬۹۰۰٬۰۰۰ تومان,مشکی
اپل iPhone SE (2020),در حد نو,۱ عدد,اصل,۱۲۸ گیگابایت,۳ گیگابایت,۱۳٬۰۰۰٬۰۰۰ تومان,مشکی
شیائومی Poco F3,در حد نو,۲ عدد,اصل,۱۲۸ گیگابایت,۶ گیگابایت,۸٬۵۰۰٬۰۰۰ تومان,آبی Deep Ocean
سامسونگ,نو,۲ عدد,اصل,۲۵۶ گیگابایت,۸ گیگابایت,۱۸٬۲۵۰٬۰۰۰ تومان,
سامسونگ,نو,۲ عدد,اصل,۶۴ گیگابایت,۴ گیگابایت,۵٬۹۹۹٬۰۰۰ تومان,
سایر,نیاز به تعمیر,۲ عدد,اصل,مطرح نیست,مطرح نیست,۱٬۱۱۱ تومان,
شیائومی Redmi 9,کارکرده,۲ عدد,اصل,۱۲۸ گیگابایت,۴ گیگابایت,۴٬۹۰۰٬۰۰۰ تومان,صورتی آبی
اپل iPhone 11,کارکرده,۱ عدد,اصل,۱۲۸ گیگابایت,۴ گیگابایت,۲۳٬۹۰۰٬۰۰۰ تومان,قرمز
اپل iPhone 13 Pro Max,نو,۲ عدد,اصل,۲۵۶ گیگابایت,۶ گیگابایت,۶۱٬۰۰۰٬۰۰۰ تومان,آبی Sierra
هواوی nova 8i,در حد نو,۲ عدد,اصل,۱۲۸ گیگابایت,۸ گیگابایت,۶٬۵۰۰٬۰۰۰ تومان,آبی Interstellar
اپل iPhone 11,در حد نو,۲ عدد,اصل,۱۲۸ گیگابایت,۴ گیگابایت,۲۱٬۴۰۰٬۰۰۰ تومان,مشکی
شیائومی,در حد نو,۲ عدد,اصل,۵۱۲ گیگابایت,۱۲ گیگابایت,۲۳٬۰۰۰٬۰۰۰ تومان,
سایر,نو,۲ عدد,اصل,۵۱۲ گیگابایت,۱۲ گیگابایت,۶٬۵۰۰٬۰۰۰ تومان,
اپل iPhone 13,نو,۲ عدد,اصل,۲۵۶ گیگابایت,۴ گیگابایت,۵۳٬۵۰۰٬۰۰۰ تومان,
اپل iPhone 11 Pro Max,در حد نو,۲ عدد,اصل,۲۵۶ گیگابایت,۴ گیگابایت,۳۱٬۳۰۰٬۰۰۰ تومان,خاکستری Matte Space
اپل iPhone 11 Pro,در حد نو,۲ عدد,اصل,۲۵۶ گیگابایت,۴ گیگابایت,۲۹٬۵۰۰٬۰۰۰ تومان,سبز Matte Midnight
اپل iPhone 12 Pro,در حد نو,۱ عدد,اصل,۲۵۶ گیگابایت,۶ گیگابایت,۳۴٬۰۰۰٬۰۰۰ تومان,طلایی
سامسونگ,نو,۲ عدد,اصل,۱۲۸ گیگابایت,۸ گیگابایت,۱۹٬۴۹۰٬۰۰۰ تومان,
اپل iPhone 13 Pro Max,نو,۱ عدد,اصل,۲۵۶ گیگابایت,۶ گیگابایت,۷۹٬۵۰۰٬۰۰۰ تومان,graphite
اپل iPhone 13 Pro Max,نو,۱ عدد,اصل,۱۲۸ گیگابایت,۶ گیگابایت,۶۴٬۰۰۰٬۰۰۰ تومان,graphite
اپل iPhone X,کارکرده,۱ عدد,اصل,۶۴ گیگابایت,۳ گیگابایت,۹٬۵۰۰٬۰۰۰ تومان,نقره‌ای
اپل iPhone 8,در حد نو,۱ عدد,اصل,۶۴ گیگابایت,۲ گیگابایت,۷٬۵۰۰٬۰۰۰ تومان,قرمز
اپل iPhone 13,نو,۲ عدد,اصل,۱۲۸ گیگابایت,۴ گیگابایت,۳۷٬۹۰۰٬۰۰۰ تومان,مشکی
اپل iPhone 13 Pro Max,در حد نو,۱ عدد,اصل,۲۵۶ گیگابایت,۶ گیگابایت,۶۵٬۰۰۰٬۰۰۰ تومان,طلایی
اپل iPhone 11 Pro,در حد نو,۱ عدد,اصل,۲۵۶ گیگابایت,۴ گیگابایت,۲۴٬۰۰۰٬۰۰۰ تومان,سبز Matte Midnight
سایر,نو,۲ عدد,اصل,۳۲ گیگابایت,مطرح نیست,۳٬۴۹۰٬۰۰۰ تومان,
اپل iPhone 11,در حد نو,۱ عدد,اصل,۲۵۶ گیگابایت,۴ گیگابایت,۲۳٬۸۰۰٬۰۰۰ تومان,سفید
اپل iPhone 13 Pro,در حد نو,۲ عدد,اصل,۲۵۶ گیگابایت,۶ گیگابایت,۷۰٬۸۰۰٬۰۰۰ تومان,نقره‌ای
سامسونگ,نو,۲ عدد,اصل,۵۱۲ مگابایت,۱۲ گیگابایت,۷۴٬۷۰۰٬۰۰۰ تومان,مشکی
اپل iPhone XS,در حد نو,۱ عدد,اصل,۲۵۶ گیگابایت,۴ گیگابایت,۱۶٬۸۵۰٬۰۰۰ تومان,نقره‌ای
شیائومی Poco X3 Pro,در حد نو,۲ عدد,اصل,۲۵۶ گیگابایت,۸ گیگابایت,۶٬۱۰۰٬۰۰۰ تومان,آبی Frost
اپل iPhone 12 Pro,در حد نو,۱ عدد,اصل,۲۵۶ گیگابایت,۶ گیگابایت,۳۳٬۵۰۰٬۰۰۰ تومان,graphite
اپل iPhone 12 Pro,در حد نو,۱ عدد,اصل,۱۲۸ گیگابایت,۶ گیگابایت,۲۹٬۵۰۰٬۰۰۰ تومان,آبی Pacific
اپل iPhone 13 Pro,نو,۲ عدد,اصل,۲۵۶ گیگابایت,۶ گیگابایت,۴۱٬۵۰۰٬۰۰۰ تومان,graphite
اپل iPhone 13,در حد نو,۲ عدد,اصل,۲۵۶ گیگابایت,۴ گیگابایت,۴۴٬۳۰۰٬۰۰۰ تومان,مشکی
اپل iPhone 13,در حد نو,۲ عدد,اصل,۱۲۸ گیگابایت,۴ گیگابایت,۴۴٬۰۰۰٬۰۰۰ تومان (مقطوع),سفید starlight
سایر,در حد نو,۲ عدد,اصل,۲۵۶ گیگابایت,۸ گیگابایت,۷٬۸۰۰٬۰۰۰ تومان,
اپل iPhone 11 Pro Max,در حد نو,۲ عدد,اصل,۲۵۶ گیگابایت,۴ گیگابایت,۳۰٬۵۰۰٬۰۰۰ تومان,سبز Matte Midnight
هواوی Y9a,در حد نو,۲ عدد,اصل,۱۲۸ گیگابایت,۸ گیگابایت,۶٬۱۵۰٬۰۰۰ تومان,صورتی Sakura
اپل iPhone 13,نو,۲ عدد,اصل,۱۲۸ گیگابایت,۴ گیگابایت,۴۷٬۱۹۹٬۰۰۰ تومان,سفید starlight
سایر,نو,۳ و بیشتر,اصل,مطرح نیست,مطرح نیست,۱٬۷۵۰٬۰۰۰ تومان,
سایر,نو,۲ عدد,اصل,۳۲ گیگابایت,۲ گیگابایت,۵۹۰٬۰۰۰ تومان,
شیائومی Mi A3,در حد نو,۲ عدد,اصل,۶۴ گیگابایت,۴ گیگابایت,۳٬۶۰۰٬۰۰۰ تومان,آبی Not Just
اپل iPhone 12 Pro Max,در حد نو,۲ عدد,اصل,۲۵۶ گیگابایت,۶ گیگابایت,۴۴٬۰۰۰٬۰۰۰ تومان,graphite
اپل iPhone XS,کارکرده,۱ عدد,اصل,,۴ گیگابایت,۱۴٬۰۰۰٬۰۰۰ تومان,نقره‌ای
اپل iPhone 12 Pro,در حد نو,۲ عدد,اصل,۲۵۶ گیگابایت,۶ گیگابایت,۴۰٬۵۰۰٬۰۰۰ تومان,graphite
اپل iPhone 13,در حد نو,۲ عدد,اصل,۲۵۶ گیگابایت,۴ گیگابایت,۳۹٬۲۰۰٬۰۰۰ تومان,آبیmidnight
سامسونگ Galaxy S20+ 5G,در حد نو,۲ عدد,اصل,۱۲۸ گیگابایت,۱۲ گیگابایت,۱۳٬۸۰۰٬۰۰۰ تومان,مشکی Cosmic
سایر,نو,۲ عدد,غیر اصل,,,۱۰٬۰۰۰٬۰۰۰ تومان,
هواوی Y6II Compact,در حد نو,۲ عدد,اصل,۱۶ گیگابایت,۲ گیگابایت,۱٬۷۰۰٬۰۰۰ تومان,طلایی
اپل iPhone 13,نو,۲ عدد,اصل,۱۲۸ گیگابایت,۴ گیگابایت,۴۶٬۴۹۹٬۰۰۰ تومان,آبیmidnight
اپل iPhone 12 Pro,در حد نو,۱ عدد,اصل,۲۵۶ گیگابایت,۶ گیگابایت,۲۹٬۸۰۰٬۰۰۰ تومان,graphite
اپل iPhone 13 Pro Max,نو,۲ عدد,اصل,۲۵۶ گیگابایت,۶ گیگابایت,۵۳٬۵۰۰٬۰۰۰ تومان,آبی Sierra
اپل iPhone 13,نو,۲ عدد,اصل,۱۲۸ گیگابایت,۴ گیگابایت,۳۷٬۵۰۰٬۰۰۰ تومان,مشکی
اپل iPhone 13 Pro,نو,۲ عدد,اصل,۲۵۶ گیگابایت,۶ گیگابایت,۴۶٬۵۰۰٬۰۰۰ تومان,نقره‌ای
اپل iPhone 11,در حد نو,۲ عدد,اصل,۱۲۸ گیگابایت,۴ گیگابایت,۲۳٬۵۰۰٬۰۰۰ تومان,مشکی
اپل iPhone 12 Pro,در حد نو,۱ عدد,اصل,۲۵۶ گیگابایت,۶ گیگابایت,۳۴٬۰۰۰٬۰۰۰ تومان,طلایی
اپل iPhone 12 Pro Max,در حد نو,۲ عدد,اصل,۲۵۶ گیگابایت,۶ گیگابایت,۵۰٬۵۰۰٬۰۰۰ تومان,طلایی
سامسونگ,نو,۲ عدد,اصل,۱۲۸ گیگابایت,۴ گیگابایت,۸٬۱۵۰٬۰۰۰ تومان,
اپل iPhone 11,کارکرده,۱ عدد,اصل,۱۲۸ گیگابایت,۴ گیگابایت,۱۸٬۰۰۰٬۰۰۰ تومان,بنفش
شیائومی 11T Pro,در حد نو,۲ عدد,اصل,۲۵۶ گیگابایت,۸ گیگابایت,۱۲٬۵۰۰٬۰۰۰ تومان,خاکستری Meteorite
اپل iPhone XS,در حد نو,۱ عدد,اصل,۶۴ گیگابایت,۴ گیگابایت,۱۲٬۵۰۰٬۰۰۰ تومان,طلایی
سایر,نو,۲ عدد,اصل,۵۱۲ گیگابایت,۱۲ گیگابایت,۲۲٬۰۰۰٬۰۰۰ تومان,
سامسونگ,نو,۲ عدد,اصل,مطرح نیست,مطرح نیست,۷۹۹٬۰۰۰ تومان,
اپل iPhone 13 Pro Max,در حد نو,۱ عدد,اصل,۵۱۲ گیگابایت,۶ گیگابایت,۷۴٬۰۰۰٬۰۰۰ تومان,graphite
شیائومی,نو,۲ عدد,اصل,۵۱۲ گیگابایت,۱۲ گیگابایت,۱۵٬۱۰۰٬۰۰۰ تومان,
اپل iPhone 11 Pro Max,کارکرده,۲ عدد,اصل,۲۵۶ گیگابایت,۴ گیگابایت,۲۸٬۰۰۰٬۰۰۰ تومان,نقره‌ای Matte
اپل iPhone 13 Pro,نو,۲ عدد,غیر اصل,,۶ گیگابایت,۸٬۵۰۰٬۰۰۰ تومان,
اپل iPhone 11 Pro,در حد نو,۱ عدد,اصل,۲۵۶ گیگابایت,۴ گیگابایت,۲۴٬۶۰۰٬۰۰۰ تومان,سبز Matte Midnight
اپل iPhone 13,نو,۲ عدد,اصل,۱۲۸ گیگابایت,۴ گیگابایت,۳۸٬۸۰۰٬۰۰۰ تومان,آبی
سایر,نو,۲ عدد,اصل,۶۴ گیگابایت,۳ گیگابایت,۴٬۳۰۰٬۰۰۰ تومان,
اپل iPhone 13 Pro,در حد نو,۲ عدد,اصل,۲۵۶ گیگابایت,۶ گیگابایت,۶۵٬۹۰۰٬۰۰۰ تومان,آبی Sierra
اپل iPhone 13,کارکرده,۱ عدد,اصل,۲۵۶ گیگابایت,۴ گیگابایت,۲۹٬۹۰۰٬۰۰۰ تومان,آبی
اپل,نو,۲ عدد,اصل,۲۵۶ گیگابایت,۱۲ گیگابایت,۳۵٬۵۰۰٬۰۰۰ تومان,
سایر,در حد نو,۲ عدد,اصل,۶۴ گیگابایت,۴ گیگابایت,۴٬۷۰۰٬۰۰۰ تومان,
اپل iPhone 11 Pro Max,کارکرده,۱ عدد,اصل,۲۵۶ گیگابایت,۴ گیگابایت,۲۳٬۵۰۰٬۰۰۰ تومان,خاکستری Matte Space
اپل iPhone 13 Pro Max,نو,۲ عدد,اصل,۲۵۶ گیگابایت,۶ گیگابایت,۷۴٬۰۰۰٬۰۰۰ تومان,آبی Sierra
اپل iPhone 12 Pro Max,در حد نو,۲ عدد,اصل,۲۵۶ گیگابایت,۶ گیگابایت,۴۴٬۸۰۰٬۰۰۰ تومان,آبی Pacific
سایر,نو,۲ عدد,غیر اصل,,۶ گیگابایت,۸٬۵۰۰٬۰۰۰ تومان,
اپل iPhone 12,کارکرده,۱ عدد,اصل,۶۴ گیگابایت,۴ گیگابایت,۲۶٬۸۰۰٬۰۰۰ تومان,قرمز
اپل iPhone 12 Pro Max,کارکرده,۲ عدد,اصل,۲۵۶ گیگابایت,۶ گیگابایت,۵۲٬۰۰۰٬۰۰۰ تومان,آبی Pacific
اپل iPhone 13,در حد نو,۲ عدد,اصل,۱۲۸ گیگابایت,۴ گیگابایت,۳۷٬۰۰۰٬۰۰۰ تومان,مشکی
اپل iPhone 13 Pro Max,کارکرده,۲ عدد,اصل,۲۵۶ گیگابایت,۶ گیگابایت,۸۶٬۰۰۰٬۰۰۰ تومان,طلایی
اپل iPhone 13 Pro Max,نو,۲ عدد,اصل,۵۱۲ گیگابایت,۶ گیگابایت,۵٬۹۹۰٬۰۰۰ تومان,graphite
سامسونگ,نو,۲ عدد,اصل,۲۵۶ گیگابایت,۸ گیگابایت,۲۰٬۰۰۰٬۰۰۰ تومان,
اپل iPhone 11,در حد نو,۲ عدد,اصل,۱۲۸ گیگابایت,۴ گیگابایت,۲۴٬۰۰۰٬۰۰۰ تومان,مشکی
شیائومی 11T Pro,در حد نو,۲ عدد,اصل,۲۵۶ گیگابایت,۱۲ گیگابایت,۲۲٬۵۰۰٬۰۰۰ تومان,آبی Celestial
سایر,نو,۲ عدد,اصل,۵۱۲ مگابایت,۱۲ گیگابایت,۱۶٬۹۰۰٬۰۰۰ تومان,
سایر,نو,۲ عدد,اصل,۲۵۶ گیگابایت,۸ گیگابایت,۲۰٬۲۰۰٬۰۰۰ تومان,
اپل iPhone 11,کارکرده,۱ عدد,اصل,۱۲۸ گیگابایت,۴ گیگابایت,۱۹٬۹۰۰٬۰۰۰ تومان,مشکی
سایر,نو,۲ عدد,اصل,۲۵۶ گیگابایت,۸ گیگابایت,۲۲٬۰۰۰٬۰۰۰ تومان,
اپل iPhone 13,در حد نو,۲ عدد,اصل,۱۲۸ گیگابایت,۴ گیگابایت,۳۶٬۵۰۰٬۰۰۰ تومان,مشکی
اپل iPhone 13 Pro Max,در حد نو,۲ عدد,اصل,۲۵۶ گیگابایت,۶ گیگابایت,۸۹٬۰۰۰٬۰۰۰ تومان,graphite
سامسونگ,نو,۲ عدد,اصل,۱۲۸ گیگابایت,۶ گیگابایت,۱۰٬۰۰۰٬۰۰۰ تومان,
اپل iPhone 13,در حد نو,۲ عدد,اصل,۱۲۸ گیگابایت,۴ گیگابایت,۳۸٬۸۰۰٬۰۰۰ تومان,سفید starlight
اپل iPhone 11 Pro,در حد نو,۱ عدد,اصل,۲۵۶ گیگابایت,۴ گیگابایت,۲۴٬۰۰۰٬۰۰۰ تومان,خاکستری Matte Space
اپل iPhone 13,نو,۲ عدد,اصل,۱۲۸ گیگابایت,۴ گیگابایت,۴۰٬۹۹۰٬۰۰۰ تومان,مشکی
اپل iPhone 13 Pro Max,نو,۱ عدد,اصل,۱۲۸ گیگابایت,۶ گیگابایت,۶۹٬۹۰۰٬۰۰۰ تومان,آبی Sierra
اپل iPhone 12 Pro,نو,۱ عدد,اصل,۲۵۶ گیگابایت,۶ گیگابایت,۳۳٬۹۰۰٬۰۰۰ تومان,آبی Pacific
اپل,در حد نو,۲ عدد,اصل,مطرح نیست,,۲٬۹۰۰٬۰۰۰ تومان,
اپل iPhone 12 Pro Max,کارکرده,۱ عدد,اصل,۲۵۶ گیگابایت,۶ گیگابایت,۴۱٬۰۰۰٬۰۰۰ تومان,graphite
اپل iPhone 13,نو,۲ عدد,اصل,۱۲۸ گیگابایت,۴ گیگابایت,۴۲٬۶۵۰٬۰۰۰ تومان,سفید starlight
اپل iPhone 13 Pro Max,در حد نو,۲ عدد,اصل,,۶ گیگابایت,۷۵٬۰۰۰٬۰۰۰ تومان,نقره‌ای
اپل iPhone 13 mini,در حد نو,۱ عدد,اصل,,۴ گیگابایت,۳۳٬۰۰۰٬۰۰۰ تومان,آبیmidnight
شیائومی,در حد نو,۲ عدد,اصل,۳۲ گیگابایت,۲ گیگابایت,۲٬۸۰۰٬۰۰۰ تومان,
سایر,نو,۲ عدد,اصل,۲۵۶ گیگابایت,۸ گیگابایت,۸٬۵۳۰٬۰۰۰ تومان,
هواوی nova 5T,در حد نو,۲ عدد,اصل,۱۲۸ گیگابایت,۸ گیگابایت,۵٬۹۵۰٬۰۰۰ تومان,آبی Crush
اپل,در حد نو,۱ عدد,اصل,مطرح نیست,مطرح نیست,۵٬۰۰۰٬۰۰۰ تومان,
شیائومی Mi 11,در حد نو,۲ عدد,اصل,۱۲۸ گیگابایت,,۴٬۵۰۰٬۰۰۰ تومان,
اپل iPhone 13,در حد نو,۲ عدد,اصل,۲۵۶ گیگابایت,۴ گیگابایت,۴۴٬۵۰۰٬۰۰۰ تومان,مشکی
اپل iPhone 13 Pro,در حد نو,۲ عدد,اصل,۲۵۶ گیگابایت,۶ گیگابایت,۶۸٬۰۰۰٬۰۰۰ تومان,graphite
اپل iPhone 12 Pro Max,در حد نو,۲ عدد,اصل,۲۵۶ گیگابایت,۶ گیگابایت,۴۷٬۵۰۰٬۰۰۰ تومان,آبی Pacific
اپل iPhone 8,در حد نو,۱ عدد,اصل,۶۴ گیگابایت,۲ گیگابایت,۶٬۱۰۰٬۰۰۰ تومان,طلایی
شیائومی Mi 11 Lite,در حد نو,۲ عدد,اصل,۱۲۸ گیگابایت,۸ گیگابایت,۵٬۷۰۰٬۰۰۰ تومان,صورتی Peach
اپل iPhone XS,کارکرده,۱ عدد,اصل,۶۴ گیگابایت,۴ گیگابایت,۱۳٬۸۵۰٬۰۰۰ تومان,خاکستری Space
اپل iPhone 13,نو,۲ عدد,اصل,۱۲۸ گیگابایت,۴ گیگابایت,۴۱٬۹۰۰٬۰۰۰ تومان,مشکی
سامسونگ Galaxy A12,کارکرده,۲ عدد,اصل,۶۴ گیگابایت,۴ گیگابایت,۵٬۳۵۰٬۰۰۰ تومان,مشکی
اپل iPhone 13,در حد نو,۲ عدد,اصل,۱۲۸ گیگابایت,۴ گیگابایت,۳۹٬۰۰۰٬۰۰۰ تومان,مشکی
اپل iPhone 13,در حد نو,۲ عدد,اصل,۱۲۸ گیگابایت,۴ گیگابایت,۳۸٬۰۰۰٬۰۰۰ تومان,آبی
آنر 6X,در حد نو,۲ عدد,اصل,۳۲ گیگابایت,۳ گیگابایت,۲٬۵۰۰٬۰۰۰ تومان,خاکستری
شیائومی Redmi Note 8,در حد نو,۲ عدد,اصل,۶۴ گیگابایت,۴ گیگابایت,۳٬۹۰۰٬۰۰۰ تومان,مشکی Space
شیائومی,در حد نو,۲ عدد,اصل,۲۵۶ گیگابایت,۸ گیگابایت,۸٬۳۰۰٬۰۰۰ تومان,
اپل iPhone 12 Pro Max,در حد نو,۲ عدد,اصل,۲۵۶ گیگابایت,۶ گیگابایت,۵۰٬۵۰۰٬۰۰۰ تومان,آبی Pacific
اپل iPhone 13 Pro Max,در حد نو,۲ عدد,اصل,۲۵۶ گیگابایت,۶ گیگابایت,۷۲٬۹۹۰٬۰۰۰ تومان,نقره‌ای
اپل iPhone 12 Pro Max,کارکرده,۱ عدد,اصل,۲۵۶ گیگابایت,۶ گیگابایت,۳۹٬۵۰۰٬۰۰۰ تومان,graphite
اپل iPhone 13 Pro,در حد نو,۲ عدد,اصل,۲۵۶ گیگابایت,۶ گیگابایت,۶۶٬۰۰۰٬۰۰۰ تومان,آبی Sierra
اپل iPhone XS,در حد نو,۱ عدد,اصل,۲۵۶ گیگابایت,۴ گیگابایت,۱۶٬۹۵۰٬۰۰۰ تومان,خاکستری Space
اپل iPhone 13 Pro Max,کارکرده,۲ عدد,اصل,۲۵۶ گیگابایت,۶ گیگابایت,۷۲٬۰۰۰٬۰۰۰ تومان,آبی Sierra
اپل iPhone XS,در حد نو,۱ عدد,اصل,۲۵۶ گیگابایت,۴ گیگابایت,۱۶٬۰۰۰٬۰۰۰ تومان,طلایی
هواوی Y5 (2019),در حد نو,۱ عدد,اصل,۳۲ گیگابایت,۲ گیگابایت,۲٬۰۰۰٬۰۰۰ تومان,مشکی Modern
اپل iPhone 12 Pro,در حد نو,۲ عدد,اصل,۵۱۲ گیگابایت,۶ گیگابایت,۳۱٬۵۰۰٬۰۰۰ تومان,آبی Pacific
اپل iPhone 8 Plus,کارکرده,۱ عدد,اصل,۶۴ گیگابایت,۳ گیگابایت,۷٬۲۰۰٬۰۰۰ تومان,طلایی
اپل iPhone X,در حد نو,۱ عدد,اصل,۲۵۶ گیگابایت,۳ گیگابایت,۱۳٬۴۹۹٬۰۰۰ تومان,خاکستری Space
اپل iPhone 12 Pro,در حد نو,۲ عدد,اصل,۲۵۶ گیگابایت,۶ گیگابایت,۳۷٬۸۰۰٬۰۰۰ تومان,نقره‌ای
هواوی Y7 (2019),کارکرده,۲ عدد,اصل,۳۲ گیگابایت,۳ گیگابایت,۲٬۹۰۰٬۰۰۰ تومان,آبی Aurora
شیائومی,در حد نو,۲ عدد,اصل,۲۵۶ گیگابایت,۸ گیگابایت,۱۱٬۴۰۰٬۰۰۰ تومان,
اپل iPhone 11 Pro,در حد نو,۱ عدد,اصل,۲۵۶ گیگابایت,۴ گیگابایت,۲۷٬۰۰۰٬۰۰۰ تومان,خاکستری Matte Space
اپل iPhone 12 Pro,در حد نو,۱ عدد,اصل,۱۲۸ گیگابایت,۶ گیگابایت,۲۸٬۵۰۰٬۰۰۰ تومان,graphite
شیائومی Redmi Note 9,در حد نو,۲ عدد,اصل,۱۲۸ گیگابایت,۴ گیگابایت,۴٬۲۰۰٬۰۰۰ تومان,خاکستری Midnight
اپل iPhone 13 Pro Max,نو,۲ عدد,اصل,۲۵۶ گیگابایت,۶ گیگابایت,۷۹٬۵۰۰٬۰۰۰ تومان,نقره‌ای
اپل iPhone 13,نو,۲ عدد,اصل,۱۲۸ گیگابایت,۴ گیگابایت,۴۱٬۰۰۰٬۰۰۰ تومان,سفید starlight
اپل iPhone XS,کارکرده,۱ عدد,اصل,۲۵۶ گیگابایت,۴ گیگابایت,۱۴٬۵۰۰٬۰۰۰ تومان,نقره‌ای
شیائومی,نو,۲ عدد,اصل,۵۱۲ گیگابایت,۱۲ گیگابایت,۲۵٬۰۰۰٬۰۰۰ تومان,
اپل iPhone 13,در حد نو,۲ عدد,اصل,۱۲۸ گیگابایت,۴ گیگابایت,۳۸٬۰۰۰٬۰۰۰ تومان,آبیmidnight
شیائومی,نو,۲ عدد,اصل,۵۱۲ گیگابایت,۱۲ گیگابایت,۱۱٬۶۰۰٬۰۰۰ تومان,
سایر,نو,۲ عدد,اصل,۱۲۸ گیگابایت,۴ گیگابایت,۵٬۹۰۰٬۰۰۰ تومان,
سامسونگ,نو,۲ عدد,اصل,۱۲۸ گیگابایت,۴ گیگابایت,۸٬۱۹۹٬۰۰۰ تومان,
اپل iPhone 11 Pro,در حد نو,۱ عدد,اصل,۲۵۶ گیگابایت,۴ گیگابایت,۲۵٬۹۵۰٬۰۰۰ تومان,خاکستری Matte Space
اپل iPhone 13,نو,۲ عدد,اصل,۱۲۸ گیگابایت,۴ گیگابایت,۴۰٬۸۰۰٬۰۰۰ تومان,مشکی
سایر,نو,۲ عدد,اصل,,,۹۸۰٬۰۰۰ تومان,
شیائومی Redmi 10,نو,۲ عدد,اصل,۶۴ گیگابایت,۴ گیگابایت,۴٬۹۳۰٬۰۰۰ تومان,خاکستری Carbon
اپل iPhone 13 Pro Max,نو,۲ عدد,اصل,۲۵۶ گیگابایت,۶ گیگابایت,۸۷٬۰۰۰٬۰۰۰ تومان,graphite
نوکیا,نو,۲ عدد,اصل,مطرح نیست,مطرح نیست,۵۰۰٬۰۰۰ تومان,
سایر,نو,۳ و بیشتر,اصل,مطرح نیست,مطرح نیست,۱۰٬۰۰۰٬۰۰۰ تومان,
آنر,نو,۲ عدد,اصل,۲۵۶ گیگابایت,۸ گیگابایت,۱۰٬۷۵۰٬۰۰۰ تومان,
سامسونگ,نو,۲ عدد,اصل,۲۵۶ گیگابایت,۸ گیگابایت,۲۷٬۸۵۰٬۰۰۰ تومان,
سامسونگ,در حد نو,۲ عدد,اصل,۱۲۸ گیگابایت,۴ گیگابایت,۶٬۲۵۰٬۰۰۰ تومان,
آنر,نو,۲ عدد,اصل,۱۲۸ گیگابایت,۴ گیگابایت,۵٬۲۲۰٬۰۰۰ تومان,
سایر,نو,۲ عدد,اصل,۲۵۶ گیگابایت,۸ گیگابایت,۸٬۸۸۰٬۰۰۰ تومان,
ریلمی,نو,۲ عدد,اصل,۱۲۸ گیگابایت,۴ گیگابایت,۶٬۳۵۰٬۰۰۰ تومان,
کت B35,نو,۲ عدد,اصل,۴ گیگابایت,۵۱۲ مگابایت,۷۷۰٬۰۰۰ تومان,مشکی
اپل iPhone 11 Pro,کارکرده,۲ عدد,اصل,۲۵۶ گیگابایت,۴ گیگابایت,۱۰۰٬۰۰۰٬۰۰۰ تومان,سبز Matte Midnight
سایر,نو,۲ عدد,اصل,۱۶ گیگابایت,۲ گیگابایت,۱٬۵۵۰٬۰۰۰ تومان,
اپل iPhone 13,در حد نو,۲ عدد,اصل,۱۲۸ گیگابایت,۴ گیگابایت,۳۶٬۵۰۰٬۰۰۰ تومان,آبی
سامسونگ Galaxy A5 (2017),در حد نو,۲ عدد,اصل,۳۲ گیگابایت,۳ گیگابایت,۲٬۵۰۰٬۰۰۰ تومان,طلایی Sand
اپل iPhone 13 Pro Max,در حد نو,۲ عدد,اصل,۲۵۶ گیگابایت,۶ گیگابایت,۹۰٬۰۰۰٬۰۰۰ تومان,graphite
اپل iPhone 13,نو,۲ عدد,اصل,۱۲۸ گیگابایت,۴ گیگابایت,۱۸٬۸۰۰٬۰۰۰ تومان,مشکی
سامسونگ,نو,۱ عدد,اصل,۶۴ گیگابایت,۴ گیگابایت,۷٬۷۰۰٬۰۰۰ تومان,
نوکیا 2720 Flip,نو,۲ عدد,اصل,۴ گیگابایت,۵۱۲ مگابایت,۱٬۳۵۰٬۰۰۰ تومان,قرمز
شیائومی,نو,۲ عدد,اصل,۲۵۶ گیگابایت,۸ گیگابایت,۸٬۵۵۰٬۰۰۰ تومان,
سایر,نو,۳ و بیشتر,اصل,۸ گیگابایت,۲ گیگابایت,۱٬۲۰۰٬۰۰۰ تومان,
سایر,نو,۳ و بیشتر,اصل,۸ گیگابایت,۱.۵ گیگابایت,۱٬۲۵۰٬۰۰۰ تومان,
سامسونگ,نو,۲ عدد,اصل,۱۲۸ گیگابایت,۶ گیگابایت,۶٬۸۹۹٬۰۰۰ تومان,
اپل iPhone 11 Pro,در حد نو,۱ عدد,اصل,۲۵۶ گیگابایت,۴ گیگابایت,۲۲٬۵۰۰٬۰۰۰ تومان,خاکستری Matte Space
سایر,نو,۲ عدد,اصل,۲۵۶ گیگابایت,۸ گیگابایت,۹٬۶۰۰٬۰۰۰ تومان,
سایر,در حد نو,۳ و بیشتر,اصل,۸ گیگابایت,۱ گیگابایت,۱٬۴۸۰٬۰۰۰ تومان,
سایر,نو,۲ عدد,اصل,۱۲۸ گیگابایت,۴ گیگابایت,۱۰٬۸۰۰٬۰۰۰ تومان,
سامسونگ,نو,۲ عدد,اصل,۶۴ گیگابایت,۴ گیگابایت,۵٬۹۵۰٬۰۰۰ تومان,
سایر,نو,۲ عدد,اصل,,,۷۵۰٬۰۰۰ تومان,
سایر,نو,۲ عدد,اصل,۲۵۶ گیگابایت,۸ گیگابایت,۱۵٬۸۰۰٬۰۰۰ تومان,
سایر,نو,۲ عدد,اصل,۱۲۸ گیگابایت,۶ گیگابایت,۶٬۹۰۰٬۰۰۰ تومان,
سایر,نو,۲ عدد,اصل,۵۱۲ گیگابایت,۱۲ گیگابایت,۱۸٬۸۰۰٬۰۰۰ تومان,مشکی Midnight
شیائومی,نو,۲ عدد,اصل,۵۱۲ گیگابایت,۱۲ گیگابایت,۱۹٬۳۹۹٬۰۰۰ تومان,
شیائومی,نو,۲ عدد,اصل,۲۵۶ گیگابایت,۸ گیگابایت,۹٬۱۹۰٬۰۰۰ تومان,
سایر,در حد نو,۲ عدد,اصل,مطرح نیست,مطرح نیست,۷۶۰٬۰۰۰ تومان,طلایی
سایر,نو,۳ و بیشتر,اصل,۸ گیگابایت,۲ گیگابایت,۱٬۳۵۰٬۰۰۰ تومان,
سایر,نو,۲ عدد,اصل,۵۱۲ گیگابایت,۱۲ گیگابایت,۱۸٬۸۰۰٬۰۰۰ تومان,مشکی Midnight
شیائومی,نو,۲ عدد,اصل,۵۱۲ گیگابایت,۱۲ گیگابایت,۱۹٬۳۹۹٬۰۰۰ تومان,
شیائومی,نو,۲ عدد,اصل,۲۵۶ گیگابایت,۸ گیگابایت,۹٬۱۹۰٬۰۰۰ تومان,
سایر,در حد نو,۲ عدد,اصل,مطرح نیست,مطرح نیست,۷۶۰٬۰۰۰ تومان,طلایی
سایر,نو,۳ و بیشتر,اصل,۸ گیگابایت,۲ گیگابایت,۱٬۳۵۰٬۰۰۰ تومان,
سایر,نو,۳ و بیشتر,اصل,۸ گیگابایت,۲ گیگابایت,۱٬۳۵۰٬۰۰۰ تومان,
سامسونگ,در حد نو,۲ عدد,اصل,۶۴ گیگابایت,۴ گیگابایت,۹٬۶۳۹٬۶۳۹ تومان,
اپل,نو,۲ عدد,اصل,۲۵۶ گیگابایت,۸ گیگابایت,۲۴٬۸۰۰٬۰۰۰ تومان,
سایر,نو,۲ عدد,اصل,۲۵۶ گیگابایت,۸ گیگابایت,۷٬۴۸۰٬۰۰۰ تومان,
سایر,نو,۲ عدد,اصل,۵۱۲ گیگابایت,۱۲ گیگابایت,۱۸٬۸۰۰٬۰۰۰ تومان,مشکی Midnight
شیائومی,نو,۲ عدد,اصل,۵۱۲ گیگابایت,۱۲ گیگابایت,۱۹٬۳۹۹٬۰۰۰ تومان,
شیائومی,نو,۲ عدد,اصل,۲۵۶ گیگابایت,۸ گیگابایت,۹٬۱۹۰٬۰۰۰ تومان,
سایر,در حد نو,۲ عدد,اصل,مطرح نیست,مطرح نیست,۷۶۰٬۰۰۰ تومان,طلایی
سایر,نو,۳ و بیشتر,اصل,۸ گیگابایت,۲ گیگابایت,۱٬۳۵۰٬۰۰۰ تومان,
سایر,نو,۳ و بیشتر,اصل,۸ گیگابایت,۲ گیگابایت,۱٬۳۵۰٬۰۰۰ تومان,
سامسونگ,در حد نو,۲ عدد,اصل,۶۴ گیگابایت,۴ گیگابایت,۹٬۶۳۹٬۶۳۹ تومان,